ImageId,ClassId,HasDefect,Confidence
0000f269f.jpg,1,0,0.09194357
0000f269f.jpg,2,0,0.010835014
0000f269f.jpg,3,1,0.8329889
0000f269f.jpg,4,0,0.023301618
000ccc2ac.jpg,1,0,0.3617263
000ccc2ac.jpg,2,0,0.14548822
000ccc2ac.jpg,3,1,0.6621993
000ccc2ac.jpg,4,0,0.0067626894
002451917.jpg,1,0,0.023656746
002451917.jpg,2,0,0.0044312393
002451917.jpg,3,1,0.9098181
002451917.jpg,4,0,0.023748592
003c5da97.jpg,1,0,0.019362057
003c5da97.jpg,2,0,0.004037126
003c5da97.jpg,3,1,0.8664108
003c5da97.jpg,4,0,0.09216473
0042e163f.jpg,1,0,0.04890736
0042e163f.jpg,2,0,0.012372691
0042e163f.jpg,3,1,0.88880897
0042e163f.jpg,4,0,0.009910391
004f40c73.jpg,1,0,0.36154878
004f40c73.jpg,2,0,0.12376183
004f40c73.jpg,3,0,0.5461889
004f40c73.jpg,4,0,0.03967278
00513039a.jpg,1,0,0.014201782
00513039a.jpg,2,0,0.0014721536
00513039a.jpg,3,1,0.93122745
00513039a.jpg,4,0,0.018156465
006f39c41.jpg,1,0,0.39471087
006f39c41.jpg,2,0,0.25442395
006f39c41.jpg,3,0,0.31326127
006f39c41.jpg,4,0,0.014726435
008725cbc.jpg,1,0,0.034550276
008725cbc.jpg,2,0,0.01095203
008725cbc.jpg,3,1,0.8894786
008725cbc.jpg,4,0,0.02321633
0098ca44e.jpg,1,0,0.05586752
0098ca44e.jpg,2,0,0.0378475
0098ca44e.jpg,3,1,0.8898992
0098ca44e.jpg,4,0,0.0015576162
00a0b7730.jpg,1,0,0.25716767
00a0b7730.jpg,2,0,0.008025999
00a0b7730.jpg,3,1,0.82015115
00a0b7730.jpg,4,0,0.011357841
00a0f9949.jpg,1,0,0.0209688
00a0f9949.jpg,2,0,0.006897167
00a0f9949.jpg,3,0,0.5787835
00a0f9949.jpg,4,1,0.65203905
00b000b81.jpg,1,0,0.118517436
00b000b81.jpg,2,0,0.054791674
00b000b81.jpg,3,1,0.84012145
00b000b81.jpg,4,0,0.002178362
00b7fb703.jpg,1,0,0.26143953
00b7fb703.jpg,2,0,0.054651726
00b7fb703.jpg,3,1,0.652075
00b7fb703.jpg,4,0,0.0038041107
00bbcd9af.jpg,1,0,0.06270667
00bbcd9af.jpg,2,0,0.0034761976
00bbcd9af.jpg,3,1,0.74262697
00bbcd9af.jpg,4,0,0.3604497
00d72c660.jpg,1,0,0.026952667
00d72c660.jpg,2,0,0.002632512
00d72c660.jpg,3,1,0.9256154
00d72c660.jpg,4,0,0.009417929
00df5b714.jpg,1,0,0.30753627
00df5b714.jpg,2,0,0.02022332
00df5b714.jpg,3,1,0.6667327
00df5b714.jpg,4,0,0.014796093
00f3799a7.jpg,1,0,0.015847303
00f3799a7.jpg,2,0,0.0035406288
00f3799a7.jpg,3,1,0.86510855
00f3799a7.jpg,4,0,0.04809353
0108ce457.jpg,1,0,0.28161952
0108ce457.jpg,2,0,0.015257346
0108ce457.jpg,3,0,0.5134136
0108ce457.jpg,4,0,0.025496222
0109b68ec.jpg,1,0,0.026646907
0109b68ec.jpg,2,0,0.004485998
0109b68ec.jpg,3,0,0.3636166
0109b68ec.jpg,4,1,0.7923107
010ec96b4.jpg,1,0,0.01907221
010ec96b4.jpg,2,0,0.0017350517
010ec96b4.jpg,3,1,0.94950205
010ec96b4.jpg,4,0,0.006294681
011a7e2a9.jpg,1,1,0.7282674
011a7e2a9.jpg,2,0,0.012413684
011a7e2a9.jpg,3,0,0.4982263
011a7e2a9.jpg,4,0,0.034379534
0126f74ef.jpg,1,0,0.35099092
0126f74ef.jpg,2,0,0.5374566
0126f74ef.jpg,3,0,0.34751973
0126f74ef.jpg,4,0,0.0051946905
012754bbb.jpg,1,0,0.100663684
012754bbb.jpg,2,0,0.008284951
012754bbb.jpg,3,0,0.38545218
012754bbb.jpg,4,1,0.6843958
01588ee42.jpg,1,0,0.23007631
01588ee42.jpg,2,0,0.15007122
01588ee42.jpg,3,1,0.64238596
01588ee42.jpg,4,0,0.008964671
015be539e.jpg,1,0,0.16089657
015be539e.jpg,2,0,0.008661381
015be539e.jpg,3,0,0.52376145
015be539e.jpg,4,0,0.050928514
017796c88.jpg,1,0,0.038239483
017796c88.jpg,2,0,0.005970208
017796c88.jpg,3,0,0.37533006
017796c88.jpg,4,1,0.7494227
017bd7ce3.jpg,1,0,0.10851094
017bd7ce3.jpg,2,0,0.041108176
017bd7ce3.jpg,3,0,0.32721105
017bd7ce3.jpg,4,0,0.33030167
018d7b0a1.jpg,1,1,0.74373347
018d7b0a1.jpg,2,0,0.012954474
018d7b0a1.jpg,3,0,0.20214593
018d7b0a1.jpg,4,0,0.010321873
019258298.jpg,1,0,0.028613618
019258298.jpg,2,0,0.0103917075
019258298.jpg,3,1,0.895345
019258298.jpg,4,0,0.027420774
0197bb47e.jpg,1,0,0.29862472
0197bb47e.jpg,2,0,0.011675496
0197bb47e.jpg,3,1,0.63642126
0197bb47e.jpg,4,0,0.034192797
01b17e176.jpg,1,0,0.5769149
01b17e176.jpg,2,0,0.01214324
01b17e176.jpg,3,0,0.31495062
01b17e176.jpg,4,0,0.012906204
01b2163b7.jpg,1,0,0.32287407
01b2163b7.jpg,2,0,0.058470294
01b2163b7.jpg,3,1,0.60846645
01b2163b7.jpg,4,0,0.019129032
01b47d973.jpg,1,0,0.016748266
01b47d973.jpg,2,0,0.0056224354
01b47d973.jpg,3,1,0.72576857
01b47d973.jpg,4,0,0.3782369
01b50837f.jpg,1,0,0.014917376
01b50837f.jpg,2,0,0.0022814674
01b50837f.jpg,3,0,0.32834348
01b50837f.jpg,4,1,0.70973086
01cc31534.jpg,1,0,0.039644454
01cc31534.jpg,2,0,0.01236289
01cc31534.jpg,3,0,0.33137995
01cc31534.jpg,4,1,0.84733963
01d3e8fcb.jpg,1,0,0.042196054
01d3e8fcb.jpg,2,0,0.016464936
01d3e8fcb.jpg,3,1,0.8803788
01d3e8fcb.jpg,4,0,0.0064923353
01d49cd47.jpg,1,0,0.05105481
01d49cd47.jpg,2,0,0.034226973
01d49cd47.jpg,3,1,0.87565786
01d49cd47.jpg,4,0,0.0029918195
01db22c17.jpg,1,1,0.61536723
01db22c17.jpg,2,0,0.016675027
01db22c17.jpg,3,0,0.40638575
01db22c17.jpg,4,0,0.019735433
01e640f20.jpg,1,0,0.35736406
01e640f20.jpg,2,0,0.0124605
01e640f20.jpg,3,1,0.6345362
01e640f20.jpg,4,0,0.010351899
020ffb2d3.jpg,1,0,0.04268941
020ffb2d3.jpg,2,0,0.013572526
020ffb2d3.jpg,3,0,0.49682656
020ffb2d3.jpg,4,0,0.4465897
021656fe0.jpg,1,0,0.029523045
021656fe0.jpg,2,0,0.0036641594
021656fe0.jpg,3,1,0.92662436
021656fe0.jpg,4,0,0.0108178
02217a5cc.jpg,1,0,0.021419108
02217a5cc.jpg,2,0,0.0035544464
02217a5cc.jpg,3,1,0.88666755
02217a5cc.jpg,4,0,0.05945474
0224561d0.jpg,1,0,0.082277186
0224561d0.jpg,2,0,0.011933354
0224561d0.jpg,3,1,0.8750301
0224561d0.jpg,4,0,0.00667334
0241cf678.jpg,1,0,0.26653007
0241cf678.jpg,2,0,0.37961152
0241cf678.jpg,3,0,0.32009634
0241cf678.jpg,4,0,0.013217538
0246ad619.jpg,1,1,0.764133
0246ad619.jpg,2,0,0.017457442
0246ad619.jpg,3,0,0.1840357
0246ad619.jpg,4,0,0.017309012
02538bec6.jpg,1,0,0.59951365
02538bec6.jpg,2,0,0.040684458
02538bec6.jpg,3,0,0.36581957
02538bec6.jpg,4,0,0.024737313
02662fd2f.jpg,1,0,0.031546727
02662fd2f.jpg,2,0,0.017284164
02662fd2f.jpg,3,0,0.40027547
02662fd2f.jpg,4,0,0.54889554
0280c72a9.jpg,1,0,0.15855712
0280c72a9.jpg,2,0,0.5304684
0280c72a9.jpg,3,0,0.37128663
0280c72a9.jpg,4,0,0.0031755336
028aca84a.jpg,1,0,0.037816133
028aca84a.jpg,2,0,0.027321437
028aca84a.jpg,3,1,0.864352
028aca84a.jpg,4,0,0.0021908076
029e85b9e.jpg,1,0,0.521216
029e85b9e.jpg,2,0,0.00467381
029e85b9e.jpg,3,0,0.48083505
029e85b9e.jpg,4,0,0.015026198
02a2397e9.jpg,1,0,0.19017184
02a2397e9.jpg,2,0,0.02978278
02a2397e9.jpg,3,1,0.84621596
02a2397e9.jpg,4,0,0.0037945826
02a5c3ba0.jpg,1,1,0.66026074
02a5c3ba0.jpg,2,0,0.0038759734
02a5c3ba0.jpg,3,0,0.44557205
02a5c3ba0.jpg,4,0,0.006742912
02aeac4e1.jpg,1,0,0.3103715
02aeac4e1.jpg,2,0,0.010129507
02aeac4e1.jpg,3,0,0.54555005
02aeac4e1.jpg,4,0,0.011100345
02ba931ee.jpg,1,0,0.0299229
02ba931ee.jpg,2,0,0.005678565
02ba931ee.jpg,3,0,0.5804042
02ba931ee.jpg,4,0,0.58219784
02d5824f4.jpg,1,0,0.5854655
02d5824f4.jpg,2,0,0.2198609
02d5824f4.jpg,3,0,0.3731358
02d5824f4.jpg,4,0,0.0062163062
02d963811.jpg,1,0,0.09895689
02d963811.jpg,2,0,0.027607823
02d963811.jpg,3,1,0.87742573
02d963811.jpg,4,0,0.004930321
0308d04d4.jpg,1,1,0.6129095
0308d04d4.jpg,2,0,0.39567304
0308d04d4.jpg,3,0,0.27556908
0308d04d4.jpg,4,0,0.0040847487
030d3d1f1.jpg,1,0,0.04483797
030d3d1f1.jpg,2,0,0.029870732
030d3d1f1.jpg,3,1,0.8960027
030d3d1f1.jpg,4,0,0.0027249923
0312942d7.jpg,1,0,0.05076793
0312942d7.jpg,2,0,0.00355989
0312942d7.jpg,3,1,0.8277967
0312942d7.jpg,4,0,0.016734043
032def1ac.jpg,1,0,0.047985017
032def1ac.jpg,2,0,0.02846861
032def1ac.jpg,3,1,0.80138344
032def1ac.jpg,4,0,0.033958588
0331f9050.jpg,1,0,0.33157548
0331f9050.jpg,2,0,0.03912402
0331f9050.jpg,3,0,0.5940788
0331f9050.jpg,4,0,0.012750804
03320bbea.jpg,1,0,0.37196574
03320bbea.jpg,2,0,0.04144161
03320bbea.jpg,3,0,0.59279287
03320bbea.jpg,4,0,0.035571095
03542d83e.jpg,1,0,0.07979526
03542d83e.jpg,2,0,0.012879554
03542d83e.jpg,3,1,0.8416936
03542d83e.jpg,4,0,0.012806998
035edaac9.jpg,1,0,0.06433124
035edaac9.jpg,2,0,0.0298869
035edaac9.jpg,3,1,0.8549836
035edaac9.jpg,4,0,0.005651245
0365621ee.jpg,1,1,0.73941034
0365621ee.jpg,2,0,0.04183809
0365621ee.jpg,3,0,0.16252576
0365621ee.jpg,4,0,0.004437448
036ce687a.jpg,1,0,0.10349058
036ce687a.jpg,2,0,0.04287516
036ce687a.jpg,3,1,0.8644307
036ce687a.jpg,4,0,0.0033385018
036f40a1f.jpg,1,0,0.040456954
036f40a1f.jpg,2,0,0.0071056695
036f40a1f.jpg,3,1,0.8937275
036f40a1f.jpg,4,0,0.003282831
037037088.jpg,1,0,0.26933205
037037088.jpg,2,0,0.03811522
037037088.jpg,3,1,0.6667138
037037088.jpg,4,0,0.018850198
037e7564c.jpg,1,0,0.05849017
037e7564c.jpg,2,0,0.033491816
037e7564c.jpg,3,1,0.88388175
037e7564c.jpg,4,0,0.002191268
0384b28ff.jpg,1,0,0.015052572
0384b28ff.jpg,2,0,0.02337531
0384b28ff.jpg,3,1,0.9074924
0384b28ff.jpg,4,0,0.009195458
038682ebd.jpg,1,0,0.5551395
038682ebd.jpg,2,0,0.10304163
038682ebd.jpg,3,0,0.3040882
038682ebd.jpg,4,0,0.007493308
038f464cd.jpg,1,1,0.6946941
038f464cd.jpg,2,0,0.028633988
038f464cd.jpg,3,0,0.43907127
038f464cd.jpg,4,0,0.022402376
0394ff5b6.jpg,1,0,0.12570082
0394ff5b6.jpg,2,0,0.013079588
0394ff5b6.jpg,3,1,0.7855957
0394ff5b6.jpg,4,0,0.006801624
039a71736.jpg,1,0,0.13440883
039a71736.jpg,2,0,0.026030114
039a71736.jpg,3,1,0.79536104
039a71736.jpg,4,0,0.027282735
03a064329.jpg,1,0,0.062464077
03a064329.jpg,2,0,0.028816251
03a064329.jpg,3,1,0.88382417
03a064329.jpg,4,0,0.002787483
03bb32e93.jpg,1,0,0.3004773
03bb32e93.jpg,2,0,0.079014696
03bb32e93.jpg,3,1,0.6720322
03bb32e93.jpg,4,0,0.032181475
03be9b5e9.jpg,1,0,0.036809452
03be9b5e9.jpg,2,0,0.14264055
03be9b5e9.jpg,3,1,0.80507344
03be9b5e9.jpg,4,0,0.009088539
03dd1a693.jpg,1,0,0.024722403
03dd1a693.jpg,2,0,0.0036301585
03dd1a693.jpg,3,1,0.9257036
03dd1a693.jpg,4,0,0.0041532856
03ef260a6.jpg,1,1,0.7943768
03ef260a6.jpg,2,0,0.0066241636
03ef260a6.jpg,3,0,0.20466797
03ef260a6.jpg,4,0,0.0066791777
03f99a07c.jpg,1,0,0.089666255
03f99a07c.jpg,2,0,0.09574271
03f99a07c.jpg,3,1,0.6515491
03f99a07c.jpg,4,0,0.016569506
03fc8e099.jpg,1,0,0.25008687
03fc8e099.jpg,2,0,0.09371289
03fc8e099.jpg,3,0,0.4181535
03fc8e099.jpg,4,0,0.22034495
04013582c.jpg,1,0,0.25517085
04013582c.jpg,2,0,0.040014435
04013582c.jpg,3,1,0.6575052
04013582c.jpg,4,0,0.013160583
040f8e738.jpg,1,0,0.09220111
040f8e738.jpg,2,0,0.06755636
040f8e738.jpg,3,1,0.6935435
040f8e738.jpg,4,0,0.08993834
0412d61ae.jpg,1,0,0.24581979
0412d61ae.jpg,2,0,0.008484252
0412d61ae.jpg,3,1,0.7712123
0412d61ae.jpg,4,0,0.06108457
0423bb16d.jpg,1,0,0.05100371
0423bb16d.jpg,2,0,0.038136575
0423bb16d.jpg,3,1,0.87457067
0423bb16d.jpg,4,0,0.0020972786
0431e2e71.jpg,1,0,0.28457984
0431e2e71.jpg,2,0,0.41691265
0431e2e71.jpg,3,0,0.47656456
0431e2e71.jpg,4,0,0.0063044424
043644842.jpg,1,0,0.20177579
043644842.jpg,2,0,0.026657986
043644842.jpg,3,0,0.3236005
043644842.jpg,4,0,0.015470513
0448e9c13.jpg,1,0,0.05666023
0448e9c13.jpg,2,0,0.036668465
0448e9c13.jpg,3,1,0.87970406
0448e9c13.jpg,4,0,0.0027541341
0460c2d67.jpg,1,0,0.19363947
0460c2d67.jpg,2,0,0.03600344
0460c2d67.jpg,3,1,0.7576561
0460c2d67.jpg,4,0,0.00298409
04636749a.jpg,1,0,0.034614686
04636749a.jpg,2,0,0.009073834
04636749a.jpg,3,0,0.5936249
04636749a.jpg,4,0,0.5563423
046763b38.jpg,1,0,0.5400403
046763b38.jpg,2,0,0.46405074
046763b38.jpg,3,0,0.30970016
046763b38.jpg,4,0,0.0031724246
04709f4ef.jpg,1,0,0.032923255
04709f4ef.jpg,2,0,0.00423589
04709f4ef.jpg,3,1,0.9207256
04709f4ef.jpg,4,0,0.0029910717
04922a23f.jpg,1,0,0.51008695
04922a23f.jpg,2,0,0.14014108
04922a23f.jpg,3,0,0.27923846
04922a23f.jpg,4,0,0.019243622
04ac89bbc.jpg,1,1,0.7623131
04ac89bbc.jpg,2,0,0.024454286
04ac89bbc.jpg,3,0,0.24368672
04ac89bbc.jpg,4,0,0.012697971
04ad21162.jpg,1,0,0.06662851
04ad21162.jpg,2,0,0.029817564
04ad21162.jpg,3,1,0.8924641
04ad21162.jpg,4,0,0.0032799637
04add8f93.jpg,1,0,0.17102118
04add8f93.jpg,2,0,0.053977042
04add8f93.jpg,3,1,0.64851606
04add8f93.jpg,4,0,0.006237403
04b6312db.jpg,1,1,0.61918205
04b6312db.jpg,2,0,0.124732785
04b6312db.jpg,3,0,0.4345381
04b6312db.jpg,4,0,0.005536897
04bb7b026.jpg,1,0,0.052408025
04bb7b026.jpg,2,0,0.0055568404
04bb7b026.jpg,3,1,0.7965669
04bb7b026.jpg,4,0,0.009637726
04cc40fce.jpg,1,1,0.65899706
04cc40fce.jpg,2,0,0.08620495
04cc40fce.jpg,3,0,0.21941394
04cc40fce.jpg,4,0,0.014829553
04d3453a4.jpg,1,0,0.14267461
04d3453a4.jpg,2,0,0.009618502
04d3453a4.jpg,3,1,0.8721461
04d3453a4.jpg,4,0,0.008174044
04e73b12f.jpg,1,0,0.13973783
04e73b12f.jpg,2,0,0.0042247884
04e73b12f.jpg,3,1,0.8938708
04e73b12f.jpg,4,0,0.0066638947
04e78fd86.jpg,1,0,0.10042878
04e78fd86.jpg,2,0,0.042258922
04e78fd86.jpg,3,1,0.8642401
04e78fd86.jpg,4,0,0.0028884627
05118ab76.jpg,1,0,0.019119462
05118ab76.jpg,2,0,0.004206299
05118ab76.jpg,3,1,0.8550372
05118ab76.jpg,4,0,0.05983146
0514d0f42.jpg,1,1,0.6581463
0514d0f42.jpg,2,0,0.13159837
0514d0f42.jpg,3,0,0.25757313
0514d0f42.jpg,4,0,0.021070203
051b463b2.jpg,1,0,0.3339703
051b463b2.jpg,2,0,0.5532668
051b463b2.jpg,3,0,0.33021384
051b463b2.jpg,4,0,0.0044703432
052295ad4.jpg,1,0,0.045974746
052295ad4.jpg,2,0,0.026916882
052295ad4.jpg,3,1,0.88426894
052295ad4.jpg,4,0,0.0028619592
05288f642.jpg,1,0,0.011410075
05288f642.jpg,2,0,0.0026585301
05288f642.jpg,3,1,0.9570802
05288f642.jpg,4,0,0.005718445
052b0be38.jpg,1,0,0.34874535
052b0be38.jpg,2,0,0.53602546
052b0be38.jpg,3,0,0.311698
052b0be38.jpg,4,0,0.004033322
05476cc3d.jpg,1,0,0.060515042
05476cc3d.jpg,2,0,0.033144683
05476cc3d.jpg,3,1,0.8860071
05476cc3d.jpg,4,0,0.0021656395
054b03d9a.jpg,1,0,0.12762712
054b03d9a.jpg,2,0,0.061114382
054b03d9a.jpg,3,1,0.7802813
054b03d9a.jpg,4,0,0.0029550532
05554c6d9.jpg,1,0,0.030993933
05554c6d9.jpg,2,0,0.024179518
05554c6d9.jpg,3,1,0.87028354
05554c6d9.jpg,4,0,0.100546986
055ea67b0.jpg,1,0,0.028338423
055ea67b0.jpg,2,0,0.07174795
055ea67b0.jpg,3,1,0.7802122
055ea67b0.jpg,4,0,0.009506181
05646491c.jpg,1,0,0.33262372
05646491c.jpg,2,0,0.023739466
05646491c.jpg,3,0,0.43187466
05646491c.jpg,4,0,0.00889475
056c957b5.jpg,1,0,0.30089393
056c957b5.jpg,2,0,0.020632118
056c957b5.jpg,3,1,0.75803065
056c957b5.jpg,4,0,0.014256246
0575a94b5.jpg,1,0,0.45707044
0575a94b5.jpg,2,0,0.3881594
0575a94b5.jpg,3,0,0.39005125
0575a94b5.jpg,4,0,0.0050496976
057753630.jpg,1,0,0.031035239
057753630.jpg,2,0,0.00225611
057753630.jpg,3,1,0.8943986
057753630.jpg,4,0,0.22128989
05877f855.jpg,1,0,0.014871548
05877f855.jpg,2,0,0.00375278
05877f855.jpg,3,1,0.8863588
05877f855.jpg,4,0,0.02565424
058aa1478.jpg,1,0,0.18898113
058aa1478.jpg,2,0,0.011816524
058aa1478.jpg,3,1,0.79545337
058aa1478.jpg,4,0,0.014551978
05931810f.jpg,1,0,0.053306546
05931810f.jpg,2,0,0.0061350125
05931810f.jpg,3,1,0.91560555
05931810f.jpg,4,0,0.009225876
059750041.jpg,1,0,0.047087666
059750041.jpg,2,0,0.0061441385
059750041.jpg,3,1,0.93009084
059750041.jpg,4,0,0.0067512156
05ab2ef1b.jpg,1,0,0.071529664
05ab2ef1b.jpg,2,0,0.5862644
05ab2ef1b.jpg,3,0,0.4996265
05ab2ef1b.jpg,4,0,0.0043090046
05affe001.jpg,1,0,0.060787637
05affe001.jpg,2,0,0.0033126706
05affe001.jpg,3,1,0.67835706
05affe001.jpg,4,0,0.014893
05b277fe6.jpg,1,0,0.06303502
05b277fe6.jpg,2,0,0.0034631726
05b277fe6.jpg,3,1,0.87993306
05b277fe6.jpg,4,0,0.008732476
05c041cae.jpg,1,1,0.75942516
05c041cae.jpg,2,0,0.019657424
05c041cae.jpg,3,0,0.23316686
05c041cae.jpg,4,0,0.028379397
05cb27a3f.jpg,1,0,0.13038123
05cb27a3f.jpg,2,0,0.3302339
05cb27a3f.jpg,3,0,0.5821188
05cb27a3f.jpg,4,0,0.0022760807
05d93a09f.jpg,1,0,0.07123903
05d93a09f.jpg,2,0,0.0034178651
05d93a09f.jpg,3,1,0.765948
05d93a09f.jpg,4,0,0.023452466
05e054571.jpg,1,0,0.038811345
05e054571.jpg,2,0,0.0112778125
05e054571.jpg,3,0,0.35682416
05e054571.jpg,4,0,0.10015965
05e460c81.jpg,1,0,0.33662736
05e460c81.jpg,2,0,0.12519486
05e460c81.jpg,3,0,0.3708742
05e460c81.jpg,4,0,0.18849617
05f9ab059.jpg,1,0,0.5559051
05f9ab059.jpg,2,0,0.11785766
05f9ab059.jpg,3,0,0.2690522
05f9ab059.jpg,4,0,0.016032642
06010432e.jpg,1,0,0.061966773
06010432e.jpg,2,0,0.0055799
06010432e.jpg,3,0,0.38552856
06010432e.jpg,4,0,0.013664603
0622e38c0.jpg,1,0,0.09090787
0622e38c0.jpg,2,0,0.011398307
0622e38c0.jpg,3,1,0.85380554
0622e38c0.jpg,4,0,0.03394833
063578d05.jpg,1,0,0.070720054
063578d05.jpg,2,0,0.018780237
063578d05.jpg,3,1,0.8675911
063578d05.jpg,4,0,0.0033410036
063687351.jpg,1,1,0.656426
063687351.jpg,2,0,0.05487618
063687351.jpg,3,0,0.35795796
063687351.jpg,4,0,0.018111615
06408d355.jpg,1,0,0.06060506
06408d355.jpg,2,0,0.21069215
06408d355.jpg,3,0,0.43542674
06408d355.jpg,4,0,0.050755575
064151eee.jpg,1,0,0.034474842
064151eee.jpg,2,0,0.002309747
064151eee.jpg,3,1,0.7822549
064151eee.jpg,4,0,0.017670104
064abd7c5.jpg,1,0,0.06257686
064abd7c5.jpg,2,0,0.0063703037
064abd7c5.jpg,3,0,0.51201767
064abd7c5.jpg,4,0,0.05171803
065b9097b.jpg,1,0,0.091246516
065b9097b.jpg,2,0,0.04897271
065b9097b.jpg,3,1,0.7726701
065b9097b.jpg,4,0,0.06445414
06706aba1.jpg,1,1,0.6463433
06706aba1.jpg,2,0,0.01622242
06706aba1.jpg,3,0,0.4353794
06706aba1.jpg,4,0,0.06403835
06708f73c.jpg,1,0,0.06219546
06708f73c.jpg,2,0,0.05572671
06708f73c.jpg,3,1,0.86806506
06708f73c.jpg,4,0,0.0011691827
0676cc4a1.jpg,1,0,0.15240397
0676cc4a1.jpg,2,0,0.0104608135
0676cc4a1.jpg,3,1,0.7772083
0676cc4a1.jpg,4,0,0.0523729
068698697.jpg,1,0,0.3856598
068698697.jpg,2,0,0.037620116
068698697.jpg,3,0,0.5033281
068698697.jpg,4,0,0.039230928
0693ae6fd.jpg,1,0,0.37744465
0693ae6fd.jpg,2,0,0.008585841
0693ae6fd.jpg,3,0,0.46931008
0693ae6fd.jpg,4,0,0.0128245475
0698ffa7a.jpg,1,0,0.034978542
0698ffa7a.jpg,2,0,0.015456541
0698ffa7a.jpg,3,0,0.4300486
0698ffa7a.jpg,4,1,0.7473379
06b04779f.jpg,1,0,0.24330384
06b04779f.jpg,2,0,0.017658599
06b04779f.jpg,3,1,0.670434
06b04779f.jpg,4,0,0.037996907
06bc25530.jpg,1,0,0.13421397
06bc25530.jpg,2,0,0.23624529
06bc25530.jpg,3,1,0.6779085
06bc25530.jpg,4,0,0.00381117
06be52dfd.jpg,1,0,0.53249353
06be52dfd.jpg,2,0,0.005768439
06be52dfd.jpg,3,0,0.54872906
06be52dfd.jpg,4,0,0.01827257
06c2d79b1.jpg,1,0,0.35020554
06c2d79b1.jpg,2,0,0.057720203
06c2d79b1.jpg,3,0,0.5333955
06c2d79b1.jpg,4,0,0.012052202
06dc73f58.jpg,1,0,0.5076688
06dc73f58.jpg,2,0,0.25499105
06dc73f58.jpg,3,0,0.25075218
06dc73f58.jpg,4,0,0.025153158
06e803ff6.jpg,1,1,0.8028889
06e803ff6.jpg,2,0,0.014985666
06e803ff6.jpg,3,0,0.15929537
06e803ff6.jpg,4,0,0.019267412
06eb68728.jpg,1,0,0.04416524
06eb68728.jpg,2,0,0.010456507
06eb68728.jpg,3,1,0.8760926
06eb68728.jpg,4,0,0.016600661
06ebfef3d.jpg,1,0,0.055022094
06ebfef3d.jpg,2,0,0.0037300785
06ebfef3d.jpg,3,1,0.9045113
06ebfef3d.jpg,4,0,0.0032872641
06f06e101.jpg,1,0,0.42055202
06f06e101.jpg,2,0,0.020205026
06f06e101.jpg,3,0,0.5751819
06f06e101.jpg,4,0,0.01282956
07039bb91.jpg,1,0,0.40491024
07039bb91.jpg,2,0,0.54771584
07039bb91.jpg,3,0,0.31327438
07039bb91.jpg,4,0,0.0044339085
070a02a77.jpg,1,0,0.46386802
070a02a77.jpg,2,0,0.023932107
070a02a77.jpg,3,0,0.3491136
070a02a77.jpg,4,0,0.02311339
0711a3fd6.jpg,1,0,0.06514856
0711a3fd6.jpg,2,0,0.06309886
0711a3fd6.jpg,3,1,0.87422925
0711a3fd6.jpg,4,0,0.0023569104
071d4562e.jpg,1,0,0.029300334
071d4562e.jpg,2,0,0.0062909885
071d4562e.jpg,3,0,0.28241253
071d4562e.jpg,4,1,0.81811994
071d53c1e.jpg,1,0,0.45841038
071d53c1e.jpg,2,0,0.31134018
071d53c1e.jpg,3,0,0.40778264
071d53c1e.jpg,4,0,0.0054325736
072135c11.jpg,1,0,0.16646865
072135c11.jpg,2,0,0.033911467
072135c11.jpg,3,1,0.79146117
072135c11.jpg,4,0,0.007955532
072793b5b.jpg,1,0,0.042932242
072793b5b.jpg,2,0,0.111063085
072793b5b.jpg,3,1,0.8124082
072793b5b.jpg,4,0,0.013095868
0767184f2.jpg,1,0,0.041895747
0767184f2.jpg,2,0,0.022370445
0767184f2.jpg,3,1,0.87330383
0767184f2.jpg,4,0,0.0020547498
0773c1d35.jpg,1,0,0.032200657
0773c1d35.jpg,2,0,0.011486099
0773c1d35.jpg,3,1,0.781287
0773c1d35.jpg,4,0,0.16956633
078248a24.jpg,1,0,0.4473678
078248a24.jpg,2,0,0.3098282
078248a24.jpg,3,0,0.4754347
078248a24.jpg,4,0,0.008168787
0783111db.jpg,1,0,0.44931248
0783111db.jpg,2,0,0.07201142
0783111db.jpg,3,0,0.366259
0783111db.jpg,4,0,0.023382379
078662bf4.jpg,1,0,0.27243304
078662bf4.jpg,2,0,0.0076552317
078662bf4.jpg,3,1,0.81917953
078662bf4.jpg,4,0,0.0041932524
078b924cd.jpg,1,0,0.14410163
078b924cd.jpg,2,0,0.011668769
078b924cd.jpg,3,1,0.70886
078b924cd.jpg,4,0,0.006336115
078f4f53a.jpg,1,0,0.07987328
078f4f53a.jpg,2,0,0.0070718513
078f4f53a.jpg,3,1,0.64215
078f4f53a.jpg,4,0,0.012099326
0793dde4e.jpg,1,0,0.054172087
0793dde4e.jpg,2,0,0.029701814
0793dde4e.jpg,3,1,0.8741982
0793dde4e.jpg,4,0,0.0024807951
07988700a.jpg,1,0,0.14986645
07988700a.jpg,2,0,0.005710954
07988700a.jpg,3,1,0.79738814
07988700a.jpg,4,0,0.046498228
07ab05fc1.jpg,1,0,0.24550004
07ab05fc1.jpg,2,0,0.023154661
07ab05fc1.jpg,3,0,0.59827477
07ab05fc1.jpg,4,0,0.013062328
07abc49a1.jpg,1,1,0.7729454
07abc49a1.jpg,2,0,0.003925444
07abc49a1.jpg,3,0,0.19422276
07abc49a1.jpg,4,0,0.01017195
07d589794.jpg,1,0,0.02887691
07d589794.jpg,2,0,0.004716994
07d589794.jpg,3,1,0.77885896
07d589794.jpg,4,0,0.012114764
07ed824fe.jpg,1,0,0.22721408
07ed824fe.jpg,2,0,0.5124109
07ed824fe.jpg,3,0,0.46299997
07ed824fe.jpg,4,0,0.00398498
07ef4b270.jpg,1,0,0.21484004
07ef4b270.jpg,2,0,0.28157437
07ef4b270.jpg,3,0,0.57071704
07ef4b270.jpg,4,0,0.0035209276
07f57bf29.jpg,1,0,0.18526506
07f57bf29.jpg,2,0,0.22529949
07f57bf29.jpg,3,0,0.5865368
07f57bf29.jpg,4,0,0.0068666493
07fb457f6.jpg,1,0,0.012156154
07fb457f6.jpg,2,0,0.0016223105
07fb457f6.jpg,3,1,0.8270514
07fb457f6.jpg,4,0,0.2253231
07fbd21c0.jpg,1,0,0.38291118
07fbd21c0.jpg,2,0,0.59949976
07fbd21c0.jpg,3,0,0.3256714
07fbd21c0.jpg,4,0,0.0038445892
07fc13b34.jpg,1,0,0.009149502
07fc13b34.jpg,2,0,0.0017595394
07fc13b34.jpg,3,1,0.8334574
07fc13b34.jpg,4,0,0.44821358
080a44c75.jpg,1,0,0.43391716
080a44c75.jpg,2,0,0.4120268
080a44c75.jpg,3,0,0.40317285
080a44c75.jpg,4,0,0.0035348972
0824ce39d.jpg,1,0,0.17932545
0824ce39d.jpg,2,0,0.07891961
0824ce39d.jpg,3,0,0.35532138
0824ce39d.jpg,4,0,0.1753854
08316ae4c.jpg,1,0,0.37572348
08316ae4c.jpg,2,0,0.007711223
08316ae4c.jpg,3,1,0.77838486
08316ae4c.jpg,4,0,0.041386876
083543e99.jpg,1,1,0.6433665
083543e99.jpg,2,0,0.20042498
083543e99.jpg,3,0,0.26191804
083543e99.jpg,4,0,0.013209484
0843ceda2.jpg,1,0,0.3286499
0843ceda2.jpg,2,0,0.5173893
0843ceda2.jpg,3,0,0.45791292
0843ceda2.jpg,4,0,0.0043717357
084f5eb25.jpg,1,0,0.12253649
084f5eb25.jpg,2,0,0.015085478
084f5eb25.jpg,3,0,0.54617375
084f5eb25.jpg,4,0,0.49051574
0854a9de6.jpg,1,0,0.02124764
0854a9de6.jpg,2,0,0.0051960535
0854a9de6.jpg,3,1,0.87607837
0854a9de6.jpg,4,0,0.04216213
08580fb3f.jpg,1,0,0.015696092
08580fb3f.jpg,2,0,0.0022820104
08580fb3f.jpg,3,1,0.9147025
08580fb3f.jpg,4,0,0.027410546
0868a7540.jpg,1,0,0.01762353
0868a7540.jpg,2,0,0.0023765557
0868a7540.jpg,3,1,0.9306225
0868a7540.jpg,4,0,0.0084468955
08696122b.jpg,1,0,0.26590386
08696122b.jpg,2,0,0.27996573
08696122b.jpg,3,0,0.5686992
08696122b.jpg,4,0,0.0047319164
086a99079.jpg,1,0,0.1272106
086a99079.jpg,2,0,0.00631882
086a99079.jpg,3,0,0.5294769
086a99079.jpg,4,0,0.06185847
086b21b4a.jpg,1,1,0.78990585
086b21b4a.jpg,2,0,0.028673435
086b21b4a.jpg,3,0,0.19554333
086b21b4a.jpg,4,0,0.010313526
087dcd5e0.jpg,1,0,0.066335425
087dcd5e0.jpg,2,0,0.09572208
087dcd5e0.jpg,3,1,0.74290425
087dcd5e0.jpg,4,0,0.0044725356
08903b459.jpg,1,1,0.8103413
08903b459.jpg,2,0,0.0146656735
08903b459.jpg,3,0,0.14801407
08903b459.jpg,4,0,0.03382348
089f6b895.jpg,1,0,0.07393978
089f6b895.jpg,2,0,0.0037836041
089f6b895.jpg,3,1,0.81894547
089f6b895.jpg,4,0,0.016270531
08acc380f.jpg,1,0,0.032236814
08acc380f.jpg,2,0,0.0027051347
08acc380f.jpg,3,0,0.5134619
08acc380f.jpg,4,0,0.024805797
08bbebd35.jpg,1,1,0.7471173
08bbebd35.jpg,2,0,0.009146354
08bbebd35.jpg,3,0,0.23121274
08bbebd35.jpg,4,0,0.014717191
08c187198.jpg,1,0,0.37407413
08c187198.jpg,2,0,0.055939686
08c187198.jpg,3,1,0.6471577
08c187198.jpg,4,0,0.00714251
08e148869.jpg,1,0,0.5757417
08e148869.jpg,2,0,0.012758359
08e148869.jpg,3,0,0.38503215
08e148869.jpg,4,0,0.05238426
08eb55937.jpg,1,0,0.066390544
08eb55937.jpg,2,0,0.0075857737
08eb55937.jpg,3,0,0.5892027
08eb55937.jpg,4,0,0.35632575
08f5bdf67.jpg,1,0,0.21440764
08f5bdf67.jpg,2,0,0.021469167
08f5bdf67.jpg,3,1,0.6679383
08f5bdf67.jpg,4,0,0.012875316
0908c749f.jpg,1,0,0.06552365
0908c749f.jpg,2,1,0.6920769
0908c749f.jpg,3,0,0.3804005
0908c749f.jpg,4,0,0.0068150735
0909fc5fc.jpg,1,0,0.023295052
0909fc5fc.jpg,2,0,0.008496608
0909fc5fc.jpg,3,1,0.6394426
0909fc5fc.jpg,4,1,0.71466476
09241cda3.jpg,1,0,0.31501958
09241cda3.jpg,2,1,0.6017058
09241cda3.jpg,3,0,0.32296458
09241cda3.jpg,4,0,0.004452566
0944fc8b7.jpg,1,0,0.15132184
0944fc8b7.jpg,2,0,0.018603066
0944fc8b7.jpg,3,1,0.82498926
0944fc8b7.jpg,4,0,0.009613529
0951f3e9a.jpg,1,0,0.08804449
0951f3e9a.jpg,2,0,0.51729983
0951f3e9a.jpg,3,0,0.56736296
0951f3e9a.jpg,4,0,0.012273133
095c67738.jpg,1,0,0.24218468
095c67738.jpg,2,0,0.21500331
095c67738.jpg,3,1,0.691423
095c67738.jpg,4,0,0.0051171505
09622a856.jpg,1,0,0.21069176
09622a856.jpg,2,0,0.016247032
09622a856.jpg,3,1,0.8692134
09622a856.jpg,4,0,0.013421908
096e7338a.jpg,1,0,0.37251556
096e7338a.jpg,2,1,0.62858593
096e7338a.jpg,3,0,0.23124962
096e7338a.jpg,4,0,0.0062444475
096fa2f7c.jpg,1,0,0.048141316
096fa2f7c.jpg,2,0,0.04561177
096fa2f7c.jpg,3,1,0.89136654
096fa2f7c.jpg,4,0,0.002333331
097311f2c.jpg,1,0,0.17780466
097311f2c.jpg,2,0,0.01570632
097311f2c.jpg,3,0,0.29465127
097311f2c.jpg,4,1,0.7674106
097cd168d.jpg,1,0,0.3929212
097cd168d.jpg,2,0,0.18538213
097cd168d.jpg,3,0,0.4980568
097cd168d.jpg,4,0,0.0067968965
0986968be.jpg,1,0,0.02583345
0986968be.jpg,2,0,0.013283015
0986968be.jpg,3,1,0.65569174
0986968be.jpg,4,0,0.49744415
09a64bae9.jpg,1,0,0.12958656
09a64bae9.jpg,2,0,0.008665587
09a64bae9.jpg,3,1,0.8514567
09a64bae9.jpg,4,0,0.010385975
09a71e9c9.jpg,1,0,0.56206924
09a71e9c9.jpg,2,0,0.13410197
09a71e9c9.jpg,3,0,0.24968283
09a71e9c9.jpg,4,0,0.0051622414
09b7a2ac8.jpg,1,0,0.037861634
09b7a2ac8.jpg,2,0,0.025320986
09b7a2ac8.jpg,3,1,0.88451236
09b7a2ac8.jpg,4,0,0.0045597195
09c3c164d.jpg,1,0,0.19610585
09c3c164d.jpg,2,0,0.172285
09c3c164d.jpg,3,1,0.7423272
09c3c164d.jpg,4,0,0.0025807435
09c5e376e.jpg,1,0,0.30144635
09c5e376e.jpg,2,0,0.44625524
09c5e376e.jpg,3,0,0.3251495
09c5e376e.jpg,4,0,0.011952136
09ed6bbe0.jpg,1,0,0.09653958
09ed6bbe0.jpg,2,0,0.026141271
09ed6bbe0.jpg,3,1,0.7348397
09ed6bbe0.jpg,4,0,0.19298811
09ee20018.jpg,1,1,0.7636311
09ee20018.jpg,2,0,0.00509005
09ee20018.jpg,3,0,0.23156436
09ee20018.jpg,4,0,0.031679433
09fc213d8.jpg,1,0,0.17230843
09fc213d8.jpg,2,0,0.16599412
09fc213d8.jpg,3,1,0.6724963
09fc213d8.jpg,4,0,0.0125204
0a2c9f2e5.jpg,1,0,0.027122311
0a2c9f2e5.jpg,2,0,0.01177973
0a2c9f2e5.jpg,3,1,0.8982947
0a2c9f2e5.jpg,4,0,0.003988767
0a2dbbb6f.jpg,1,0,0.123864315
0a2dbbb6f.jpg,2,0,0.005351897
0a2dbbb6f.jpg,3,1,0.83604556
0a2dbbb6f.jpg,4,0,0.02241043
0a3962685.jpg,1,0,0.044867236
0a3962685.jpg,2,0,0.007663028
0a3962685.jpg,3,1,0.90623623
0a3962685.jpg,4,0,0.018184137
0a4792145.jpg,1,0,0.01777575
0a4792145.jpg,2,0,0.0041009714
0a4792145.jpg,3,1,0.61407125
0a4792145.jpg,4,0,0.48999235
0a4f51d13.jpg,1,0,0.45660427
0a4f51d13.jpg,2,0,0.030699618
0a4f51d13.jpg,3,0,0.5415043
0a4f51d13.jpg,4,0,0.01673132
0a53530e4.jpg,1,0,0.21438213
0a53530e4.jpg,2,0,0.32411483
0a53530e4.jpg,3,0,0.51846886
0a53530e4.jpg,4,0,0.0064860745
0a63f7765.jpg,1,0,0.021836279
0a63f7765.jpg,2,0,0.0032094836
0a63f7765.jpg,3,1,0.7317312
0a63f7765.jpg,4,0,0.52179974
0a659fc98.jpg,1,0,0.57386017
0a659fc98.jpg,2,0,0.4296209
0a659fc98.jpg,3,0,0.31474748
0a659fc98.jpg,4,0,0.0047742384
0a6c82f04.jpg,1,0,0.07379247
0a6c82f04.jpg,2,0,0.0062055513
0a6c82f04.jpg,3,1,0.85224605
0a6c82f04.jpg,4,0,0.026635401
0a75abc60.jpg,1,0,0.39951
0a75abc60.jpg,2,0,0.06909805
0a75abc60.jpg,3,0,0.37679303
0a75abc60.jpg,4,0,0.01129334
0a91cdf07.jpg,1,0,0.2780619
0a91cdf07.jpg,2,0,0.3933684
0a91cdf07.jpg,3,0,0.53190786
0a91cdf07.jpg,4,0,0.002069591
0a9cbb927.jpg,1,0,0.046258707
0a9cbb927.jpg,2,0,0.026609147
0a9cbb927.jpg,3,1,0.8833992
0a9cbb927.jpg,4,0,0.0032236709
0ab19ebdf.jpg,1,1,0.7497201
0ab19ebdf.jpg,2,0,0.00882344
0ab19ebdf.jpg,3,0,0.2291711
0ab19ebdf.jpg,4,0,0.053809226
0ab9ebd28.jpg,1,0,0.5764381
0ab9ebd28.jpg,2,0,0.15694994
0ab9ebd28.jpg,3,0,0.17496586
0ab9ebd28.jpg,4,0,0.080212995
0ad9a817d.jpg,1,0,0.05909531
0ad9a817d.jpg,2,0,0.038468804
0ad9a817d.jpg,3,1,0.88318926
0ad9a817d.jpg,4,0,0.0026060718
0adb09acc.jpg,1,0,0.06168415
0adb09acc.jpg,2,0,0.010941566
0adb09acc.jpg,3,1,0.88793015
0adb09acc.jpg,4,0,0.008608072
0aeb32788.jpg,1,1,0.6781159
0aeb32788.jpg,2,0,0.18054032
0aeb32788.jpg,3,0,0.34999308
0aeb32788.jpg,4,0,0.009241809
0aef8636a.jpg,1,0,0.4546124
0aef8636a.jpg,2,0,0.5247521
0aef8636a.jpg,3,0,0.28017533
0aef8636a.jpg,4,0,0.005508198
0af0c1a38.jpg,1,0,0.026500054
0af0c1a38.jpg,2,0,0.006146677
0af0c1a38.jpg,3,0,0.35425702
0af0c1a38.jpg,4,1,0.8196287
0af12ab04.jpg,1,0,0.1874998
0af12ab04.jpg,2,0,0.093970686
0af12ab04.jpg,3,1,0.63691
0af12ab04.jpg,4,0,0.030303
0af6cca36.jpg,1,0,0.09527305
0af6cca36.jpg,2,0,0.07634592
0af6cca36.jpg,3,1,0.75955504
0af6cca36.jpg,4,0,0.056576923
0b0bc7a5e.jpg,1,0,0.01568087
0b0bc7a5e.jpg,2,0,0.002526028
0b0bc7a5e.jpg,3,0,0.50787
0b0bc7a5e.jpg,4,1,0.7816426
0b1996caa.jpg,1,0,0.28520012
0b1996caa.jpg,2,0,0.020509586
0b1996caa.jpg,3,1,0.7231466
0b1996caa.jpg,4,0,0.054076534
0b2f0a191.jpg,1,0,0.07871178
0b2f0a191.jpg,2,0,0.05388206
0b2f0a191.jpg,3,1,0.813072
0b2f0a191.jpg,4,0,0.0035471793
0b2fcc8a7.jpg,1,1,0.6776762
0b2fcc8a7.jpg,2,0,0.082956776
0b2fcc8a7.jpg,3,0,0.22311217
0b2fcc8a7.jpg,4,0,0.0035542566
0b38663b1.jpg,1,0,0.0381693
0b38663b1.jpg,2,0,0.005939632
0b38663b1.jpg,3,1,0.9054938
0b38663b1.jpg,4,0,0.0110653965
0b4190c7b.jpg,1,0,0.028226783
0b4190c7b.jpg,2,0,0.009304932
0b4190c7b.jpg,3,1,0.85360146
0b4190c7b.jpg,4,0,0.008319404
0b49b38a8.jpg,1,0,0.468514
0b49b38a8.jpg,2,0,0.44473383
0b49b38a8.jpg,3,0,0.30464724
0b49b38a8.jpg,4,0,0.0077200052
0b5aff1f6.jpg,1,0,0.039345663
0b5aff1f6.jpg,2,0,0.02276119
0b5aff1f6.jpg,3,1,0.7099084
0b5aff1f6.jpg,4,0,0.42103156
0b67c64ef.jpg,1,0,0.13561562
0b67c64ef.jpg,2,0,0.2954623
0b67c64ef.jpg,3,1,0.60972756
0b67c64ef.jpg,4,0,0.003240777
0b6ab19ef.jpg,1,0,0.02145908
0b6ab19ef.jpg,2,0,0.0035505565
0b6ab19ef.jpg,3,1,0.9241123
0b6ab19ef.jpg,4,0,0.06577564
0b6c3017a.jpg,1,0,0.017427575
0b6c3017a.jpg,2,0,0.0021349723
0b6c3017a.jpg,3,1,0.9245729
0b6c3017a.jpg,4,0,0.034885254
0b8a67c45.jpg,1,0,0.03490073
0b8a67c45.jpg,2,0,0.017384592
0b8a67c45.jpg,3,1,0.889307
0b8a67c45.jpg,4,0,0.0029237818
0b970984e.jpg,1,0,0.4956508
0b970984e.jpg,2,0,0.017581247
0b970984e.jpg,3,0,0.36738285
0b970984e.jpg,4,0,0.044545297
0b9c24d77.jpg,1,0,0.09590664
0b9c24d77.jpg,2,0,0.071682826
0b9c24d77.jpg,3,1,0.81329966
0b9c24d77.jpg,4,0,0.005933259
0ba9adf07.jpg,1,0,0.014511549
0ba9adf07.jpg,2,0,0.003131517
0ba9adf07.jpg,3,1,0.7135322
0ba9adf07.jpg,4,1,0.65288883
0baf676c5.jpg,1,0,0.49916407
0baf676c5.jpg,2,0,0.011363484
0baf676c5.jpg,3,0,0.4867994
0baf676c5.jpg,4,0,0.00706975
0bb203506.jpg,1,0,0.4083891
0bb203506.jpg,2,0,0.027432553
0bb203506.jpg,3,1,0.7477334
0bb203506.jpg,4,0,0.011248599
0bc07c91d.jpg,1,1,0.62858725
0bc07c91d.jpg,2,0,0.04719062
0bc07c91d.jpg,3,0,0.18549137
0bc07c91d.jpg,4,0,0.02783827
0bcd1dd27.jpg,1,0,0.216841
0bcd1dd27.jpg,2,0,0.120024644
0bcd1dd27.jpg,3,0,0.43531403
0bcd1dd27.jpg,4,0,0.21978311
0bd004c2d.jpg,1,0,0.05150156
0bd004c2d.jpg,2,0,0.0029682927
0bd004c2d.jpg,3,1,0.93019336
0bd004c2d.jpg,4,0,0.009343275
0bdfd29ba.jpg,1,0,0.17871468
0bdfd29ba.jpg,2,0,0.3118879
0bdfd29ba.jpg,3,0,0.39829716
0bdfd29ba.jpg,4,0,0.007506278
0be103df4.jpg,1,0,0.03781462
0be103df4.jpg,2,0,0.026277745
0be103df4.jpg,3,1,0.9021699
0be103df4.jpg,4,0,0.0025325671
0be9a389b.jpg,1,1,0.76351094
0be9a389b.jpg,2,0,0.025451565
0be9a389b.jpg,3,0,0.2518077
0be9a389b.jpg,4,0,0.01085968
0c07878e4.jpg,1,0,0.378624
0c07878e4.jpg,2,0,0.106446
0c07878e4.jpg,3,0,0.30623147
0c07878e4.jpg,4,0,0.15945445
0c09b6aae.jpg,1,0,0.5643067
0c09b6aae.jpg,2,0,0.01921106
0c09b6aae.jpg,3,0,0.20271973
0c09b6aae.jpg,4,0,0.022218442
0c124b96b.jpg,1,0,0.01068385
0c124b96b.jpg,2,0,0.0038450307
0c124b96b.jpg,3,0,0.24915935
0c124b96b.jpg,4,1,0.9488177
0c28d21ac.jpg,1,0,0.0120519465
0c28d21ac.jpg,2,0,0.0042232266
0c28d21ac.jpg,3,1,0.69591856
0c28d21ac.jpg,4,0,0.5553872
0c43e812f.jpg,1,0,0.49317598
0c43e812f.jpg,2,0,0.18046214
0c43e812f.jpg,3,0,0.15673058
0c43e812f.jpg,4,0,0.012895222
0c7e3ad20.jpg,1,0,0.58755344
0c7e3ad20.jpg,2,0,0.026422286
0c7e3ad20.jpg,3,0,0.44252956
0c7e3ad20.jpg,4,0,0.013480219
0c89cdd48.jpg,1,0,0.55265224
0c89cdd48.jpg,2,0,0.02670904
0c89cdd48.jpg,3,0,0.48437604
0c89cdd48.jpg,4,0,0.086233504
0c8d05059.jpg,1,0,0.03873956
0c8d05059.jpg,2,0,0.0150374295
0c8d05059.jpg,3,1,0.80100423
0c8d05059.jpg,4,0,0.29722345
0c8d438af.jpg,1,0,0.0228439
0c8d438af.jpg,2,0,0.0052155447
0c8d438af.jpg,3,0,0.44722167
0c8d438af.jpg,4,1,0.8312566
0c8ea05b5.jpg,1,0,0.073761016
0c8ea05b5.jpg,2,0,0.030473342
0c8ea05b5.jpg,3,1,0.87973195
0c8ea05b5.jpg,4,0,0.0023742607
0caaaab31.jpg,1,0,0.011326454
0caaaab31.jpg,2,0,0.0021141283
0caaaab31.jpg,3,1,0.77496856
0caaaab31.jpg,4,0,0.4651153
0cab88a19.jpg,1,0,0.21177739
0cab88a19.jpg,2,0,0.012206711
0cab88a19.jpg,3,1,0.7550252
0cab88a19.jpg,4,0,0.004170101
0cca51b4a.jpg,1,0,0.05820595
0cca51b4a.jpg,2,0,0.03256535
0cca51b4a.jpg,3,1,0.86675245
0cca51b4a.jpg,4,0,0.003722097
0ccde8827.jpg,1,0,0.1403115
0ccde8827.jpg,2,0,0.032347947
0ccde8827.jpg,3,1,0.82841945
0ccde8827.jpg,4,0,0.0016673853
0cff650d0.jpg,1,1,0.73602533
0cff650d0.jpg,2,0,0.012346289
0cff650d0.jpg,3,0,0.26714924
0cff650d0.jpg,4,0,0.032089263
0d0192c26.jpg,1,0,0.3713385
0d0192c26.jpg,2,0,0.019573256
0d0192c26.jpg,3,1,0.6958187
0d0192c26.jpg,4,0,0.034519907
0d0491e30.jpg,1,0,0.096616514
0d0491e30.jpg,2,0,0.027981812
0d0491e30.jpg,3,1,0.87664604
0d0491e30.jpg,4,0,0.0035569912
0d0693702.jpg,1,0,0.15473522
0d0693702.jpg,2,0,0.09905967
0d0693702.jpg,3,1,0.7587018
0d0693702.jpg,4,0,0.008366325
0d09f4fe6.jpg,1,0,0.18412806
0d09f4fe6.jpg,2,1,0.75028855
0d09f4fe6.jpg,3,0,0.1190973
0d09f4fe6.jpg,4,0,0.043437462
0d0d892af.jpg,1,0,0.14458668
0d0d892af.jpg,2,0,0.0060672853
0d0d892af.jpg,3,1,0.7308164
0d0d892af.jpg,4,0,0.06792519
0d1bd807f.jpg,1,1,0.70338374
0d1bd807f.jpg,2,0,0.04215582
0d1bd807f.jpg,3,0,0.28389058
0d1bd807f.jpg,4,0,0.017991617
0d34f79dd.jpg,1,0,0.52009636
0d34f79dd.jpg,2,0,0.33128262
0d34f79dd.jpg,3,0,0.29812542
0d34f79dd.jpg,4,0,0.006830342
0d495e517.jpg,1,0,0.066609316
0d495e517.jpg,2,0,0.004334413
0d495e517.jpg,3,1,0.7258504
0d495e517.jpg,4,0,0.016353969
0d695ead3.jpg,1,0,0.49613026
0d695ead3.jpg,2,0,0.470306
0d695ead3.jpg,3,0,0.2918651
0d695ead3.jpg,4,0,0.004175438
0d6a860fb.jpg,1,0,0.026433239
0d6a860fb.jpg,2,0,0.010364658
0d6a860fb.jpg,3,1,0.80526155
0d6a860fb.jpg,4,0,0.03697786
0d6d434d5.jpg,1,0,0.53458923
0d6d434d5.jpg,2,0,0.00897527
0d6d434d5.jpg,3,0,0.43356526
0d6d434d5.jpg,4,0,0.016169658
0d70bc622.jpg,1,0,0.37319732
0d70bc622.jpg,2,0,0.0070786625
0d70bc622.jpg,3,0,0.5468505
0d70bc622.jpg,4,0,0.067910336
0d70f61f0.jpg,1,0,0.49391577
0d70f61f0.jpg,2,0,0.060608834
0d70f61f0.jpg,3,0,0.57707494
0d70f61f0.jpg,4,0,0.004562332
0d73b6f49.jpg,1,0,0.024123805
0d73b6f49.jpg,2,0,0.004605144
0d73b6f49.jpg,3,1,0.9133685
0d73b6f49.jpg,4,0,0.010358729
0d8ba3c7a.jpg,1,0,0.03637896
0d8ba3c7a.jpg,2,0,0.018940642
0d8ba3c7a.jpg,3,1,0.8922239
0d8ba3c7a.jpg,4,0,0.0054119676
0d97feb4c.jpg,1,0,0.10618436
0d97feb4c.jpg,2,0,0.3329409
0d97feb4c.jpg,3,1,0.6820788
0d97feb4c.jpg,4,0,0.0042260047
0d9f9e252.jpg,1,0,0.20910363
0d9f9e252.jpg,2,0,0.015307312
0d9f9e252.jpg,3,1,0.6585105
0d9f9e252.jpg,4,0,0.01100969
0da22916c.jpg,1,0,0.33063975
0da22916c.jpg,2,0,0.0121682035
0da22916c.jpg,3,0,0.58953637
0da22916c.jpg,4,0,0.065494
0da3a4fec.jpg,1,0,0.4394251
0da3a4fec.jpg,2,0,0.56297356
0da3a4fec.jpg,3,0,0.29276216
0da3a4fec.jpg,4,0,0.0050772964
0dad2a5d8.jpg,1,0,0.05540751
0dad2a5d8.jpg,2,0,0.0056345128
0dad2a5d8.jpg,3,1,0.79783684
0dad2a5d8.jpg,4,0,0.019038858
0db3d7835.jpg,1,0,0.33701432
0db3d7835.jpg,2,0,0.17176567
0db3d7835.jpg,3,0,0.4368782
0db3d7835.jpg,4,0,0.02145561
0dc6152ea.jpg,1,0,0.11230877
0dc6152ea.jpg,2,0,0.0041295122
0dc6152ea.jpg,3,1,0.8456416
0dc6152ea.jpg,4,0,0.045898065
0dc7208bc.jpg,1,0,0.05450669
0dc7208bc.jpg,2,0,0.021598121
0dc7208bc.jpg,3,1,0.8795893
0dc7208bc.jpg,4,0,0.004111031
0dca5a37d.jpg,1,0,0.019454235
0dca5a37d.jpg,2,0,0.0021130603
0dca5a37d.jpg,3,1,0.8211889
0dca5a37d.jpg,4,0,0.52976507
0dcac304d.jpg,1,0,0.48043856
0dcac304d.jpg,2,0,0.04467705
0dcac304d.jpg,3,1,0.67652225
0dcac304d.jpg,4,0,0.012516444
0dd0914b7.jpg,1,0,0.13664895
0dd0914b7.jpg,2,0,0.06359534
0dd0914b7.jpg,3,1,0.69828063
0dd0914b7.jpg,4,0,0.044751197
0dd0fb9e9.jpg,1,0,0.43684426
0dd0fb9e9.jpg,2,0,0.04417148
0dd0fb9e9.jpg,3,0,0.40233043
0dd0fb9e9.jpg,4,0,0.036090206
0dd7d22e8.jpg,1,0,0.04356444
0dd7d22e8.jpg,2,0,0.033692572
0dd7d22e8.jpg,3,1,0.9005065
0dd7d22e8.jpg,4,0,0.0050771213
0ddd1793a.jpg,1,0,0.014335715
0ddd1793a.jpg,2,0,0.015696278
0ddd1793a.jpg,3,1,0.8579982
0ddd1793a.jpg,4,0,0.04810543
0df74e42c.jpg,1,0,0.07342825
0df74e42c.jpg,2,0,0.0099817
0df74e42c.jpg,3,1,0.8773079
0df74e42c.jpg,4,0,0.018433953
0e19b993b.jpg,1,0,0.08446154
0e19b993b.jpg,2,0,0.013301409
0e19b993b.jpg,3,0,0.40222856
0e19b993b.jpg,4,0,0.14228113
0e1ec56c9.jpg,1,0,0.031561576
0e1ec56c9.jpg,2,0,0.009627701
0e1ec56c9.jpg,3,0,0.37811366
0e1ec56c9.jpg,4,0,0.521348
0e2a7bf1c.jpg,1,0,0.38907906
0e2a7bf1c.jpg,2,0,0.021213949
0e2a7bf1c.jpg,3,0,0.56382674
0e2a7bf1c.jpg,4,0,0.085339345
0e2adcd02.jpg,1,0,0.06082053
0e2adcd02.jpg,2,0,0.0055050086
0e2adcd02.jpg,3,0,0.5039185
0e2adcd02.jpg,4,1,0.7082167
0e2b8395f.jpg,1,0,0.5163863
0e2b8395f.jpg,2,0,0.014566307
0e2b8395f.jpg,3,0,0.39230034
0e2b8395f.jpg,4,0,0.046851765
0e2ffbda0.jpg,1,0,0.030873256
0e2ffbda0.jpg,2,0,0.43806148
0e2ffbda0.jpg,3,1,0.813139
0e2ffbda0.jpg,4,0,0.0024546562
0e39b3fcc.jpg,1,0,0.09341184
0e39b3fcc.jpg,2,0,0.023490971
0e39b3fcc.jpg,3,1,0.78102237
0e39b3fcc.jpg,4,0,0.009597312
0e6b42f13.jpg,1,0,0.05264419
0e6b42f13.jpg,2,0,0.02759459
0e6b42f13.jpg,3,1,0.88286597
0e6b42f13.jpg,4,0,0.0019754677
0e87f7c13.jpg,1,0,0.010372465
0e87f7c13.jpg,2,0,0.001897598
0e87f7c13.jpg,3,1,0.92733717
0e87f7c13.jpg,4,0,0.011169247
0ebcda41f.jpg,1,0,0.119069934
0ebcda41f.jpg,2,0,0.096699856
0ebcda41f.jpg,3,0,0.3042101
0ebcda41f.jpg,4,0,0.11790488
0ec0c0c9a.jpg,1,0,0.19624497
0ec0c0c9a.jpg,2,0,0.063145675
0ec0c0c9a.jpg,3,1,0.79101557
0ec0c0c9a.jpg,4,0,0.01639314
0ee897275.jpg,1,0,0.02545392
0ee897275.jpg,2,0,0.023592612
0ee897275.jpg,3,1,0.8852265
0ee897275.jpg,4,0,0.022136835
0ef221ffb.jpg,1,0,0.13082622
0ef221ffb.jpg,2,0,0.10541177
0ef221ffb.jpg,3,1,0.6722098
0ef221ffb.jpg,4,0,0.003211667
0ef839b31.jpg,1,0,0.036291465
0ef839b31.jpg,2,0,0.0053888992
0ef839b31.jpg,3,1,0.91880757
0ef839b31.jpg,4,0,0.009568739
0eff2c721.jpg,1,0,0.4895463
0eff2c721.jpg,2,0,0.010869217
0eff2c721.jpg,3,0,0.5153318
0eff2c721.jpg,4,0,0.0072374283
0f01b7c86.jpg,1,1,0.7707917
0f01b7c86.jpg,2,0,0.008359047
0f01b7c86.jpg,3,0,0.23295788
0f01b7c86.jpg,4,0,0.01109191
0f04ef25b.jpg,1,0,0.09500947
0f04ef25b.jpg,2,0,0.02619043
0f04ef25b.jpg,3,1,0.7498145
0f04ef25b.jpg,4,0,0.050556183
0f0a4b698.jpg,1,1,0.6947518
0f0a4b698.jpg,2,0,0.008704139
0f0a4b698.jpg,3,0,0.41088602
0f0a4b698.jpg,4,0,0.048742373
0f24cf376.jpg,1,0,0.09079202
0f24cf376.jpg,2,0,0.028969496
0f24cf376.jpg,3,1,0.67494136
0f24cf376.jpg,4,0,0.01059918
0f30bc1b8.jpg,1,0,0.16517967
0f30bc1b8.jpg,2,0,0.096055925
0f30bc1b8.jpg,3,1,0.77237195
0f30bc1b8.jpg,4,0,0.0045638713
0f3231673.jpg,1,0,0.08687001
0f3231673.jpg,2,0,0.09963354
0f3231673.jpg,3,1,0.837591
0f3231673.jpg,4,0,0.0032215267
0f3308225.jpg,1,0,0.0398849
0f3308225.jpg,2,0,0.0027215881
0f3308225.jpg,3,1,0.79252934
0f3308225.jpg,4,0,0.07230749
0f3a8491e.jpg,1,0,0.08503401
0f3a8491e.jpg,2,0,0.02481641
0f3a8491e.jpg,3,1,0.8832345
0f3a8491e.jpg,4,0,0.007277548
0f3b9f593.jpg,1,0,0.009688808
0f3b9f593.jpg,2,0,0.0018078551
0f3b9f593.jpg,3,1,0.8257751
0f3b9f593.jpg,4,0,0.2227109
0f3e66de8.jpg,1,0,0.02782508
0f3e66de8.jpg,2,0,0.007011319
0f3e66de8.jpg,3,0,0.26242527
0f3e66de8.jpg,4,1,0.9108216
0f3edf035.jpg,1,0,0.58808106
0f3edf035.jpg,2,0,0.021754019
0f3edf035.jpg,3,0,0.48132455
0f3edf035.jpg,4,0,0.009457995
0f4b219a5.jpg,1,0,0.047031935
0f4b219a5.jpg,2,0,0.0247225
0f4b219a5.jpg,3,1,0.8993142
0f4b219a5.jpg,4,0,0.0012725412
0f4ede76b.jpg,1,0,0.038290065
0f4ede76b.jpg,2,0,0.007944576
0f4ede76b.jpg,3,1,0.91249627
0f4ede76b.jpg,4,0,0.0035387687
0f7143ecf.jpg,1,0,0.13166173
0f7143ecf.jpg,2,0,0.031218054
0f7143ecf.jpg,3,1,0.8464108
0f7143ecf.jpg,4,0,0.0025845664
0f8220fbb.jpg,1,0,0.04657502
0f8220fbb.jpg,2,0,0.004229761
0f8220fbb.jpg,3,1,0.77989936
0f8220fbb.jpg,4,0,0.15638904
0f951de7f.jpg,1,0,0.21371211
0f951de7f.jpg,2,0,0.007005526
0f951de7f.jpg,3,1,0.7033593
0f951de7f.jpg,4,0,0.03616889
0f9b81748.jpg,1,0,0.09427788
0f9b81748.jpg,2,0,0.025777824
0f9b81748.jpg,3,0,0.59142387
0f9b81748.jpg,4,0,0.048056405
0fa2f1fa2.jpg,1,0,0.043312024
0fa2f1fa2.jpg,2,0,0.010258507
0fa2f1fa2.jpg,3,1,0.8940037
0fa2f1fa2.jpg,4,0,0.030013949
0fa896af1.jpg,1,0,0.13407078
0fa896af1.jpg,2,0,0.006551688
0fa896af1.jpg,3,1,0.88645
0fa896af1.jpg,4,0,0.003700522
0fa9da7c4.jpg,1,0,0.05705759
0fa9da7c4.jpg,2,0,0.043351088
0fa9da7c4.jpg,3,1,0.840113
0fa9da7c4.jpg,4,0,0.0146001475
0fba40f3f.jpg,1,0,0.0500569
0fba40f3f.jpg,2,0,0.035056356
0fba40f3f.jpg,3,1,0.8795478
0fba40f3f.jpg,4,0,0.0026820982
0fbc1597c.jpg,1,0,0.034137327
0fbc1597c.jpg,2,0,0.002220346
0fbc1597c.jpg,3,1,0.8964713
0fbc1597c.jpg,4,0,0.024587682
0fbfcbfc7.jpg,1,0,0.08323544
0fbfcbfc7.jpg,2,0,0.03874699
0fbfcbfc7.jpg,3,1,0.8611078
0fbfcbfc7.jpg,4,0,0.0036771663
0fca4da52.jpg,1,1,0.6905679
0fca4da52.jpg,2,0,0.012475277
0fca4da52.jpg,3,0,0.35967752
0fca4da52.jpg,4,0,0.0035927675
0fcc32d77.jpg,1,0,0.107111454
0fcc32d77.jpg,2,0,0.005158859
0fcc32d77.jpg,3,0,0.44229224
0fcc32d77.jpg,4,0,0.012514592
0fedbb76d.jpg,1,0,0.09257086
0fedbb76d.jpg,2,0,0.011022787
0fedbb76d.jpg,3,1,0.7662801
0fedbb76d.jpg,4,0,0.046567056
100608ebe.jpg,1,0,0.041955326
100608ebe.jpg,2,0,0.030624418
100608ebe.jpg,3,1,0.8556313
100608ebe.jpg,4,0,0.03241617
1014ae8b8.jpg,1,0,0.032766756
1014ae8b8.jpg,2,0,0.022057103
1014ae8b8.jpg,3,1,0.8939608
1014ae8b8.jpg,4,0,0.0027745843
1015247cb.jpg,1,0,0.10053691
1015247cb.jpg,2,0,0.0032079157
1015247cb.jpg,3,1,0.7717366
1015247cb.jpg,4,0,0.048758548
1016fea9f.jpg,1,0,0.022194987
1016fea9f.jpg,2,0,0.0054080933
1016fea9f.jpg,3,1,0.7353048
1016fea9f.jpg,4,0,0.2306708
102fade86.jpg,1,0,0.28314716
102fade86.jpg,2,0,0.03094917
102fade86.jpg,3,1,0.6368864
102fade86.jpg,4,0,0.0072100204
1030addf7.jpg,1,0,0.024888514
1030addf7.jpg,2,0,0.029331388
1030addf7.jpg,3,1,0.676249
1030addf7.jpg,4,0,0.4579052
105b4ca50.jpg,1,0,0.048268184
105b4ca50.jpg,2,0,0.026877964
105b4ca50.jpg,3,1,0.8135965
105b4ca50.jpg,4,0,0.051157106
106062893.jpg,1,0,0.14018603
106062893.jpg,2,0,0.0038025237
106062893.jpg,3,1,0.6381299
106062893.jpg,4,0,0.028754026
106f154fb.jpg,1,0,0.20116706
106f154fb.jpg,2,0,0.10405132
106f154fb.jpg,3,1,0.6114102
106f154fb.jpg,4,0,0.05551062
108d5c6f3.jpg,1,0,0.15987264
108d5c6f3.jpg,2,0,0.007252862
108d5c6f3.jpg,3,1,0.90267247
108d5c6f3.jpg,4,0,0.0057278574
10c4e035c.jpg,1,0,0.2023679
10c4e035c.jpg,2,0,0.011945405
10c4e035c.jpg,3,1,0.727747
10c4e035c.jpg,4,0,0.0049985214
10d64f676.jpg,1,0,0.087780595
10d64f676.jpg,2,0,0.023262553
10d64f676.jpg,3,1,0.87670374
10d64f676.jpg,4,0,0.0027884282
10e3e1ae2.jpg,1,1,0.75739527
10e3e1ae2.jpg,2,0,0.077257074
10e3e1ae2.jpg,3,0,0.16822977
10e3e1ae2.jpg,4,0,0.0031806193
10e8e6ddd.jpg,1,0,0.13146947
10e8e6ddd.jpg,2,0,0.14181085
10e8e6ddd.jpg,3,1,0.66146165
10e8e6ddd.jpg,4,0,0.05056749
10ef9442b.jpg,1,0,0.28613234
10ef9442b.jpg,2,0,0.020374669
10ef9442b.jpg,3,1,0.638444
10ef9442b.jpg,4,0,0.027620189
10f5bf83c.jpg,1,0,0.06247291
10f5bf83c.jpg,2,1,0.6975605
10f5bf83c.jpg,3,0,0.25907215
10f5bf83c.jpg,4,0,0.015072696
10f8c3298.jpg,1,0,0.020338962
10f8c3298.jpg,2,0,0.0028562145
10f8c3298.jpg,3,1,0.69662887
10f8c3298.jpg,4,1,0.7324614
10fa7a37e.jpg,1,0,0.13258067
10fa7a37e.jpg,2,0,0.021773823
10fa7a37e.jpg,3,1,0.6718376
10fa7a37e.jpg,4,0,0.05300486
110caee87.jpg,1,0,0.12114903
110caee87.jpg,2,0,0.033319946
110caee87.jpg,3,1,0.84545517
110caee87.jpg,4,0,0.003391451
111639f89.jpg,1,0,0.39779842
111639f89.jpg,2,0,0.2877455
111639f89.jpg,3,0,0.4923527
111639f89.jpg,4,0,0.0054736044
111fe3dfb.jpg,1,0,0.030576816
111fe3dfb.jpg,2,0,0.010823547
111fe3dfb.jpg,3,1,0.7423038
111fe3dfb.jpg,4,0,0.32245567
111fe8687.jpg,1,0,0.22711141
111fe8687.jpg,2,0,0.07412584
111fe8687.jpg,3,0,0.51325125
111fe8687.jpg,4,0,0.10751503
112586ab2.jpg,1,0,0.24403067
112586ab2.jpg,2,0,0.020081365
112586ab2.jpg,3,1,0.7250714
112586ab2.jpg,4,0,0.004305621
1134a8e6b.jpg,1,0,0.05262041
1134a8e6b.jpg,2,0,0.027316933
1134a8e6b.jpg,3,1,0.8845834
1134a8e6b.jpg,4,0,0.0022953558
114baa233.jpg,1,0,0.096861035
114baa233.jpg,2,0,0.12656279
114baa233.jpg,3,1,0.6109225
114baa233.jpg,4,0,0.027836556
115a301e7.jpg,1,0,0.13637628
115a301e7.jpg,2,0,0.006453825
115a301e7.jpg,3,1,0.8990639
115a301e7.jpg,4,0,0.023682207
1160c4155.jpg,1,0,0.049330935
1160c4155.jpg,2,0,0.02963684
1160c4155.jpg,3,1,0.8844877
1160c4155.jpg,4,0,0.002973513
1169bcb61.jpg,1,0,0.09044758
1169bcb61.jpg,2,0,0.068818286
1169bcb61.jpg,3,1,0.7528894
1169bcb61.jpg,4,0,0.002675943
1179d7767.jpg,1,0,0.05074575
1179d7767.jpg,2,0,0.021905473
1179d7767.jpg,3,1,0.86951524
1179d7767.jpg,4,0,0.0030891232
1182ee396.jpg,1,0,0.06431355
1182ee396.jpg,2,0,0.006614212
1182ee396.jpg,3,1,0.639885
1182ee396.jpg,4,0,0.008550751
119634f91.jpg,1,0,0.18926285
119634f91.jpg,2,0,0.3959217
119634f91.jpg,3,0,0.59088194
119634f91.jpg,4,0,0.0050630807
1197190fe.jpg,1,0,0.048894633
1197190fe.jpg,2,0,0.03014412
1197190fe.jpg,3,1,0.88830334
1197190fe.jpg,4,0,0.0025347995
11a5538cf.jpg,1,0,0.02013986
11a5538cf.jpg,2,0,0.0038497865
11a5538cf.jpg,3,1,0.94618946
11a5538cf.jpg,4,0,0.0021394345
11c93ce67.jpg,1,0,0.07676954
11c93ce67.jpg,2,0,0.2163424
11c93ce67.jpg,3,1,0.6610047
11c93ce67.jpg,4,0,0.0066047437
11f2d55e6.jpg,1,0,0.20594583
11f2d55e6.jpg,2,0,0.15875936
11f2d55e6.jpg,3,1,0.66505575
11f2d55e6.jpg,4,0,0.0049672034
1200683b1.jpg,1,0,0.19786705
1200683b1.jpg,2,0,0.0077457004
1200683b1.jpg,3,1,0.81238455
1200683b1.jpg,4,0,0.021400943
120ff903f.jpg,1,1,0.6418188
120ff903f.jpg,2,0,0.043644693
120ff903f.jpg,3,0,0.30812034
120ff903f.jpg,4,0,0.011024482
1212dd38b.jpg,1,1,0.8107655
1212dd38b.jpg,2,0,0.01318908
1212dd38b.jpg,3,0,0.13216594
1212dd38b.jpg,4,0,0.014543828
1213f7130.jpg,1,0,0.53788084
1213f7130.jpg,2,0,0.005999911
1213f7130.jpg,3,0,0.41097534
1213f7130.jpg,4,0,0.012985098
121d3e991.jpg,1,0,0.01650492
121d3e991.jpg,2,0,0.0035147707
121d3e991.jpg,3,1,0.884423
121d3e991.jpg,4,0,0.070222706
122192581.jpg,1,0,0.13038556
122192581.jpg,2,0,0.0740249
122192581.jpg,3,1,0.8039244
122192581.jpg,4,0,0.003948413
122b15b9a.jpg,1,0,0.0985335
122b15b9a.jpg,2,0,0.004278029
122b15b9a.jpg,3,1,0.73676795
122b15b9a.jpg,4,0,0.16602497
122dea056.jpg,1,0,0.12390229
122dea056.jpg,2,0,0.008803061
122dea056.jpg,3,1,0.7906175
122dea056.jpg,4,0,0.034247775
123c6cc00.jpg,1,0,0.14166966
123c6cc00.jpg,2,0,0.12616438
123c6cc00.jpg,3,1,0.7715533
123c6cc00.jpg,4,0,0.0039964356
123d9dc00.jpg,1,0,0.016196378
123d9dc00.jpg,2,0,0.0032997057
123d9dc00.jpg,3,0,0.5591211
123d9dc00.jpg,4,1,0.6302379
12603637b.jpg,1,0,0.017849488
12603637b.jpg,2,0,0.00779463
12603637b.jpg,3,0,0.37575758
12603637b.jpg,4,1,0.7939594
1262a98bb.jpg,1,0,0.36344972
1262a98bb.jpg,2,1,0.6549048
1262a98bb.jpg,3,0,0.24815482
1262a98bb.jpg,4,0,0.0028598763
127914d2b.jpg,1,0,0.09824842
127914d2b.jpg,2,0,0.07649086
127914d2b.jpg,3,1,0.7667386
127914d2b.jpg,4,0,0.006449742
128b5312a.jpg,1,1,0.77259904
128b5312a.jpg,2,0,0.0168152
128b5312a.jpg,3,0,0.14866199
128b5312a.jpg,4,0,0.017761512
12994c370.jpg,1,0,0.012797526
12994c370.jpg,2,0,0.0044971616
12994c370.jpg,3,1,0.72440284
12994c370.jpg,4,0,0.46419546
129a88951.jpg,1,0,0.059017014
129a88951.jpg,2,0,0.03148927
129a88951.jpg,3,1,0.87616366
129a88951.jpg,4,0,0.0019225539
12a4ca7a8.jpg,1,0,0.036370974
12a4ca7a8.jpg,2,0,0.012417308
12a4ca7a8.jpg,3,1,0.91804385
12a4ca7a8.jpg,4,0,0.028413689
12a57aaed.jpg,1,0,0.046820313
12a57aaed.jpg,2,0,0.030635053
12a57aaed.jpg,3,1,0.89427394
12a57aaed.jpg,4,0,0.0026977581
12b38e51c.jpg,1,0,0.04786694
12b38e51c.jpg,2,0,0.020801792
12b38e51c.jpg,3,1,0.85502386
12b38e51c.jpg,4,0,0.004308647
12dbd0a30.jpg,1,0,0.043616917
12dbd0a30.jpg,2,0,0.020301715
12dbd0a30.jpg,3,1,0.8874151
12dbd0a30.jpg,4,0,0.0034962976
12e67ba9a.jpg,1,0,0.44050363
12e67ba9a.jpg,2,0,0.28488874
12e67ba9a.jpg,3,0,0.20716411
12e67ba9a.jpg,4,0,0.012518629
13147072c.jpg,1,0,0.5084371
13147072c.jpg,2,0,0.1289539
13147072c.jpg,3,0,0.357867
13147072c.jpg,4,0,0.0050690104
1328718fd.jpg,1,0,0.29774946
1328718fd.jpg,2,0,0.011744759
1328718fd.jpg,3,0,0.50360936
1328718fd.jpg,4,0,0.13639356
132b2c849.jpg,1,0,0.018998435
132b2c849.jpg,2,0,0.008064096
132b2c849.jpg,3,1,0.89566964
132b2c849.jpg,4,0,0.02304001
132b7fde7.jpg,1,0,0.13437423
132b7fde7.jpg,2,0,0.0032887452
132b7fde7.jpg,3,1,0.6815338
132b7fde7.jpg,4,0,0.039204746
133058b4e.jpg,1,0,0.05372986
133058b4e.jpg,2,0,0.0029840579
133058b4e.jpg,3,1,0.9112571
133058b4e.jpg,4,0,0.023672672
13322114f.jpg,1,0,0.090146355
13322114f.jpg,2,0,0.016358906
13322114f.jpg,3,1,0.6728644
13322114f.jpg,4,0,0.031738352
133979f5b.jpg,1,0,0.021027751
133979f5b.jpg,2,0,0.011005974
133979f5b.jpg,3,0,0.38227507
133979f5b.jpg,4,1,0.7927344
133fe40b6.jpg,1,0,0.35359848
133fe40b6.jpg,2,1,0.6720415
133fe40b6.jpg,3,0,0.18795137
133fe40b6.jpg,4,0,0.008402419
1344843d5.jpg,1,1,0.643743
1344843d5.jpg,2,0,0.29688427
1344843d5.jpg,3,0,0.2800471
1344843d5.jpg,4,0,0.0076513495
134f14a98.jpg,1,0,0.26415744
134f14a98.jpg,2,0,0.050077837
134f14a98.jpg,3,1,0.63054967
134f14a98.jpg,4,0,0.0045720376
1359ddaa3.jpg,1,0,0.5864259
1359ddaa3.jpg,2,0,0.022638502
1359ddaa3.jpg,3,0,0.34862304
1359ddaa3.jpg,4,0,0.009984981
136513dbf.jpg,1,0,0.2628593
136513dbf.jpg,2,0,0.065802954
136513dbf.jpg,3,0,0.49287173
136513dbf.jpg,4,0,0.007341176
137103769.jpg,1,0,0.3730454
137103769.jpg,2,0,0.0056268894
137103769.jpg,3,1,0.8086484
137103769.jpg,4,0,0.005039022
1374fecc2.jpg,1,0,0.034449723
1374fecc2.jpg,2,0,0.05288851
1374fecc2.jpg,3,1,0.8634905
1374fecc2.jpg,4,0,0.005873822
138d7937a.jpg,1,0,0.3710929
138d7937a.jpg,2,0,0.016939137
138d7937a.jpg,3,0,0.53070647
138d7937a.jpg,4,0,0.11442885
139ba377e.jpg,1,0,0.1680438
139ba377e.jpg,2,0,0.012279986
139ba377e.jpg,3,0,0.32803932
139ba377e.jpg,4,0,0.32521033
13a1c8221.jpg,1,0,0.063058466
13a1c8221.jpg,2,0,0.010212539
13a1c8221.jpg,3,1,0.7626049
13a1c8221.jpg,4,0,0.047888517
13abf1121.jpg,1,0,0.088476665
13abf1121.jpg,2,0,0.00805138
13abf1121.jpg,3,0,0.39258268
13abf1121.jpg,4,0,0.008604464
13b049f6e.jpg,1,0,0.025049776
13b049f6e.jpg,2,0,0.011384283
13b049f6e.jpg,3,1,0.8595552
13b049f6e.jpg,4,0,0.057566274
13b276e49.jpg,1,0,0.13621588
13b276e49.jpg,2,0,0.009176199
13b276e49.jpg,3,1,0.81130904
13b276e49.jpg,4,0,0.022326266
13b6775dd.jpg,1,0,0.057952683
13b6775dd.jpg,2,0,0.035580136
13b6775dd.jpg,3,1,0.89418095
13b6775dd.jpg,4,0,0.0020449758
13c95cc54.jpg,1,1,0.73307514
13c95cc54.jpg,2,0,0.0034461643
13c95cc54.jpg,3,0,0.35667655
13c95cc54.jpg,4,0,0.0060829553
13d833e9d.jpg,1,0,0.29523265
13d833e9d.jpg,2,0,0.019600479
13d833e9d.jpg,3,1,0.7643185
13d833e9d.jpg,4,0,0.0053179287
13da1f222.jpg,1,0,0.354727
13da1f222.jpg,2,0,0.22743857
13da1f222.jpg,3,0,0.5933531
13da1f222.jpg,4,0,0.005454911
13ef8001d.jpg,1,0,0.4228096
13ef8001d.jpg,2,0,0.4894887
13ef8001d.jpg,3,0,0.40398955
13ef8001d.jpg,4,0,0.0042116554
13f4b026a.jpg,1,0,0.025667727
13f4b026a.jpg,2,0,0.00427489
13f4b026a.jpg,3,0,0.21707742
13f4b026a.jpg,4,1,0.9035621
140a789cf.jpg,1,1,0.7989047
140a789cf.jpg,2,0,0.014067815
140a789cf.jpg,3,0,0.23321909
140a789cf.jpg,4,0,0.018685767
1418b3730.jpg,1,0,0.531554
1418b3730.jpg,2,0,0.002253445
1418b3730.jpg,3,1,0.6315006
1418b3730.jpg,4,0,0.007509414
1425c065f.jpg,1,0,0.026582973
1425c065f.jpg,2,0,0.0076210015
1425c065f.jpg,3,0,0.34931764
1425c065f.jpg,4,1,0.82360035
14381c0a6.jpg,1,0,0.067405306
14381c0a6.jpg,2,0,0.05856883
14381c0a6.jpg,3,1,0.8710792
14381c0a6.jpg,4,0,0.0013505818
14395ea48.jpg,1,0,0.45503822
14395ea48.jpg,2,0,0.4407101
14395ea48.jpg,3,0,0.3988105
14395ea48.jpg,4,0,0.0047590337
1445d5ab6.jpg,1,0,0.01698638
1445d5ab6.jpg,2,0,0.0026072718
1445d5ab6.jpg,3,1,0.6687016
1445d5ab6.jpg,4,1,0.6525748
144bb6395.jpg,1,0,0.045378625
144bb6395.jpg,2,0,0.0722306
144bb6395.jpg,3,1,0.8344164
144bb6395.jpg,4,0,0.0044902097
14646e7bb.jpg,1,0,0.050022643
14646e7bb.jpg,2,0,0.02826269
14646e7bb.jpg,3,1,0.8961142
14646e7bb.jpg,4,0,0.0025051434
147a1b7ac.jpg,1,0,0.42189813
147a1b7ac.jpg,2,0,0.2074427
147a1b7ac.jpg,3,0,0.29880154
147a1b7ac.jpg,4,0,0.01903351
14a02fcfb.jpg,1,0,0.3779088
14a02fcfb.jpg,2,0,0.037688818
14a02fcfb.jpg,3,0,0.25597635
14a02fcfb.jpg,4,0,0.019306252
14a0acdd6.jpg,1,0,0.26351193
14a0acdd6.jpg,2,0,0.021850834
14a0acdd6.jpg,3,1,0.787435
14a0acdd6.jpg,4,0,0.01807637
14adc7208.jpg,1,0,0.22911812
14adc7208.jpg,2,0,0.020409081
14adc7208.jpg,3,1,0.73121977
14adc7208.jpg,4,0,0.036853015
14d73d22f.jpg,1,0,0.4021968
14d73d22f.jpg,2,0,0.5297145
14d73d22f.jpg,3,0,0.23096584
14d73d22f.jpg,4,0,0.0016670236
14df10cc6.jpg,1,0,0.034487803
14df10cc6.jpg,2,0,0.01533845
14df10cc6.jpg,3,1,0.8830232
14df10cc6.jpg,4,0,0.0035458058
14e9e2266.jpg,1,0,0.03955629
14e9e2266.jpg,2,0,0.020030277
14e9e2266.jpg,3,1,0.8882654
14e9e2266.jpg,4,0,0.0028930048
14efb8981.jpg,1,0,0.033447385
14efb8981.jpg,2,0,0.0040410864
14efb8981.jpg,3,1,0.83673376
14efb8981.jpg,4,0,0.019005774
14f307da8.jpg,1,0,0.07353619
14f307da8.jpg,2,0,0.006126489
14f307da8.jpg,3,1,0.769444
14f307da8.jpg,4,0,0.014809321
150ddcaa5.jpg,1,0,0.056173276
150ddcaa5.jpg,2,0,0.49413064
150ddcaa5.jpg,3,0,0.5176205
150ddcaa5.jpg,4,0,0.005980208
1510e3d5d.jpg,1,0,0.020526169
1510e3d5d.jpg,2,0,0.009307426
1510e3d5d.jpg,3,0,0.20786072
1510e3d5d.jpg,4,0,0.36558172
153865bf5.jpg,1,1,0.6272025
153865bf5.jpg,2,0,0.015256237
153865bf5.jpg,3,0,0.34461203
153865bf5.jpg,4,0,0.0053564324
1542e8b89.jpg,1,1,0.60439867
1542e8b89.jpg,2,0,0.16288616
1542e8b89.jpg,3,0,0.21369404
1542e8b89.jpg,4,0,0.0149844065
154f36f41.jpg,1,0,0.020476168
154f36f41.jpg,2,0,0.0073351427
154f36f41.jpg,3,0,0.36949602
154f36f41.jpg,4,1,0.8674461
157ccef08.jpg,1,0,0.17618938
157ccef08.jpg,2,0,0.066740215
157ccef08.jpg,3,1,0.7272536
157ccef08.jpg,4,0,0.020368883
15991cba5.jpg,1,0,0.04436021
15991cba5.jpg,2,0,0.51772326
15991cba5.jpg,3,0,0.24075328
15991cba5.jpg,4,0,0.025503537
159bb4951.jpg,1,0,0.36079085
159bb4951.jpg,2,0,0.037803777
159bb4951.jpg,3,0,0.42799088
159bb4951.jpg,4,0,0.018300174
159caed50.jpg,1,0,0.21414208
159caed50.jpg,2,0,0.00458762
159caed50.jpg,3,1,0.84003013
159caed50.jpg,4,0,0.02575096
15a75f03a.jpg,1,0,0.034080178
15a75f03a.jpg,2,0,0.015537604
15a75f03a.jpg,3,1,0.91068465
15a75f03a.jpg,4,0,0.0054076524
15bf62435.jpg,1,0,0.33393216
15bf62435.jpg,2,0,0.17286049
15bf62435.jpg,3,1,0.6086051
15bf62435.jpg,4,0,0.008018349
15c5d6e68.jpg,1,0,0.035277233
15c5d6e68.jpg,2,0,0.0040015564
15c5d6e68.jpg,3,0,0.4117073
15c5d6e68.jpg,4,1,0.80153567
15c89cd10.jpg,1,0,0.26930428
15c89cd10.jpg,2,0,0.27358177
15c89cd10.jpg,3,0,0.32252702
15c89cd10.jpg,4,0,0.10145142
15d5b7d01.jpg,1,0,0.038950693
15d5b7d01.jpg,2,0,0.019668877
15d5b7d01.jpg,3,0,0.2771919
15d5b7d01.jpg,4,1,0.67423683
15e92a657.jpg,1,0,0.4139448
15e92a657.jpg,2,0,0.25691643
15e92a657.jpg,3,0,0.23688991
15e92a657.jpg,4,0,0.002453474
15f36c028.jpg,1,0,0.02504533
15f36c028.jpg,2,0,0.014973099
15f36c028.jpg,3,1,0.89436024
15f36c028.jpg,4,0,0.005472545
16070626a.jpg,1,0,0.04859
16070626a.jpg,2,0,0.013778592
16070626a.jpg,3,1,0.82486814
16070626a.jpg,4,0,0.014937396
162959249.jpg,1,0,0.49213505
162959249.jpg,2,0,0.13574447
162959249.jpg,3,0,0.29073054
162959249.jpg,4,0,0.0034895197
1629f0fd3.jpg,1,1,0.7641476
1629f0fd3.jpg,2,0,0.025108263
1629f0fd3.jpg,3,0,0.24703145
1629f0fd3.jpg,4,0,0.030810773
163832315.jpg,1,0,0.055486143
163832315.jpg,2,0,0.14599335
163832315.jpg,3,1,0.8574269
163832315.jpg,4,0,0.0030277374
163bb0319.jpg,1,0,0.27614388
163bb0319.jpg,2,0,0.5924828
163bb0319.jpg,3,0,0.22916786
163bb0319.jpg,4,0,0.02594304
1652f739d.jpg,1,0,0.02087426
1652f739d.jpg,2,0,0.010062919
1652f739d.jpg,3,0,0.38305616
1652f739d.jpg,4,1,0.8786506
1658c3f00.jpg,1,0,0.013563395
1658c3f00.jpg,2,0,0.002212737
1658c3f00.jpg,3,1,0.6142321
1658c3f00.jpg,4,1,0.7898483
1659050ee.jpg,1,0,0.20551534
1659050ee.jpg,2,0,0.0096590705
1659050ee.jpg,3,1,0.7347002
1659050ee.jpg,4,0,0.06394308
165be877c.jpg,1,0,0.060237844
165be877c.jpg,2,0,0.028754989
165be877c.jpg,3,1,0.8713138
165be877c.jpg,4,0,0.0028128286
1661a5935.jpg,1,0,0.43575203
1661a5935.jpg,2,0,0.07638027
1661a5935.jpg,3,0,0.4252826
1661a5935.jpg,4,0,0.093856215
1665a9aa3.jpg,1,1,0.66799396
1665a9aa3.jpg,2,0,0.059784297
1665a9aa3.jpg,3,0,0.32880935
1665a9aa3.jpg,4,0,0.024673894
166df66fa.jpg,1,0,0.27146327
166df66fa.jpg,2,0,0.004427388
166df66fa.jpg,3,1,0.80370003
166df66fa.jpg,4,0,0.0131977685
1672505e5.jpg,1,0,0.31144682
1672505e5.jpg,2,0,0.05087317
1672505e5.jpg,3,1,0.81588554
1672505e5.jpg,4,0,0.0048226044
167a15e46.jpg,1,0,0.07977908
167a15e46.jpg,2,0,0.016410192
167a15e46.jpg,3,1,0.90543985
167a15e46.jpg,4,0,0.008150048
168d569cb.jpg,1,0,0.024083843
168d569cb.jpg,2,0,0.0042328476
168d569cb.jpg,3,1,0.91470796
168d569cb.jpg,4,0,0.053836584
16b4b381f.jpg,1,1,0.7092166
16b4b381f.jpg,2,0,0.22158678
16b4b381f.jpg,3,0,0.30225804
16b4b381f.jpg,4,0,0.0038914504
16b6212be.jpg,1,0,0.45682228
16b6212be.jpg,2,0,0.007844888
16b6212be.jpg,3,0,0.43181944
16b6212be.jpg,4,0,0.015372008
16c25e5bd.jpg,1,0,0.1967885
16c25e5bd.jpg,2,0,0.5325084
16c25e5bd.jpg,3,0,0.2032959
16c25e5bd.jpg,4,0,0.006038548
16c79808e.jpg,1,0,0.07578183
16c79808e.jpg,2,0,0.02101907
16c79808e.jpg,3,1,0.7960243
16c79808e.jpg,4,0,0.014133607
16c84984c.jpg,1,0,0.054710876
16c84984c.jpg,2,0,0.0056072776
16c84984c.jpg,3,0,0.29197314
16c84984c.jpg,4,1,0.8312314
16d77499b.jpg,1,0,0.043022513
16d77499b.jpg,2,0,0.026681662
16d77499b.jpg,3,1,0.88822323
16d77499b.jpg,4,0,0.0018229733
16dc18581.jpg,1,0,0.24067271
16dc18581.jpg,2,0,0.08523828
16dc18581.jpg,3,0,0.45029297
16dc18581.jpg,4,0,0.031244362
16e5cabec.jpg,1,0,0.047522757
16e5cabec.jpg,2,0,0.035326194
16e5cabec.jpg,3,1,0.88398725
16e5cabec.jpg,4,0,0.002009845
16eb22c40.jpg,1,0,0.05565502
16eb22c40.jpg,2,0,0.03546946
16eb22c40.jpg,3,1,0.8816352
16eb22c40.jpg,4,0,0.0021534273
1709a0811.jpg,1,0,0.15013926
1709a0811.jpg,2,0,0.066663146
1709a0811.jpg,3,0,0.58665985
1709a0811.jpg,4,0,0.08313831
171ff4d5d.jpg,1,0,0.1964734
171ff4d5d.jpg,2,0,0.014167474
171ff4d5d.jpg,3,0,0.429368
171ff4d5d.jpg,4,0,0.008231317
173263982.jpg,1,0,0.21662317
173263982.jpg,2,0,0.30108038
173263982.jpg,3,0,0.59733164
173263982.jpg,4,0,0.003572481
1748f0bd2.jpg,1,0,0.17176282
1748f0bd2.jpg,2,0,0.040462427
1748f0bd2.jpg,3,1,0.7197736
1748f0bd2.jpg,4,0,0.09497327
1759e4b70.jpg,1,0,0.052376527
1759e4b70.jpg,2,0,0.034229036
1759e4b70.jpg,3,1,0.8911729
1759e4b70.jpg,4,0,0.001425505
176b6a74b.jpg,1,0,0.49132475
176b6a74b.jpg,2,0,0.2621623
176b6a74b.jpg,3,0,0.2602426
176b6a74b.jpg,4,0,0.023734445
17824cd96.jpg,1,0,0.013438731
17824cd96.jpg,2,0,0.0047765924
17824cd96.jpg,3,1,0.63510865
17824cd96.jpg,4,0,0.44230962
179a5ea0b.jpg,1,0,0.27505568
179a5ea0b.jpg,2,0,0.3521901
179a5ea0b.jpg,3,0,0.5341608
179a5ea0b.jpg,4,0,0.0031720086
17a654936.jpg,1,1,0.6493527
17a654936.jpg,2,0,0.035234038
17a654936.jpg,3,0,0.20565635
17a654936.jpg,4,0,0.098545134
17a6dce92.jpg,1,1,0.7194309
17a6dce92.jpg,2,0,0.011407826
17a6dce92.jpg,3,0,0.21758409
17a6dce92.jpg,4,0,0.052487027
17b3cd0d9.jpg,1,0,0.05716465
17b3cd0d9.jpg,2,0,0.03613175
17b3cd0d9.jpg,3,1,0.8445044
17b3cd0d9.jpg,4,0,0.013621272
17bc2934d.jpg,1,0,0.01059075
17bc2934d.jpg,2,0,0.001447122
17bc2934d.jpg,3,1,0.9083113
17bc2934d.jpg,4,0,0.08778531
17cc619b0.jpg,1,1,0.703484
17cc619b0.jpg,2,0,0.015087145
17cc619b0.jpg,3,0,0.21469389
17cc619b0.jpg,4,0,0.011618993
17f40ff23.jpg,1,0,0.01575362
17f40ff23.jpg,2,0,0.0058603897
17f40ff23.jpg,3,0,0.27570528
17f40ff23.jpg,4,1,0.84069425
17f6716dd.jpg,1,0,0.27605012
17f6716dd.jpg,2,0,0.12794763
17f6716dd.jpg,3,0,0.40911534
17f6716dd.jpg,4,0,0.08306942
1800f04df.jpg,1,0,0.31370625
1800f04df.jpg,2,0,0.07913264
1800f04df.jpg,3,0,0.330856
1800f04df.jpg,4,0,0.09332424
1804f41eb.jpg,1,0,0.27324697
1804f41eb.jpg,2,0,0.18774219
1804f41eb.jpg,3,0,0.49821565
1804f41eb.jpg,4,0,0.051160276
180750e88.jpg,1,0,0.3101502
180750e88.jpg,2,0,0.16500638
180750e88.jpg,3,0,0.5910147
180750e88.jpg,4,0,0.004977955
1808f2da2.jpg,1,0,0.027287925
1808f2da2.jpg,2,0,0.0020492405
1808f2da2.jpg,3,1,0.93592423
1808f2da2.jpg,4,0,0.006799752
180c1ef29.jpg,1,0,0.054156434
180c1ef29.jpg,2,0,0.02953822
180c1ef29.jpg,3,1,0.88580036
180c1ef29.jpg,4,0,0.0026593106
180c38495.jpg,1,0,0.023678623
180c38495.jpg,2,0,0.0048374073
180c38495.jpg,3,1,0.66066825
180c38495.jpg,4,0,0.008948525
180e4c980.jpg,1,0,0.019751731
180e4c980.jpg,2,0,0.0022525887
180e4c980.jpg,3,1,0.9273241
180e4c980.jpg,4,0,0.006906686
183a346ed.jpg,1,0,0.12545608
183a346ed.jpg,2,1,0.66701084
183a346ed.jpg,3,0,0.2908046
183a346ed.jpg,4,0,0.004571622
183ee6fa4.jpg,1,0,0.022172824
183ee6fa4.jpg,2,0,0.0018943361
183ee6fa4.jpg,3,1,0.9366555
183ee6fa4.jpg,4,0,0.0079349065
184c34cbf.jpg,1,0,0.5203689
184c34cbf.jpg,2,0,0.2357253
184c34cbf.jpg,3,0,0.47115567
184c34cbf.jpg,4,0,0.0046298536
1851312f7.jpg,1,0,0.33992124
1851312f7.jpg,2,0,0.0076025706
1851312f7.jpg,3,0,0.56334364
1851312f7.jpg,4,0,0.13127905
1859bb7f6.jpg,1,0,0.012647805
1859bb7f6.jpg,2,0,0.046948697
1859bb7f6.jpg,3,1,0.9156065
1859bb7f6.jpg,4,0,0.005228086
18617aa7b.jpg,1,0,0.015006517
18617aa7b.jpg,2,0,0.0035701732
18617aa7b.jpg,3,1,0.86468345
18617aa7b.jpg,4,0,0.082065545
1865593bf.jpg,1,0,0.056462545
1865593bf.jpg,2,0,0.02224042
1865593bf.jpg,3,1,0.8778359
1865593bf.jpg,4,0,0.0034224764
186c47869.jpg,1,1,0.66789657
186c47869.jpg,2,0,0.23379369
186c47869.jpg,3,0,0.2745755
186c47869.jpg,4,0,0.0048910673
18beca643.jpg,1,0,0.36862156
18beca643.jpg,2,0,0.02009636
18beca643.jpg,3,0,0.5631807
18beca643.jpg,4,0,0.10794136
18d7c86bd.jpg,1,0,0.13372035
18d7c86bd.jpg,2,0,0.12097908
18d7c86bd.jpg,3,1,0.79479045
18d7c86bd.jpg,4,0,0.0066601024
18db458af.jpg,1,0,0.014146496
18db458af.jpg,2,0,0.0052889525
18db458af.jpg,3,1,0.6701034
18db458af.jpg,4,0,0.587251
18df56cd6.jpg,1,0,0.02126404
18df56cd6.jpg,2,0,0.0034955402
18df56cd6.jpg,3,1,0.9013467
18df56cd6.jpg,4,0,0.018356783
19020daa4.jpg,1,0,0.42079332
19020daa4.jpg,2,0,0.5247207
19020daa4.jpg,3,0,0.31311655
19020daa4.jpg,4,0,0.004415908
1924ec417.jpg,1,1,0.72855353
1924ec417.jpg,2,0,0.06325639
1924ec417.jpg,3,0,0.22194588
1924ec417.jpg,4,0,0.027246473
193acb58d.jpg,1,0,0.30739406
193acb58d.jpg,2,0,0.013309701
193acb58d.jpg,3,0,0.5402179
193acb58d.jpg,4,0,0.02229888
19439013c.jpg,1,0,0.04314406
19439013c.jpg,2,0,0.006133767
19439013c.jpg,3,1,0.8777626
19439013c.jpg,4,0,0.035079297
1949816d9.jpg,1,0,0.14216487
1949816d9.jpg,2,0,0.06883019
1949816d9.jpg,3,0,0.30457962
1949816d9.jpg,4,0,0.12223192
195305ea0.jpg,1,0,0.15278876
195305ea0.jpg,2,0,0.018901909
195305ea0.jpg,3,1,0.778482
195305ea0.jpg,4,0,0.026092522
195b0a65d.jpg,1,0,0.1323624
195b0a65d.jpg,2,0,0.53259224
195b0a65d.jpg,3,0,0.509257
195b0a65d.jpg,4,0,0.011648157
195bf8a80.jpg,1,0,0.052265808
195bf8a80.jpg,2,0,0.026606074
195bf8a80.jpg,3,1,0.8907965
195bf8a80.jpg,4,0,0.0020595817
195c61b24.jpg,1,0,0.039150633
195c61b24.jpg,2,0,0.025260037
195c61b24.jpg,3,1,0.85518926
195c61b24.jpg,4,0,0.012991545
1968fb78e.jpg,1,0,0.2936701
1968fb78e.jpg,2,0,0.083884954
1968fb78e.jpg,3,1,0.70777303
1968fb78e.jpg,4,0,0.010934825
19744f24c.jpg,1,0,0.09574366
19744f24c.jpg,2,0,0.07114005
19744f24c.jpg,3,1,0.7443478
19744f24c.jpg,4,0,0.017019132
197e8050c.jpg,1,0,0.1620833
197e8050c.jpg,2,0,0.4589261
197e8050c.jpg,3,0,0.44382226
197e8050c.jpg,4,0,0.015632346
19876bdf3.jpg,1,0,0.04669329
19876bdf3.jpg,2,0,0.0070695975
19876bdf3.jpg,3,1,0.8617878
19876bdf3.jpg,4,0,0.087204985
1993484d5.jpg,1,0,0.04083644
1993484d5.jpg,2,0,0.0047503724
1993484d5.jpg,3,1,0.9311924
1993484d5.jpg,4,0,0.012901229
19a83d990.jpg,1,0,0.20652093
19a83d990.jpg,2,0,0.07949368
19a83d990.jpg,3,0,0.48378658
19a83d990.jpg,4,0,0.21043795
19bca9e75.jpg,1,0,0.22991802
19bca9e75.jpg,2,0,0.14087074
19bca9e75.jpg,3,0,0.5841721
19bca9e75.jpg,4,0,0.06797356
19bdfb8c3.jpg,1,0,0.45062009
19bdfb8c3.jpg,2,0,0.03480034
19bdfb8c3.jpg,3,1,0.65287334
19bdfb8c3.jpg,4,0,0.0069528376
19c0e7a52.jpg,1,1,0.793346
19c0e7a52.jpg,2,0,0.040557463
19c0e7a52.jpg,3,0,0.13734575
19c0e7a52.jpg,4,0,0.021917932
19d15f3ea.jpg,1,0,0.21846439
19d15f3ea.jpg,2,0,0.23123443
19d15f3ea.jpg,3,1,0.7037818
19d15f3ea.jpg,4,0,0.003754041
19e2b0036.jpg,1,0,0.042363122
19e2b0036.jpg,2,0,0.022664078
19e2b0036.jpg,3,1,0.8970662
19e2b0036.jpg,4,0,0.0026741717
19e928ecc.jpg,1,1,0.6881158
19e928ecc.jpg,2,0,0.0068218396
19e928ecc.jpg,3,0,0.21857803
19e928ecc.jpg,4,0,0.047949445
19f2985fc.jpg,1,0,0.2927727
19f2985fc.jpg,2,0,0.47464633
19f2985fc.jpg,3,0,0.41735187
19f2985fc.jpg,4,0,0.004607421
19f5074d1.jpg,1,0,0.23048778
19f5074d1.jpg,2,0,0.005574964
19f5074d1.jpg,3,1,0.88120633
19f5074d1.jpg,4,0,0.0049043125
1a098c41a.jpg,1,1,0.6419557
1a098c41a.jpg,2,0,0.007777069
1a098c41a.jpg,3,0,0.51580113
1a098c41a.jpg,4,0,0.059744712
1a10092a3.jpg,1,0,0.03525168
1a10092a3.jpg,2,0,0.015070595
1a10092a3.jpg,3,1,0.81697494
1a10092a3.jpg,4,0,0.045601904
1a10c8f0b.jpg,1,0,0.25872308
1a10c8f0b.jpg,2,0,0.004605415
1a10c8f0b.jpg,3,1,0.6857893
1a10c8f0b.jpg,4,0,0.048638914
1a18720ac.jpg,1,0,0.2979182
1a18720ac.jpg,2,0,0.10966245
1a18720ac.jpg,3,0,0.5910733
1a18720ac.jpg,4,0,0.014405452
1a2ec4a37.jpg,1,0,0.10229824
1a2ec4a37.jpg,2,0,0.0047366577
1a2ec4a37.jpg,3,1,0.76349527
1a2ec4a37.jpg,4,0,0.021528127
1a4371011.jpg,1,0,0.05093761
1a4371011.jpg,2,0,0.046405945
1a4371011.jpg,3,1,0.86565757
1a4371011.jpg,4,0,0.0014231936
1a45d93f9.jpg,1,0,0.15015316
1a45d93f9.jpg,2,0,0.035058875
1a45d93f9.jpg,3,1,0.7528369
1a45d93f9.jpg,4,0,0.03508896
1a4836303.jpg,1,0,0.071537554
1a4836303.jpg,2,0,0.050751552
1a4836303.jpg,3,1,0.8708267
1a4836303.jpg,4,0,0.0028590497
1a5e3ba10.jpg,1,0,0.07646893
1a5e3ba10.jpg,2,0,0.018965779
1a5e3ba10.jpg,3,1,0.8623021
1a5e3ba10.jpg,4,0,0.0028553775
1a675258e.jpg,1,0,0.21186264
1a675258e.jpg,2,0,0.080081865
1a675258e.jpg,3,1,0.75741416
1a675258e.jpg,4,0,0.004781498
1a6f34cc3.jpg,1,0,0.029133266
1a6f34cc3.jpg,2,0,0.002491968
1a6f34cc3.jpg,3,1,0.82189983
1a6f34cc3.jpg,4,0,0.026491312
1a75ce1fb.jpg,1,0,0.4308925
1a75ce1fb.jpg,2,0,0.012094304
1a75ce1fb.jpg,3,0,0.47493032
1a75ce1fb.jpg,4,0,0.060870778
1a77ce6c1.jpg,1,0,0.23661536
1a77ce6c1.jpg,2,0,0.022082182
1a77ce6c1.jpg,3,1,0.7506094
1a77ce6c1.jpg,4,0,0.042589676
1a8003e79.jpg,1,0,0.5397839
1a8003e79.jpg,2,0,0.37651038
1a8003e79.jpg,3,0,0.17458583
1a8003e79.jpg,4,0,0.0052959253
1a81781ac.jpg,1,0,0.016490001
1a81781ac.jpg,2,0,0.0027727205
1a81781ac.jpg,3,1,0.7889333
1a81781ac.jpg,4,0,0.03420097
1a8ce43bd.jpg,1,0,0.3444651
1a8ce43bd.jpg,2,1,0.6117764
1a8ce43bd.jpg,3,0,0.2828744
1a8ce43bd.jpg,4,0,0.004440785
1a8d5a3b3.jpg,1,1,0.725091
1a8d5a3b3.jpg,2,0,0.0631003
1a8d5a3b3.jpg,3,0,0.15673839
1a8d5a3b3.jpg,4,0,0.014081365
1a9089020.jpg,1,1,0.7110079
1a9089020.jpg,2,0,0.15312631
1a9089020.jpg,3,0,0.3338019
1a9089020.jpg,4,0,0.015641948
1a9b84f4a.jpg,1,0,0.25070876
1a9b84f4a.jpg,2,0,0.01581121
1a9b84f4a.jpg,3,0,0.5920809
1a9b84f4a.jpg,4,0,0.058335055
1aa4de306.jpg,1,0,0.26461646
1aa4de306.jpg,2,0,0.04225873
1aa4de306.jpg,3,1,0.6112944
1aa4de306.jpg,4,0,0.021874309
1aaf1d4bf.jpg,1,0,0.56318694
1aaf1d4bf.jpg,2,0,0.0037718806
1aaf1d4bf.jpg,3,1,0.68750685
1aaf1d4bf.jpg,4,0,0.014538306
1acd59ebd.jpg,1,0,0.56577975
1acd59ebd.jpg,2,0,0.028622398
1acd59ebd.jpg,3,0,0.21419805
1acd59ebd.jpg,4,0,0.022614628
1ad06511f.jpg,1,0,0.24813534
1ad06511f.jpg,2,0,0.15599234
1ad06511f.jpg,3,0,0.52758175
1ad06511f.jpg,4,0,0.006561209
1ae67586f.jpg,1,0,0.28911212
1ae67586f.jpg,2,0,0.018915782
1ae67586f.jpg,3,0,0.5632244
1ae67586f.jpg,4,0,0.0055468865
1ae7ee8e6.jpg,1,0,0.585195
1ae7ee8e6.jpg,2,0,0.21998721
1ae7ee8e6.jpg,3,0,0.4072455
1ae7ee8e6.jpg,4,0,0.007386359
1af1b2498.jpg,1,0,0.08068776
1af1b2498.jpg,2,0,0.0041591083
1af1b2498.jpg,3,1,0.80520016
1af1b2498.jpg,4,0,0.020190837
1af7ac008.jpg,1,0,0.05344051
1af7ac008.jpg,2,0,0.028447783
1af7ac008.jpg,3,1,0.8728586
1af7ac008.jpg,4,0,0.0022674927
1afdb07bc.jpg,1,0,0.066405855
1afdb07bc.jpg,2,0,0.050393287
1afdb07bc.jpg,3,1,0.8658239
1afdb07bc.jpg,4,0,0.0018444468
1b0c8b4c1.jpg,1,0,0.045500472
1b0c8b4c1.jpg,2,0,0.027528437
1b0c8b4c1.jpg,3,1,0.89411277
1b0c8b4c1.jpg,4,0,0.00216413
1b18be182.jpg,1,0,0.27319974
1b18be182.jpg,2,0,0.0032200525
1b18be182.jpg,3,1,0.67105913
1b18be182.jpg,4,0,0.06981689
1b246801d.jpg,1,0,0.08859229
1b246801d.jpg,2,0,0.07129454
1b246801d.jpg,3,1,0.8592558
1b246801d.jpg,4,0,0.0038388157
1b2f07f66.jpg,1,0,0.12633853
1b2f07f66.jpg,2,0,0.09006587
1b2f07f66.jpg,3,1,0.70363134
1b2f07f66.jpg,4,0,0.0056553395
1b33c7cbc.jpg,1,1,0.66409314
1b33c7cbc.jpg,2,0,0.035987813
1b33c7cbc.jpg,3,0,0.18759362
1b33c7cbc.jpg,4,0,0.040796977
1b4a144d8.jpg,1,0,0.010271507
1b4a144d8.jpg,2,0,0.0013378899
1b4a144d8.jpg,3,0,0.59798527
1b4a144d8.jpg,4,1,0.71623546
1b5984acb.jpg,1,0,0.08953503
1b5984acb.jpg,2,0,0.0737564
1b5984acb.jpg,3,1,0.81975085
1b5984acb.jpg,4,0,0.0026791655
1b5cb4f82.jpg,1,0,0.07759483
1b5cb4f82.jpg,2,0,0.007952297
1b5cb4f82.jpg,3,1,0.84153986
1b5cb4f82.jpg,4,0,0.030129535
1b97aadae.jpg,1,0,0.021031493
1b97aadae.jpg,2,0,0.011344731
1b97aadae.jpg,3,1,0.76921815
1b97aadae.jpg,4,0,0.35053363
1ba63ec01.jpg,1,0,0.011030992
1ba63ec01.jpg,2,0,0.002319722
1ba63ec01.jpg,3,1,0.931459
1ba63ec01.jpg,4,0,0.025855815
1bbf4b4c0.jpg,1,0,0.0229912
1bbf4b4c0.jpg,2,0,0.004601942
1bbf4b4c0.jpg,3,1,0.93972844
1bbf4b4c0.jpg,4,0,0.005012476
1bd4cb215.jpg,1,0,0.4581417
1bd4cb215.jpg,2,0,0.020908535
1bd4cb215.jpg,3,0,0.41419291
1bd4cb215.jpg,4,0,0.031350687
1bd691842.jpg,1,0,0.02140191
1bd691842.jpg,2,0,0.0031888399
1bd691842.jpg,3,1,0.93512255
1bd691842.jpg,4,0,0.009603731
1bdc31ef8.jpg,1,1,0.7404885
1bdc31ef8.jpg,2,0,0.034207735
1bdc31ef8.jpg,3,0,0.1929773
1bdc31ef8.jpg,4,0,0.0066393763
1be2ffab3.jpg,1,0,0.25453386
1be2ffab3.jpg,2,0,0.008194469
1be2ffab3.jpg,3,1,0.8014509
1be2ffab3.jpg,4,0,0.011666705
1be630774.jpg,1,0,0.41642037
1be630774.jpg,2,0,0.41279247
1be630774.jpg,3,0,0.35958695
1be630774.jpg,4,0,0.007056573
1be8009b9.jpg,1,0,0.022906324
1be8009b9.jpg,2,0,0.013215142
1be8009b9.jpg,3,1,0.7780989
1be8009b9.jpg,4,0,0.21431868
1be8118bd.jpg,1,0,0.17129411
1be8118bd.jpg,2,0,0.046402734
1be8118bd.jpg,3,1,0.83737665
1be8118bd.jpg,4,0,0.0042995517
1bf399171.jpg,1,0,0.021120012
1bf399171.jpg,2,0,0.002776086
1bf399171.jpg,3,0,0.53239447
1bf399171.jpg,4,1,0.8282797
1bf868141.jpg,1,0,0.07999063
1bf868141.jpg,2,0,0.04669675
1bf868141.jpg,3,1,0.85016435
1bf868141.jpg,4,0,0.003737563
1c1228d26.jpg,1,0,0.05891158
1c1228d26.jpg,2,0,0.033332452
1c1228d26.jpg,3,1,0.8924162
1c1228d26.jpg,4,0,0.002002565
1c248f2a6.jpg,1,0,0.026864013
1c248f2a6.jpg,2,0,0.0046520974
1c248f2a6.jpg,3,1,0.79890496
1c248f2a6.jpg,4,0,0.018172083
1c38cbe2a.jpg,1,0,0.03932138
1c38cbe2a.jpg,2,0,0.003683962
1c38cbe2a.jpg,3,1,0.8361917
1c38cbe2a.jpg,4,0,0.02081243
1c4fef904.jpg,1,0,0.29022995
1c4fef904.jpg,2,0,0.09590539
1c4fef904.jpg,3,0,0.3443881
1c4fef904.jpg,4,0,0.12633625
1c644316d.jpg,1,0,0.27779427
1c644316d.jpg,2,0,0.007053027
1c644316d.jpg,3,1,0.7864695
1c644316d.jpg,4,0,0.022059968
1c65dbc80.jpg,1,0,0.041478354
1c65dbc80.jpg,2,0,0.06502406
1c65dbc80.jpg,3,1,0.8802571
1c65dbc80.jpg,4,0,0.0021921268
1c9bb8ec3.jpg,1,0,0.026112156
1c9bb8ec3.jpg,2,0,0.014290399
1c9bb8ec3.jpg,3,0,0.25913915
1c9bb8ec3.jpg,4,1,0.87336177
1c9ce242c.jpg,1,0,0.015782585
1c9ce242c.jpg,2,0,0.0038062173
1c9ce242c.jpg,3,1,0.9100223
1c9ce242c.jpg,4,0,0.05295581
1ca4fed9d.jpg,1,0,0.097293384
1ca4fed9d.jpg,2,0,0.0069527333
1ca4fed9d.jpg,3,1,0.89611036
1ca4fed9d.jpg,4,0,0.0118717225
1cb3a9f21.jpg,1,0,0.09729469
1cb3a9f21.jpg,2,0,0.03524517
1cb3a9f21.jpg,3,1,0.8582247
1cb3a9f21.jpg,4,0,0.0024117539
1cc845fa1.jpg,1,0,0.33325362
1cc845fa1.jpg,2,0,0.44347966
1cc845fa1.jpg,3,0,0.4082116
1cc845fa1.jpg,4,0,0.0041088383
1cd417a0d.jpg,1,0,0.33466962
1cd417a0d.jpg,2,0,0.00658281
1cd417a0d.jpg,3,0,0.3817786
1cd417a0d.jpg,4,0,0.043903317
1cdae059e.jpg,1,0,0.40353093
1cdae059e.jpg,2,0,0.2653601
1cdae059e.jpg,3,0,0.28303155
1cdae059e.jpg,4,0,0.042511765
1cdc0358f.jpg,1,0,0.45933282
1cdc0358f.jpg,2,0,0.008834059
1cdc0358f.jpg,3,1,0.7022174
1cdc0358f.jpg,4,0,0.02310689
1cf514557.jpg,1,0,0.054671276
1cf514557.jpg,2,0,0.0048265588
1cf514557.jpg,3,0,0.26804307
1cf514557.jpg,4,0,0.0058832928
1d423df67.jpg,1,0,0.059188623
1d423df67.jpg,2,0,0.032973323
1d423df67.jpg,3,1,0.7730279
1d423df67.jpg,4,0,0.09261421
1d45bd46e.jpg,1,1,0.7510775
1d45bd46e.jpg,2,0,0.006163998
1d45bd46e.jpg,3,0,0.16784658
1d45bd46e.jpg,4,0,0.029895887
1d52eb20c.jpg,1,0,0.033774436
1d52eb20c.jpg,2,0,0.0018549388
1d52eb20c.jpg,3,1,0.9502265
1d52eb20c.jpg,4,0,0.007901806
1d55488c6.jpg,1,0,0.27132553
1d55488c6.jpg,2,0,0.037068915
1d55488c6.jpg,3,0,0.49705923
1d55488c6.jpg,4,0,0.012447582
1d617527f.jpg,1,0,0.056586657
1d617527f.jpg,2,0,0.028937345
1d617527f.jpg,3,1,0.89317185
1d617527f.jpg,4,0,0.002307726
1d69e0984.jpg,1,1,0.60833985
1d69e0984.jpg,2,0,0.011903681
1d69e0984.jpg,3,0,0.47098532
1d69e0984.jpg,4,0,0.011470673
1d6d17048.jpg,1,0,0.038808074
1d6d17048.jpg,2,0,0.006134428
1d6d17048.jpg,3,1,0.8851921
1d6d17048.jpg,4,0,0.055520605
1d70478fc.jpg,1,0,0.03978197
1d70478fc.jpg,2,0,0.025965163
1d70478fc.jpg,3,0,0.24178702
1d70478fc.jpg,4,0,0.45646203
1d7d8c3d7.jpg,1,0,0.0151631795
1d7d8c3d7.jpg,2,0,0.0012778802
1d7d8c3d7.jpg,3,1,0.9120485
1d7d8c3d7.jpg,4,0,0.070897214
1da488b97.jpg,1,0,0.05173038
1da488b97.jpg,2,0,0.010476873
1da488b97.jpg,3,1,0.8855087
1da488b97.jpg,4,0,0.011487544
1dad3d406.jpg,1,0,0.43496108
1dad3d406.jpg,2,0,0.2378242
1dad3d406.jpg,3,0,0.49312863
1dad3d406.jpg,4,0,0.004777581
1dc94320f.jpg,1,0,0.101517625
1dc94320f.jpg,2,0,0.016919335
1dc94320f.jpg,3,1,0.82472545
1dc94320f.jpg,4,0,0.027530894
1ddca477a.jpg,1,0,0.054000612
1ddca477a.jpg,2,0,0.03516547
1ddca477a.jpg,3,1,0.8804965
1ddca477a.jpg,4,0,0.0017612508
1dfb4b3b9.jpg,1,0,0.14512467
1dfb4b3b9.jpg,2,0,0.4974878
1dfb4b3b9.jpg,3,0,0.47063646
1dfb4b3b9.jpg,4,0,0.0019300823
1e00f8a4b.jpg,1,0,0.03496961
1e00f8a4b.jpg,2,0,0.00757396
1e00f8a4b.jpg,3,1,0.6800335
1e00f8a4b.jpg,4,0,0.30862847
1e06d1908.jpg,1,0,0.048479777
1e06d1908.jpg,2,0,0.03596437
1e06d1908.jpg,3,1,0.6385202
1e06d1908.jpg,4,0,0.283578
1e2a28cae.jpg,1,0,0.48592785
1e2a28cae.jpg,2,0,0.38708022
1e2a28cae.jpg,3,0,0.19250365
1e2a28cae.jpg,4,0,0.008615966
1e2d2cd61.jpg,1,0,0.020845106
1e2d2cd61.jpg,2,0,0.009248243
1e2d2cd61.jpg,3,0,0.25707185
1e2d2cd61.jpg,4,1,0.91589046
1e2dd2a8a.jpg,1,0,0.27856454
1e2dd2a8a.jpg,2,0,0.021114916
1e2dd2a8a.jpg,3,1,0.7255233
1e2dd2a8a.jpg,4,0,0.03257878
1e3a5f87c.jpg,1,0,0.3079506
1e3a5f87c.jpg,2,0,0.035987977
1e3a5f87c.jpg,3,1,0.69200164
1e3a5f87c.jpg,4,0,0.0074453545
1e446e941.jpg,1,0,0.020860663
1e446e941.jpg,2,0,0.0020178708
1e446e941.jpg,3,0,0.5910911
1e446e941.jpg,4,1,0.72406787
1e45cda5b.jpg,1,1,0.7802307
1e45cda5b.jpg,2,0,0.03967664
1e45cda5b.jpg,3,0,0.20661378
1e45cda5b.jpg,4,0,0.008611323
1e586e037.jpg,1,0,0.23718417
1e586e037.jpg,2,0,0.26189026
1e586e037.jpg,3,1,0.65686226
1e586e037.jpg,4,0,0.0029827973
1e5c3fed8.jpg,1,0,0.5206012
1e5c3fed8.jpg,2,0,0.31411135
1e5c3fed8.jpg,3,0,0.46716586
1e5c3fed8.jpg,4,0,0.0075253863
1e7ba840e.jpg,1,0,0.007404877
1e7ba840e.jpg,2,0,0.0013654409
1e7ba840e.jpg,3,1,0.90483445
1e7ba840e.jpg,4,0,0.12189853
1e7e2c738.jpg,1,0,0.44904888
1e7e2c738.jpg,2,0,0.061978877
1e7e2c738.jpg,3,0,0.47638813
1e7e2c738.jpg,4,0,0.057622407
1e84f3a9e.jpg,1,0,0.054399032
1e84f3a9e.jpg,2,0,0.16489412
1e84f3a9e.jpg,3,1,0.8260917
1e84f3a9e.jpg,4,0,0.0015709499
1e8db7139.jpg,1,0,0.49772477
1e8db7139.jpg,2,0,0.14130364
1e8db7139.jpg,3,0,0.35795915
1e8db7139.jpg,4,0,0.00858586
1e8f59c7e.jpg,1,0,0.57158834
1e8f59c7e.jpg,2,0,0.087866776
1e8f59c7e.jpg,3,0,0.49431905
1e8f59c7e.jpg,4,0,0.0060645943
1ea3b39e5.jpg,1,0,0.05861262
1ea3b39e5.jpg,2,0,0.3879616
1ea3b39e5.jpg,3,1,0.7053025
1ea3b39e5.jpg,4,0,0.0062286947
1ea9f15ee.jpg,1,1,0.7623206
1ea9f15ee.jpg,2,0,0.0038027714
1ea9f15ee.jpg,3,0,0.22929788
1ea9f15ee.jpg,4,0,0.016452046
1eb204d65.jpg,1,0,0.06675804
1eb204d65.jpg,2,0,0.031183539
1eb204d65.jpg,3,0,0.33191633
1eb204d65.jpg,4,0,0.55494946
1eb2637a1.jpg,1,0,0.09419336
1eb2637a1.jpg,2,0,0.3321528
1eb2637a1.jpg,3,0,0.5039247
1eb2637a1.jpg,4,0,0.0045572445
1eb58c702.jpg,1,0,0.17080726
1eb58c702.jpg,2,0,0.028986596
1eb58c702.jpg,3,1,0.6181135
1eb58c702.jpg,4,0,0.029560396
1ed048a3c.jpg,1,0,0.23254617
1ed048a3c.jpg,2,0,0.037667327
1ed048a3c.jpg,3,1,0.63066244
1ed048a3c.jpg,4,0,0.06812183
1ed7c09f2.jpg,1,0,0.023025708
1ed7c09f2.jpg,2,0,0.0014788598
1ed7c09f2.jpg,3,1,0.946059
1ed7c09f2.jpg,4,0,0.001897423
1ed95cd11.jpg,1,0,0.3717611
1ed95cd11.jpg,2,0,0.011945595
1ed95cd11.jpg,3,0,0.505497
1ed95cd11.jpg,4,0,0.012746237
1edcc97b3.jpg,1,0,0.48287883
1edcc97b3.jpg,2,0,0.14080596
1edcc97b3.jpg,3,0,0.4237579
1edcc97b3.jpg,4,0,0.0068439874
1eeaca7cd.jpg,1,0,0.07905307
1eeaca7cd.jpg,2,0,0.006095911
1eeaca7cd.jpg,3,1,0.91158086
1eeaca7cd.jpg,4,0,0.0050768345
1ef19628e.jpg,1,0,0.47975388
1ef19628e.jpg,2,0,0.4489801
1ef19628e.jpg,3,0,0.28447706
1ef19628e.jpg,4,0,0.0051604356
1ef1a6da1.jpg,1,0,0.06439346
1ef1a6da1.jpg,2,0,0.011061616
1ef1a6da1.jpg,3,1,0.91705465
1ef1a6da1.jpg,4,0,0.0028613138
1f17b2dff.jpg,1,0,0.5344374
1f17b2dff.jpg,2,0,0.24381398
1f17b2dff.jpg,3,0,0.24796504
1f17b2dff.jpg,4,0,0.008776495
1f3f95dc7.jpg,1,0,0.5817818
1f3f95dc7.jpg,2,0,0.06985226
1f3f95dc7.jpg,3,0,0.37555686
1f3f95dc7.jpg,4,0,0.016177336
1f4c3c954.jpg,1,0,0.30397746
1f4c3c954.jpg,2,0,0.012705742
1f4c3c954.jpg,3,1,0.6477263
1f4c3c954.jpg,4,0,0.024338467
1f67b3ce5.jpg,1,0,0.30719623
1f67b3ce5.jpg,2,0,0.092522
1f67b3ce5.jpg,3,1,0.683186
1f67b3ce5.jpg,4,0,0.014228161
1f6c37f24.jpg,1,0,0.020775942
1f6c37f24.jpg,2,0,0.0031830699
1f6c37f24.jpg,3,1,0.90989804
1f6c37f24.jpg,4,0,0.040347155
1f6d91f6c.jpg,1,0,0.42559126
1f6d91f6c.jpg,2,1,0.6303484
1f6d91f6c.jpg,3,0,0.31073952
1f6d91f6c.jpg,4,0,0.0036326002
1f729385f.jpg,1,0,0.25539705
1f729385f.jpg,2,0,0.010521277
1f729385f.jpg,3,1,0.7501042
1f729385f.jpg,4,0,0.04922239
1f9011c8f.jpg,1,0,0.03083068
1f9011c8f.jpg,2,0,0.0046548243
1f9011c8f.jpg,3,0,0.44323143
1f9011c8f.jpg,4,0,0.5801837
1f9c05f84.jpg,1,0,0.014785164
1f9c05f84.jpg,2,0,0.0021474855
1f9c05f84.jpg,3,1,0.6992102
1f9c05f84.jpg,4,1,0.70300937
1fabf19ce.jpg,1,0,0.19041078
1fabf19ce.jpg,2,0,0.059828985
1fabf19ce.jpg,3,0,0.50218195
1fabf19ce.jpg,4,0,0.007631864
1fad50f70.jpg,1,0,0.44865787
1fad50f70.jpg,2,0,0.083923854
1fad50f70.jpg,3,0,0.3944657
1fad50f70.jpg,4,0,0.02413392
1fb5e7c10.jpg,1,0,0.1851428
1fb5e7c10.jpg,2,0,0.02968128
1fb5e7c10.jpg,3,1,0.7225077
1fb5e7c10.jpg,4,0,0.10985597
1fbd6dd6b.jpg,1,0,0.2515873
1fbd6dd6b.jpg,2,0,0.17619611
1fbd6dd6b.jpg,3,0,0.5325765
1fbd6dd6b.jpg,4,0,0.0060478426
1fc9188eb.jpg,1,0,0.09237895
1fc9188eb.jpg,2,0,0.030121146
1fc9188eb.jpg,3,1,0.8210792
1fc9188eb.jpg,4,0,0.113722146
1fd3af8fc.jpg,1,0,0.06388934
1fd3af8fc.jpg,2,0,0.020028407
1fd3af8fc.jpg,3,1,0.8856512
1fd3af8fc.jpg,4,0,0.0071289693
1fd3dfbe9.jpg,1,0,0.06314077
1fd3dfbe9.jpg,2,0,0.008496187
1fd3dfbe9.jpg,3,1,0.8593707
1fd3dfbe9.jpg,4,0,0.031129615
1fd985687.jpg,1,0,0.0320618
1fd985687.jpg,2,0,0.05744343
1fd985687.jpg,3,1,0.81971645
1fd985687.jpg,4,0,0.06385205
1fe59bd82.jpg,1,0,0.35597602
1fe59bd82.jpg,2,0,0.023972059
1fe59bd82.jpg,3,1,0.81662256
1fe59bd82.jpg,4,0,0.0076571372
1fe7ca585.jpg,1,0,0.03789222
1fe7ca585.jpg,2,0,0.4921207
1fe7ca585.jpg,3,1,0.665103
1fe7ca585.jpg,4,0,0.014506307
1fee22ffe.jpg,1,0,0.06078842
1fee22ffe.jpg,2,0,0.03328318
1fee22ffe.jpg,3,1,0.8881467
1fee22ffe.jpg,4,0,0.0032532169
1ff724178.jpg,1,0,0.16224861
1ff724178.jpg,2,0,0.021180747
1ff724178.jpg,3,1,0.84423786
1ff724178.jpg,4,0,0.014979449
20026f9ea.jpg,1,0,0.01501638
20026f9ea.jpg,2,0,0.0046547186
20026f9ea.jpg,3,1,0.91756445
20026f9ea.jpg,4,0,0.014578343
20036e2e4.jpg,1,0,0.113131434
20036e2e4.jpg,2,0,0.01831192
20036e2e4.jpg,3,1,0.827722
20036e2e4.jpg,4,0,0.019267967
203971df8.jpg,1,1,0.798001
203971df8.jpg,2,0,0.024979072
203971df8.jpg,3,0,0.13417481
203971df8.jpg,4,0,0.011781682
204614236.jpg,1,0,0.15582241
204614236.jpg,2,0,0.10978273
204614236.jpg,3,1,0.70703936
204614236.jpg,4,0,0.020078583
2047cf8bb.jpg,1,0,0.114812754
2047cf8bb.jpg,2,0,0.00696185
2047cf8bb.jpg,3,0,0.51717216
2047cf8bb.jpg,4,0,0.49619892
20481f759.jpg,1,1,0.68994015
20481f759.jpg,2,0,0.31636098
20481f759.jpg,3,0,0.24837947
20481f759.jpg,4,0,0.005321883
204b55ba0.jpg,1,0,0.027897188
204b55ba0.jpg,2,0,0.0031825218
204b55ba0.jpg,3,1,0.6692048
204b55ba0.jpg,4,0,0.01547226
204d469bd.jpg,1,0,0.13221274
204d469bd.jpg,2,0,0.1119285
204d469bd.jpg,3,1,0.81772375
204d469bd.jpg,4,0,0.0032150296
205522c82.jpg,1,0,0.0356134
205522c82.jpg,2,0,0.0061360244
205522c82.jpg,3,1,0.89941186
205522c82.jpg,4,0,0.0044031288
20613afeb.jpg,1,1,0.7533267
20613afeb.jpg,2,0,0.015707925
20613afeb.jpg,3,0,0.15836139
20613afeb.jpg,4,0,0.021535687
2064409a8.jpg,1,1,0.6460669
2064409a8.jpg,2,0,0.013216779
2064409a8.jpg,3,0,0.36778414
2064409a8.jpg,4,0,0.024025755
206e5971c.jpg,1,0,0.40160713
206e5971c.jpg,2,0,0.015118789
206e5971c.jpg,3,1,0.6193624
206e5971c.jpg,4,0,0.016514594
20737447a.jpg,1,0,0.3597857
20737447a.jpg,2,0,0.42790928
20737447a.jpg,3,0,0.4994289
20737447a.jpg,4,0,0.004260696
2080d4f8d.jpg,1,0,0.05658907
2080d4f8d.jpg,2,0,0.037288208
2080d4f8d.jpg,3,1,0.88059276
2080d4f8d.jpg,4,0,0.0017643998
2096fe078.jpg,1,1,0.78690267
2096fe078.jpg,2,0,0.04230604
2096fe078.jpg,3,0,0.13585375
2096fe078.jpg,4,0,0.012460348
20a29aa60.jpg,1,0,0.40550265
20a29aa60.jpg,2,0,0.45774117
20a29aa60.jpg,3,0,0.37120798
20a29aa60.jpg,4,0,0.0042678826
20a7c32e8.jpg,1,0,0.3517568
20a7c32e8.jpg,2,0,0.01615286
20a7c32e8.jpg,3,0,0.43148062
20a7c32e8.jpg,4,0,0.04504062
20c8c99a2.jpg,1,0,0.05929001
20c8c99a2.jpg,2,0,0.030457264
20c8c99a2.jpg,3,1,0.8744007
20c8c99a2.jpg,4,0,0.003145185
20d26c5a2.jpg,1,0,0.062181745
20d26c5a2.jpg,2,0,0.025142452
20d26c5a2.jpg,3,1,0.81366426
20d26c5a2.jpg,4,0,0.010053253
20d2cea7c.jpg,1,0,0.065458216
20d2cea7c.jpg,2,0,0.008653864
20d2cea7c.jpg,3,1,0.7492551
20d2cea7c.jpg,4,0,0.16711044
20dfc6a8f.jpg,1,0,0.32353207
20dfc6a8f.jpg,2,0,0.009686186
20dfc6a8f.jpg,3,1,0.79845136
20dfc6a8f.jpg,4,0,0.005806073
20e301d9c.jpg,1,0,0.32633784
20e301d9c.jpg,2,0,0.0074796923
20e301d9c.jpg,3,0,0.48073295
20e301d9c.jpg,4,0,0.026892737
20ff95879.jpg,1,0,0.06688065
20ff95879.jpg,2,0,0.02374977
20ff95879.jpg,3,1,0.8742438
20ff95879.jpg,4,0,0.008296917
21193989e.jpg,1,0,0.034649514
21193989e.jpg,2,0,0.012601614
21193989e.jpg,3,1,0.9183433
21193989e.jpg,4,0,0.0036381744
211af4a0f.jpg,1,0,0.036102425
211af4a0f.jpg,2,0,0.015775738
211af4a0f.jpg,3,1,0.8879583
211af4a0f.jpg,4,0,0.0026381146
211bda0b6.jpg,1,0,0.4611478
211bda0b6.jpg,2,0,0.56091624
211bda0b6.jpg,3,0,0.15254876
211bda0b6.jpg,4,0,0.026679508
212c96fa2.jpg,1,0,0.044688925
212c96fa2.jpg,2,0,0.01506151
212c96fa2.jpg,3,1,0.86802584
212c96fa2.jpg,4,0,0.027202895
2139ce563.jpg,1,0,0.38137576
2139ce563.jpg,2,0,0.0076146484
2139ce563.jpg,3,0,0.361495
2139ce563.jpg,4,0,0.3918513
214bf7213.jpg,1,0,0.025747046
214bf7213.jpg,2,0,0.0031170053
214bf7213.jpg,3,1,0.9076776
214bf7213.jpg,4,0,0.042401943
21585a8d1.jpg,1,0,0.13586234
21585a8d1.jpg,2,0,0.089781575
21585a8d1.jpg,3,1,0.7233438
21585a8d1.jpg,4,0,0.00664851
2159379d5.jpg,1,0,0.28433517
2159379d5.jpg,2,0,0.3467978
2159379d5.jpg,3,0,0.56848544
2159379d5.jpg,4,0,0.0035714854
215b8fef8.jpg,1,0,0.032237854
215b8fef8.jpg,2,0,0.023080416
215b8fef8.jpg,3,1,0.89055157
215b8fef8.jpg,4,0,0.023343695
216c8f942.jpg,1,0,0.052495737
216c8f942.jpg,2,0,0.03057091
216c8f942.jpg,3,1,0.8861809
216c8f942.jpg,4,0,0.0029633648
216f0c026.jpg,1,0,0.28316584
216f0c026.jpg,2,0,0.008223306
216f0c026.jpg,3,1,0.7444863
216f0c026.jpg,4,0,0.05141236
21875726a.jpg,1,0,0.5450931
21875726a.jpg,2,0,0.59178025
21875726a.jpg,3,0,0.12851973
21875726a.jpg,4,0,0.011500519
219bee1ff.jpg,1,0,0.39629212
219bee1ff.jpg,2,0,0.12380438
219bee1ff.jpg,3,0,0.3189804
219bee1ff.jpg,4,0,0.019344127
21ae10f45.jpg,1,0,0.10633368
21ae10f45.jpg,2,0,0.15839705
21ae10f45.jpg,3,1,0.687506
21ae10f45.jpg,4,0,0.004836098
21cc5a166.jpg,1,0,0.30685368
21cc5a166.jpg,2,0,0.008144377
21cc5a166.jpg,3,1,0.7040417
21cc5a166.jpg,4,0,0.05391735
21ce09e42.jpg,1,0,0.018786496
21ce09e42.jpg,2,0,0.0041075437
21ce09e42.jpg,3,1,0.7002205
21ce09e42.jpg,4,1,0.7203503
21d4ce9c4.jpg,1,0,0.07618954
21d4ce9c4.jpg,2,0,0.53504926
21d4ce9c4.jpg,3,0,0.29887268
21d4ce9c4.jpg,4,0,0.050731257
21db90472.jpg,1,0,0.074320555
21db90472.jpg,2,0,0.011665705
21db90472.jpg,3,1,0.7831411
21db90472.jpg,4,0,0.08872152
21df4a83e.jpg,1,0,0.09798729
21df4a83e.jpg,2,0,0.2572371
21df4a83e.jpg,3,0,0.486653
21df4a83e.jpg,4,0,0.006949658
21e28f2e5.jpg,1,0,0.01521417
21e28f2e5.jpg,2,0,0.0020063196
21e28f2e5.jpg,3,1,0.9569256
21e28f2e5.jpg,4,0,0.007449236
21e7bf194.jpg,1,0,0.110000245
21e7bf194.jpg,2,0,0.00921329
21e7bf194.jpg,3,0,0.5354566
21e7bf194.jpg,4,0,0.3223885
21ebe92f6.jpg,1,0,0.08208525
21ebe92f6.jpg,2,0,0.009643472
21ebe92f6.jpg,3,1,0.85565716
21ebe92f6.jpg,4,0,0.01940438
21f4dc79e.jpg,1,0,0.23615377
21f4dc79e.jpg,2,0,0.03883046
21f4dc79e.jpg,3,0,0.55640155
21f4dc79e.jpg,4,0,0.018887227
2208028db.jpg,1,1,0.6159149
2208028db.jpg,2,0,0.008936633
2208028db.jpg,3,0,0.28622234
2208028db.jpg,4,0,0.021138372
22088ced1.jpg,1,0,0.047589496
22088ced1.jpg,2,0,0.026331723
22088ced1.jpg,3,1,0.8643829
22088ced1.jpg,4,0,0.0031446877
2209ff22d.jpg,1,0,0.09085712
2209ff22d.jpg,2,0,0.033064883
2209ff22d.jpg,3,1,0.8647042
2209ff22d.jpg,4,0,0.0061716028
2233caaaf.jpg,1,0,0.052043345
2233caaaf.jpg,2,0,0.030925298
2233caaaf.jpg,3,1,0.8880426
2233caaaf.jpg,4,0,0.0025668996
2235e045d.jpg,1,0,0.073204346
2235e045d.jpg,2,0,0.029237444
2235e045d.jpg,3,1,0.8959295
2235e045d.jpg,4,0,0.001723226
22361cd74.jpg,1,0,0.5896652
22361cd74.jpg,2,0,0.13552946
22361cd74.jpg,3,0,0.30766907
22361cd74.jpg,4,0,0.0069964286
225028fc0.jpg,1,0,0.05347671
225028fc0.jpg,2,0,0.031590726
225028fc0.jpg,3,1,0.8824229
225028fc0.jpg,4,0,0.0044249273
22514c432.jpg,1,0,0.04452501
22514c432.jpg,2,0,0.021318132
22514c432.jpg,3,1,0.8972954
22514c432.jpg,4,0,0.0029996398
2252e37ef.jpg,1,0,0.05362444
2252e37ef.jpg,2,0,0.0059959907
2252e37ef.jpg,3,1,0.86180025
2252e37ef.jpg,4,0,0.014094715
225530c4f.jpg,1,0,0.50827456
225530c4f.jpg,2,0,0.016627576
225530c4f.jpg,3,0,0.40891314
225530c4f.jpg,4,0,0.009610643
2262f1399.jpg,1,0,0.026687428
2262f1399.jpg,2,0,0.0029222304
2262f1399.jpg,3,1,0.7450637
2262f1399.jpg,4,0,0.55598974
2275fd601.jpg,1,0,0.06671613
2275fd601.jpg,2,0,0.006677954
2275fd601.jpg,3,1,0.83466107
2275fd601.jpg,4,0,0.004693468
228137fed.jpg,1,0,0.2874599
228137fed.jpg,2,0,0.011161622
228137fed.jpg,3,0,0.41668567
228137fed.jpg,4,0,0.06968774
22919e545.jpg,1,0,0.21045376
22919e545.jpg,2,0,0.121793725
22919e545.jpg,3,1,0.67070395
22919e545.jpg,4,0,0.0046199034
2295a2122.jpg,1,0,0.023115402
2295a2122.jpg,2,0,0.0025754927
2295a2122.jpg,3,1,0.92671484
2295a2122.jpg,4,0,0.013355053
229edc946.jpg,1,0,0.10842397
229edc946.jpg,2,0,0.0018218838
229edc946.jpg,3,1,0.83397126
229edc946.jpg,4,0,0.04672715
22a6e8c6a.jpg,1,0,0.09528393
22a6e8c6a.jpg,2,0,0.06413424
22a6e8c6a.jpg,3,1,0.8337211
22a6e8c6a.jpg,4,0,0.0038436123
22cdb1235.jpg,1,0,0.32743853
22cdb1235.jpg,2,1,0.6021385
22cdb1235.jpg,3,0,0.30429927
22cdb1235.jpg,4,0,0.0044551003
22cdb98f6.jpg,1,0,0.07859547
22cdb98f6.jpg,2,0,0.030126343
22cdb98f6.jpg,3,1,0.8759245
22cdb98f6.jpg,4,0,0.008233675
22ce2bb5f.jpg,1,0,0.1289463
22ce2bb5f.jpg,2,0,0.040402643
22ce2bb5f.jpg,3,0,0.4550099
22ce2bb5f.jpg,4,0,0.48574984
22ce555d6.jpg,1,0,0.03600216
22ce555d6.jpg,2,0,0.16659737
22ce555d6.jpg,3,1,0.73248506
22ce555d6.jpg,4,0,0.009372332
22cf9fded.jpg,1,0,0.31495395
22cf9fded.jpg,2,0,0.2293281
22cf9fded.jpg,3,0,0.31032172
22cf9fded.jpg,4,0,0.0028124603
22d892b68.jpg,1,0,0.32299754
22d892b68.jpg,2,0,0.0128998235
22d892b68.jpg,3,0,0.41852894
22d892b68.jpg,4,0,0.007712183
22ed95303.jpg,1,0,0.037625562
22ed95303.jpg,2,0,0.011948072
22ed95303.jpg,3,0,0.5731809
22ed95303.jpg,4,0,0.4425492
22ef16f72.jpg,1,0,0.13567995
22ef16f72.jpg,2,0,0.0062705507
22ef16f72.jpg,3,0,0.4632021
22ef16f72.jpg,4,0,0.03628287
22eff0154.jpg,1,0,0.22672404
22eff0154.jpg,2,1,0.63827217
22eff0154.jpg,3,0,0.19426982
22eff0154.jpg,4,0,0.0039462536
22f491abc.jpg,1,0,0.009346538
22f491abc.jpg,2,0,0.0030286203
22f491abc.jpg,3,0,0.4802158
22f491abc.jpg,4,1,0.7641337
22f6ac633.jpg,1,0,0.24789996
22f6ac633.jpg,2,0,0.028268123
22f6ac633.jpg,3,1,0.7639563
22f6ac633.jpg,4,0,0.003079733
22fba2f68.jpg,1,0,0.37228236
22fba2f68.jpg,2,0,0.09423188
22fba2f68.jpg,3,0,0.58185786
22fba2f68.jpg,4,0,0.09475553
230581d50.jpg,1,0,0.041263986
230581d50.jpg,2,0,0.025941657
230581d50.jpg,3,1,0.89814734
230581d50.jpg,4,0,0.0024767749
23217bed8.jpg,1,0,0.014851878
23217bed8.jpg,2,0,0.0018858673
23217bed8.jpg,3,1,0.94490767
23217bed8.jpg,4,0,0.014492168
232dc06e5.jpg,1,1,0.7424049
232dc06e5.jpg,2,0,0.002983045
232dc06e5.jpg,3,0,0.19868785
232dc06e5.jpg,4,0,0.041798517
2331ccc20.jpg,1,0,0.018450806
2331ccc20.jpg,2,0,0.0018948889
2331ccc20.jpg,3,1,0.9181761
2331ccc20.jpg,4,0,0.02897249
23365fa94.jpg,1,0,0.4898454
23365fa94.jpg,2,0,0.18833041
23365fa94.jpg,3,0,0.2656305
23365fa94.jpg,4,0,0.0043604416
2338c3671.jpg,1,0,0.050284103
2338c3671.jpg,2,0,0.005872671
2338c3671.jpg,3,1,0.90152055
2338c3671.jpg,4,0,0.00701007
233ba8cdc.jpg,1,0,0.09700254
233ba8cdc.jpg,2,0,0.005468486
233ba8cdc.jpg,3,1,0.89182824
233ba8cdc.jpg,4,0,0.020184493
233bb16d1.jpg,1,0,0.08747118
233bb16d1.jpg,2,0,0.06570074
233bb16d1.jpg,3,1,0.8438204
233bb16d1.jpg,4,0,0.0028919328
234198d88.jpg,1,0,0.054462064
234198d88.jpg,2,0,0.03590514
234198d88.jpg,3,1,0.87967795
234198d88.jpg,4,0,0.0017154593
2350dccf0.jpg,1,0,0.124261476
2350dccf0.jpg,2,0,0.0049316804
2350dccf0.jpg,3,1,0.74028605
2350dccf0.jpg,4,0,0.021810317
2354dd301.jpg,1,0,0.12274474
2354dd301.jpg,2,0,0.15937503
2354dd301.jpg,3,1,0.73194927
2354dd301.jpg,4,0,0.003609892
236244295.jpg,1,0,0.24336773
236244295.jpg,2,0,0.17176871
236244295.jpg,3,1,0.6569677
236244295.jpg,4,0,0.0068707354
2363573c7.jpg,1,0,0.0156013565
2363573c7.jpg,2,0,0.0031671748
2363573c7.jpg,3,0,0.4540094
2363573c7.jpg,4,1,0.7754248
2374caa1e.jpg,1,0,0.49456754
2374caa1e.jpg,2,0,0.029205851
2374caa1e.jpg,3,0,0.45689037
2374caa1e.jpg,4,0,0.012867231
23850b3bc.jpg,1,1,0.63716245
23850b3bc.jpg,2,0,0.100156486
23850b3bc.jpg,3,0,0.3680676
23850b3bc.jpg,4,0,0.012964447
238f984c2.jpg,1,0,0.55847603
238f984c2.jpg,2,0,0.07813824
238f984c2.jpg,3,0,0.2148794
238f984c2.jpg,4,0,0.0071802563
23949cda8.jpg,1,0,0.014509176
23949cda8.jpg,2,0,0.0021591804
23949cda8.jpg,3,1,0.7084217
23949cda8.jpg,4,0,0.50018203
23a37ff65.jpg,1,0,0.13889126
23a37ff65.jpg,2,0,0.1851163
23a37ff65.jpg,3,1,0.6925149
23a37ff65.jpg,4,0,0.003378626
23af382b2.jpg,1,0,0.3570278
23af382b2.jpg,2,0,0.006942822
23af382b2.jpg,3,1,0.7213338
23af382b2.jpg,4,0,0.0068717883
23b6fcfa1.jpg,1,0,0.36853182
23b6fcfa1.jpg,2,0,0.15301421
23b6fcfa1.jpg,3,0,0.45413867
23b6fcfa1.jpg,4,0,0.0034224056
23e0d228d.jpg,1,0,0.26160657
23e0d228d.jpg,2,0,0.01885124
23e0d228d.jpg,3,1,0.71671796
23e0d228d.jpg,4,0,0.057537165
23e3f9870.jpg,1,0,0.06933429
23e3f9870.jpg,2,0,0.08780853
23e3f9870.jpg,3,1,0.83540064
23e3f9870.jpg,4,0,0.0019350382
23fdc939d.jpg,1,0,0.020520767
23fdc939d.jpg,2,0,0.0035585845
23fdc939d.jpg,3,1,0.8097499
23fdc939d.jpg,4,0,0.024437042
24313b504.jpg,1,0,0.5814043
24313b504.jpg,2,0,0.016747283
24313b504.jpg,3,0,0.462742
24313b504.jpg,4,0,0.04795599
2435a1db4.jpg,1,0,0.051624935
2435a1db4.jpg,2,0,0.004436565
2435a1db4.jpg,3,1,0.83181816
2435a1db4.jpg,4,0,0.122133635
243bdc490.jpg,1,0,0.4486659
243bdc490.jpg,2,0,0.58574045
243bdc490.jpg,3,0,0.17422546
243bdc490.jpg,4,0,0.010210604
2443eff4b.jpg,1,0,0.5682908
2443eff4b.jpg,2,0,0.48318923
2443eff4b.jpg,3,0,0.27939853
2443eff4b.jpg,4,0,0.0038756642
244a982e0.jpg,1,0,0.014408465
244a982e0.jpg,2,0,0.0032772564
244a982e0.jpg,3,1,0.9066753
244a982e0.jpg,4,0,0.030664315
244d10e4a.jpg,1,0,0.13409682
244d10e4a.jpg,2,0,0.008624303
244d10e4a.jpg,3,1,0.8784377
244d10e4a.jpg,4,0,0.0051321476
2472ad1f2.jpg,1,0,0.08078676
2472ad1f2.jpg,2,0,0.0572311
2472ad1f2.jpg,3,1,0.85212046
2472ad1f2.jpg,4,0,0.005050658
2475b476d.jpg,1,0,0.17080665
2475b476d.jpg,2,0,0.083258815
2475b476d.jpg,3,1,0.7549848
2475b476d.jpg,4,0,0.0037026952
24810ee2c.jpg,1,0,0.060760483
24810ee2c.jpg,2,0,0.059685364
24810ee2c.jpg,3,1,0.8671238
24810ee2c.jpg,4,0,0.0013210484
2487ebb54.jpg,1,0,0.46884048
2487ebb54.jpg,2,0,0.0076756827
2487ebb54.jpg,3,0,0.44227847
2487ebb54.jpg,4,0,0.008071594
2494df772.jpg,1,0,0.03679743
2494df772.jpg,2,0,0.017234268
2494df772.jpg,3,1,0.8779578
2494df772.jpg,4,0,0.0034797685
24b541e55.jpg,1,0,0.24100463
24b541e55.jpg,2,0,0.11007861
24b541e55.jpg,3,0,0.48486713
24b541e55.jpg,4,0,0.11524012
24c30e916.jpg,1,0,0.042104963
24c30e916.jpg,2,0,0.006161137
24c30e916.jpg,3,1,0.9001679
24c30e916.jpg,4,0,0.006495303
24d3302c8.jpg,1,0,0.05493286
24d3302c8.jpg,2,0,0.0025757097
24d3302c8.jpg,3,1,0.6730037
24d3302c8.jpg,4,0,0.022740955
24dad8665.jpg,1,0,0.25227216
24dad8665.jpg,2,0,0.026924342
24dad8665.jpg,3,1,0.7215108
24dad8665.jpg,4,0,0.012061133
24e1f2523.jpg,1,0,0.05007695
24e1f2523.jpg,2,0,0.05201465
24e1f2523.jpg,3,0,0.36612114
24e1f2523.jpg,4,1,0.61284393
24eefbda6.jpg,1,0,0.013047297
24eefbda6.jpg,2,0,0.0022017895
24eefbda6.jpg,3,1,0.9230313
24eefbda6.jpg,4,0,0.01661959
24f04c554.jpg,1,0,0.030732855
24f04c554.jpg,2,0,0.0061452514
24f04c554.jpg,3,0,0.5869541
24f04c554.jpg,4,1,0.6465207
2511baed5.jpg,1,0,0.048415
2511baed5.jpg,2,0,0.025716893
2511baed5.jpg,3,1,0.8897801
2511baed5.jpg,4,0,0.0026775093
25125c191.jpg,1,0,0.021335451
25125c191.jpg,2,0,0.031493764
25125c191.jpg,3,0,0.5405096
25125c191.jpg,4,0,0.13822412
251381c73.jpg,1,0,0.54588854
251381c73.jpg,2,0,0.017735964
251381c73.jpg,3,0,0.52698594
251381c73.jpg,4,0,0.018796822
2514b2cb1.jpg,1,0,0.2153958
2514b2cb1.jpg,2,0,0.12570968
2514b2cb1.jpg,3,0,0.41827795
2514b2cb1.jpg,4,0,0.1903898
2523fef1b.jpg,1,0,0.010861865
2523fef1b.jpg,2,0,0.0016294058
2523fef1b.jpg,3,0,0.43188843
2523fef1b.jpg,4,1,0.7801463
2525f0bcc.jpg,1,0,0.13727094
2525f0bcc.jpg,2,0,0.3135335
2525f0bcc.jpg,3,1,0.63545936
2525f0bcc.jpg,4,0,0.003325246
2536777a8.jpg,1,0,0.5461295
2536777a8.jpg,2,0,0.008580315
2536777a8.jpg,3,0,0.39155337
2536777a8.jpg,4,0,0.12933664
256aeb46a.jpg,1,0,0.048400182
256aeb46a.jpg,2,0,0.02527976
256aeb46a.jpg,3,1,0.8927658
256aeb46a.jpg,4,0,0.0019567057
256eb8ae3.jpg,1,0,0.03865062
256eb8ae3.jpg,2,0,0.022534711
256eb8ae3.jpg,3,1,0.89321715
256eb8ae3.jpg,4,0,0.0028025259
25706843b.jpg,1,1,0.7609213
25706843b.jpg,2,0,0.005550951
25706843b.jpg,3,0,0.20857187
25706843b.jpg,4,0,0.023195237
2588ba87a.jpg,1,0,0.25092152
2588ba87a.jpg,2,0,0.002928451
2588ba87a.jpg,3,1,0.8645916
2588ba87a.jpg,4,0,0.020887876
25a1d91d4.jpg,1,1,0.7168618
25a1d91d4.jpg,2,0,0.04768241
25a1d91d4.jpg,3,0,0.19226038
25a1d91d4.jpg,4,0,0.0061656963
25a8d81e4.jpg,1,0,0.046805535
25a8d81e4.jpg,2,0,0.05606869
25a8d81e4.jpg,3,1,0.6549587
25a8d81e4.jpg,4,0,0.1705034
25afa31f2.jpg,1,0,0.030192977
25afa31f2.jpg,2,0,0.006236239
25afa31f2.jpg,3,1,0.81097704
25afa31f2.jpg,4,0,0.016576113
25bac7f1d.jpg,1,0,0.3934926
25bac7f1d.jpg,2,0,0.010992016
25bac7f1d.jpg,3,0,0.52086717
25bac7f1d.jpg,4,0,0.021804413
25c5fe53a.jpg,1,0,0.22966772
25c5fe53a.jpg,2,0,0.068657875
25c5fe53a.jpg,3,0,0.23354076
25c5fe53a.jpg,4,0,0.00841496
25d617d88.jpg,1,0,0.10274339
25d617d88.jpg,2,0,0.037840206
25d617d88.jpg,3,1,0.8291197
25d617d88.jpg,4,0,0.004456872
25dbbb749.jpg,1,0,0.05728573
25dbbb749.jpg,2,0,0.03146114
25dbbb749.jpg,3,1,0.87134385
25dbbb749.jpg,4,0,0.002977996
25df72059.jpg,1,0,0.023801336
25df72059.jpg,2,0,0.003550456
25df72059.jpg,3,1,0.8252559
25df72059.jpg,4,0,0.04252969
260124c49.jpg,1,0,0.048996177
260124c49.jpg,2,0,0.016704043
260124c49.jpg,3,1,0.795507
260124c49.jpg,4,0,0.033823133
26197a7b9.jpg,1,1,0.6749997
26197a7b9.jpg,2,0,0.008346697
26197a7b9.jpg,3,0,0.19574523
26197a7b9.jpg,4,0,0.018740768
26306db43.jpg,1,0,0.0332033
26306db43.jpg,2,0,0.0039575626
26306db43.jpg,3,1,0.90465826
26306db43.jpg,4,0,0.007868473
263934510.jpg,1,0,0.31803602
263934510.jpg,2,0,0.0030894792
263934510.jpg,3,1,0.733361
263934510.jpg,4,0,0.012678531
2643cff8d.jpg,1,0,0.2358566
2643cff8d.jpg,2,0,0.5378199
2643cff8d.jpg,3,0,0.36817154
2643cff8d.jpg,4,0,0.0040329965
26478eaba.jpg,1,0,0.061840903
26478eaba.jpg,2,0,0.003257965
26478eaba.jpg,3,1,0.78870463
26478eaba.jpg,4,0,0.02371946
264ba50ca.jpg,1,0,0.21960177
264ba50ca.jpg,2,0,0.13120951
264ba50ca.jpg,3,1,0.7065107
264ba50ca.jpg,4,0,0.0028948395
265dbf5ce.jpg,1,0,0.081462435
265dbf5ce.jpg,2,1,0.6922903
265dbf5ce.jpg,3,0,0.29774162
265dbf5ce.jpg,4,0,0.043446716
265e7c408.jpg,1,0,0.051663358
265e7c408.jpg,2,0,0.00897067
265e7c408.jpg,3,0,0.42464137
265e7c408.jpg,4,1,0.7612869
266a9f76c.jpg,1,0,0.030159293
266a9f76c.jpg,2,0,0.023710428
266a9f76c.jpg,3,1,0.86564463
266a9f76c.jpg,4,0,0.015194106
266ff72a3.jpg,1,0,0.054789778
266ff72a3.jpg,2,0,0.037098687
266ff72a3.jpg,3,1,0.8808437
266ff72a3.jpg,4,0,0.0012192883
268a06d26.jpg,1,0,0.04202639
268a06d26.jpg,2,0,0.020748531
268a06d26.jpg,3,1,0.86816597
268a06d26.jpg,4,0,0.003233276
269431f85.jpg,1,0,0.04663009
269431f85.jpg,2,0,0.067277856
269431f85.jpg,3,1,0.8642631
269431f85.jpg,4,0,0.0037384776
2699f2a15.jpg,1,0,0.03177873
2699f2a15.jpg,2,0,0.006229747
2699f2a15.jpg,3,1,0.71372646
2699f2a15.jpg,4,0,0.34828365
269eb0599.jpg,1,0,0.052697077
269eb0599.jpg,2,0,0.04292256
269eb0599.jpg,3,1,0.8453355
269eb0599.jpg,4,0,0.027213322
26a2f9809.jpg,1,0,0.49139765
26a2f9809.jpg,2,0,0.008359458
26a2f9809.jpg,3,0,0.4238858
26a2f9809.jpg,4,0,0.044348698
26d4c1c22.jpg,1,0,0.30269822
26d4c1c22.jpg,2,0,0.08063132
26d4c1c22.jpg,3,0,0.50122076
26d4c1c22.jpg,4,0,0.0074477065
26e7c55a1.jpg,1,0,0.0414497
26e7c55a1.jpg,2,0,0.0025084375
26e7c55a1.jpg,3,1,0.7198281
26e7c55a1.jpg,4,0,0.030908354
26f0fe7bd.jpg,1,0,0.34709945
26f0fe7bd.jpg,2,0,0.026064934
26f0fe7bd.jpg,3,0,0.3374299
26f0fe7bd.jpg,4,0,0.37005115
26f695c7d.jpg,1,0,0.20871843
26f695c7d.jpg,2,0,0.04562867
26f695c7d.jpg,3,1,0.617444
26f695c7d.jpg,4,0,0.009128333
270a7983c.jpg,1,0,0.057229877
270a7983c.jpg,2,0,0.0060828007
270a7983c.jpg,3,0,0.42684567
270a7983c.jpg,4,1,0.7557342
2710a5b31.jpg,1,0,0.4211001
2710a5b31.jpg,2,0,0.0397934
2710a5b31.jpg,3,0,0.34241703
2710a5b31.jpg,4,0,0.01031666
272391863.jpg,1,0,0.14384197
272391863.jpg,2,0,0.0052788197
272391863.jpg,3,1,0.795605
272391863.jpg,4,0,0.00918705
2728ac2e4.jpg,1,0,0.22015528
2728ac2e4.jpg,2,0,0.006571976
2728ac2e4.jpg,3,1,0.69498634
2728ac2e4.jpg,4,0,0.024152284
272afb185.jpg,1,0,0.26924643
272afb185.jpg,2,0,0.43883213
272afb185.jpg,3,0,0.4432555
272afb185.jpg,4,0,0.004807559
272e97e63.jpg,1,0,0.015645258
272e97e63.jpg,2,0,0.0044966037
272e97e63.jpg,3,0,0.3378046
272e97e63.jpg,4,1,0.87657374
273d5bd8b.jpg,1,0,0.058155928
273d5bd8b.jpg,2,0,0.061229017
273d5bd8b.jpg,3,1,0.86194944
273d5bd8b.jpg,4,0,0.002541031
274004b27.jpg,1,0,0.046861276
274004b27.jpg,2,0,0.028049342
274004b27.jpg,3,1,0.88490516
274004b27.jpg,4,0,0.0018488709
2741c6716.jpg,1,0,0.04619922
2741c6716.jpg,2,0,0.038456734
2741c6716.jpg,3,1,0.80285263
2741c6716.jpg,4,0,0.12900878
2743686aa.jpg,1,1,0.7313613
2743686aa.jpg,2,0,0.011965307
2743686aa.jpg,3,0,0.3506471
2743686aa.jpg,4,0,0.01261051
27453bb28.jpg,1,0,0.083248585
27453bb28.jpg,2,0,0.027840631
27453bb28.jpg,3,1,0.87570906
27453bb28.jpg,4,0,0.0023479213
274cd61fa.jpg,1,1,0.765073
274cd61fa.jpg,2,0,0.021781385
274cd61fa.jpg,3,0,0.15011196
274cd61fa.jpg,4,0,0.020295864
2753a5096.jpg,1,1,0.7612803
2753a5096.jpg,2,0,0.014890876
2753a5096.jpg,3,0,0.2436837
2753a5096.jpg,4,0,0.00559846
275612092.jpg,1,0,0.1829087
275612092.jpg,2,0,0.09582424
275612092.jpg,3,1,0.7826715
275612092.jpg,4,0,0.0042350483
278aa99c1.jpg,1,0,0.02531136
278aa99c1.jpg,2,0,0.007564413
278aa99c1.jpg,3,1,0.7129879
278aa99c1.jpg,4,0,0.1652638
278b20cb1.jpg,1,0,0.20234202
278b20cb1.jpg,2,0,0.0027939144
278b20cb1.jpg,3,1,0.9251611
278b20cb1.jpg,4,0,0.010033199
278f8ec18.jpg,1,0,0.16232102
278f8ec18.jpg,2,0,0.03675748
278f8ec18.jpg,3,1,0.7759552
278f8ec18.jpg,4,0,0.020556666
27a2021f7.jpg,1,0,0.28425953
27a2021f7.jpg,2,0,0.39213893
27a2021f7.jpg,3,0,0.53773093
27a2021f7.jpg,4,0,0.004069263
27acdf5a0.jpg,1,0,0.3679591
27acdf5a0.jpg,2,0,0.048307434
27acdf5a0.jpg,3,0,0.51357
27acdf5a0.jpg,4,0,0.109351486
27afa16e1.jpg,1,0,0.028238527
27afa16e1.jpg,2,0,0.006449303
27afa16e1.jpg,3,1,0.8754881
27afa16e1.jpg,4,0,0.008758445
27be3e0d8.jpg,1,0,0.3947271
27be3e0d8.jpg,2,0,0.107771255
27be3e0d8.jpg,3,0,0.46676525
27be3e0d8.jpg,4,0,0.0290438
27cd8f9f5.jpg,1,0,0.055310886
27cd8f9f5.jpg,2,0,0.059724495
27cd8f9f5.jpg,3,1,0.85490626
27cd8f9f5.jpg,4,0,0.0061599934
27e005837.jpg,1,0,0.101816826
27e005837.jpg,2,0,0.018500432
27e005837.jpg,3,0,0.27623862
27e005837.jpg,4,0,0.015581331
27eed9226.jpg,1,1,0.69216913
27eed9226.jpg,2,0,0.12700707
27eed9226.jpg,3,0,0.1557126
27eed9226.jpg,4,0,0.009465431
28053cc1d.jpg,1,0,0.08163933
28053cc1d.jpg,2,0,0.10161403
28053cc1d.jpg,3,1,0.80477744
28053cc1d.jpg,4,0,0.0019352009
2806e873d.jpg,1,0,0.33167788
2806e873d.jpg,2,0,0.020900363
2806e873d.jpg,3,1,0.67404693
2806e873d.jpg,4,0,0.021551209
280e93616.jpg,1,0,0.061674047
280e93616.jpg,2,0,0.03271638
280e93616.jpg,3,1,0.8839076
280e93616.jpg,4,0,0.001811179
28138ebf2.jpg,1,0,0.01908201
28138ebf2.jpg,2,0,0.0038474228
28138ebf2.jpg,3,0,0.31291378
28138ebf2.jpg,4,0,0.5221556
2819eaa18.jpg,1,0,0.045126636
2819eaa18.jpg,2,0,0.014373108
2819eaa18.jpg,3,1,0.78208715
2819eaa18.jpg,4,0,0.06056161
2823dbcae.jpg,1,0,0.23746485
2823dbcae.jpg,2,0,0.013729521
2823dbcae.jpg,3,0,0.51611525
2823dbcae.jpg,4,0,0.31235042
2825e54a8.jpg,1,0,0.046720028
2825e54a8.jpg,2,0,0.022777557
2825e54a8.jpg,3,1,0.8711694
2825e54a8.jpg,4,0,0.0051605445
282759a7d.jpg,1,0,0.062765636
282759a7d.jpg,2,0,0.03702798
282759a7d.jpg,3,1,0.874573
282759a7d.jpg,4,0,0.0014248773
282995a7c.jpg,1,1,0.68250614
282995a7c.jpg,2,0,0.31317624
282995a7c.jpg,3,0,0.1658295
282995a7c.jpg,4,0,0.0045921183
28351fcc7.jpg,1,0,0.22313541
28351fcc7.jpg,2,0,0.39550927
28351fcc7.jpg,3,0,0.52305275
28351fcc7.jpg,4,0,0.004074583
28401ee19.jpg,1,0,0.25027815
28401ee19.jpg,2,0,0.04092258
28401ee19.jpg,3,0,0.45264697
28401ee19.jpg,4,0,0.18146574
284976a11.jpg,1,0,0.039438367
284976a11.jpg,2,0,0.01668545
284976a11.jpg,3,1,0.8932018
284976a11.jpg,4,0,0.04938589
2854145c5.jpg,1,0,0.09468935
2854145c5.jpg,2,0,0.04483903
2854145c5.jpg,3,1,0.84380984
2854145c5.jpg,4,0,0.010989943
287093205.jpg,1,1,0.72943443
287093205.jpg,2,0,0.017623937
287093205.jpg,3,0,0.21376686
287093205.jpg,4,0,0.08000607
28774a810.jpg,1,0,0.052937943
28774a810.jpg,2,0,0.02711735
28774a810.jpg,3,1,0.8932154
28774a810.jpg,4,0,0.003455311
28886a2f4.jpg,1,0,0.024622513
28886a2f4.jpg,2,0,0.0033246456
28886a2f4.jpg,3,0,0.3537728
28886a2f4.jpg,4,1,0.8891732
288d92035.jpg,1,0,0.19848977
288d92035.jpg,2,0,0.2582678
288d92035.jpg,3,0,0.5257679
288d92035.jpg,4,0,0.002856929
289d347d9.jpg,1,0,0.05625236
289d347d9.jpg,2,0,0.0066686966
289d347d9.jpg,3,0,0.4223995
289d347d9.jpg,4,0,0.19962601
28abae65f.jpg,1,0,0.09868458
28abae65f.jpg,2,0,0.044270203
28abae65f.jpg,3,1,0.80690956
28abae65f.jpg,4,0,0.014377085
28ae995da.jpg,1,0,0.024860159
28ae995da.jpg,2,0,0.01423651
28ae995da.jpg,3,1,0.8936133
28ae995da.jpg,4,0,0.0045810933
28c2b84a3.jpg,1,0,0.35051307
28c2b84a3.jpg,2,0,0.1368221
28c2b84a3.jpg,3,0,0.42493662
28c2b84a3.jpg,4,0,0.1304431
28db23078.jpg,1,0,0.32519284
28db23078.jpg,2,0,0.03403371
28db23078.jpg,3,0,0.34057948
28db23078.jpg,4,0,0.4242811
28e585174.jpg,1,0,0.029999616
28e585174.jpg,2,0,0.0178458
28e585174.jpg,3,0,0.247337
28e585174.jpg,4,0,0.349192
28fdc7d3d.jpg,1,0,0.20237528
28fdc7d3d.jpg,2,0,0.050129026
28fdc7d3d.jpg,3,1,0.64290434
28fdc7d3d.jpg,4,0,0.12714483
290135f51.jpg,1,0,0.053174183
290135f51.jpg,2,0,0.027593454
290135f51.jpg,3,1,0.8916896
290135f51.jpg,4,0,0.0027672846
2907ef288.jpg,1,0,0.30322632
2907ef288.jpg,2,0,0.19226897
2907ef288.jpg,3,0,0.59328336
2907ef288.jpg,4,0,0.008499144
291723a3e.jpg,1,0,0.022655176
291723a3e.jpg,2,0,0.004491162
291723a3e.jpg,3,1,0.94165
291723a3e.jpg,4,0,0.016625853
2929a4966.jpg,1,0,0.035711914
2929a4966.jpg,2,0,0.018607447
2929a4966.jpg,3,1,0.8719266
2929a4966.jpg,4,0,0.002882432
293581351.jpg,1,0,0.15571253
293581351.jpg,2,0,0.2191112
293581351.jpg,3,1,0.6687581
293581351.jpg,4,0,0.005969297
29490725f.jpg,1,0,0.050606016
29490725f.jpg,2,0,0.025531823
29490725f.jpg,3,1,0.89020985
29490725f.jpg,4,0,0.0019509904
2951e3fd4.jpg,1,0,0.37192705
2951e3fd4.jpg,2,0,0.27309746
2951e3fd4.jpg,3,0,0.5025828
2951e3fd4.jpg,4,0,0.004869002
2954d0ed5.jpg,1,0,0.13968697
2954d0ed5.jpg,2,0,0.04465658
2954d0ed5.jpg,3,1,0.6360181
2954d0ed5.jpg,4,0,0.005598605
295cfb06c.jpg,1,0,0.079921834
295cfb06c.jpg,2,0,0.0061355885
295cfb06c.jpg,3,1,0.842496
295cfb06c.jpg,4,0,0.015385677
2961e4994.jpg,1,0,0.5759736
2961e4994.jpg,2,0,0.008195745
2961e4994.jpg,3,0,0.5692137
2961e4994.jpg,4,0,0.025778413
297354977.jpg,1,0,0.05117926
297354977.jpg,2,0,0.0394503
297354977.jpg,3,1,0.8720963
297354977.jpg,4,0,0.002170162
29a71d107.jpg,1,0,0.038415086
29a71d107.jpg,2,0,0.008834108
29a71d107.jpg,3,1,0.77509254
29a71d107.jpg,4,0,0.016836042
29acfaa7a.jpg,1,0,0.11255452
29acfaa7a.jpg,2,0,0.027309297
29acfaa7a.jpg,3,1,0.6133951
29acfaa7a.jpg,4,0,0.34326437
29dc30e16.jpg,1,0,0.07061774
29dc30e16.jpg,2,0,0.025310954
29dc30e16.jpg,3,1,0.88093185
29dc30e16.jpg,4,0,0.0034573975
29e48c5cb.jpg,1,0,0.21568733
29e48c5cb.jpg,2,0,0.104313195
29e48c5cb.jpg,3,1,0.68713444
29e48c5cb.jpg,4,0,0.00612923
2a0f8a9cb.jpg,1,0,0.02270908
2a0f8a9cb.jpg,2,0,0.010425688
2a0f8a9cb.jpg,3,1,0.9050217
2a0f8a9cb.jpg,4,0,0.0036468487
2a17f8fed.jpg,1,0,0.09816795
2a17f8fed.jpg,2,0,0.05482365
2a17f8fed.jpg,3,1,0.8486572
2a17f8fed.jpg,4,0,0.004479623
2a36805c6.jpg,1,0,0.21505868
2a36805c6.jpg,2,0,0.005284319
2a36805c6.jpg,3,1,0.73313355
2a36805c6.jpg,4,0,0.156682
2a5cc5f58.jpg,1,1,0.79882336
2a5cc5f58.jpg,2,0,0.032332033
2a5cc5f58.jpg,3,0,0.1226934
2a5cc5f58.jpg,4,0,0.006965302
2a67775aa.jpg,1,0,0.31908837
2a67775aa.jpg,2,0,0.19486988
2a67775aa.jpg,3,0,0.3207476
2a67775aa.jpg,4,0,0.078190915
2a6e93687.jpg,1,0,0.4998419
2a6e93687.jpg,2,0,0.0019230832
2a6e93687.jpg,3,1,0.762068
2a6e93687.jpg,4,0,0.011108371
2a821132a.jpg,1,0,0.02709522
2a821132a.jpg,2,0,0.0017472451
2a821132a.jpg,3,0,0.4837048
2a821132a.jpg,4,1,0.8081455
2a830069f.jpg,1,0,0.06915988
2a830069f.jpg,2,0,0.009348291
2a830069f.jpg,3,1,0.844004
2a830069f.jpg,4,0,0.023283616
2a86ade0d.jpg,1,1,0.6825249
2a86ade0d.jpg,2,0,0.27753776
2a86ade0d.jpg,3,0,0.31605947
2a86ade0d.jpg,4,0,0.0038810584
2a8bec9ce.jpg,1,0,0.092611045
2a8bec9ce.jpg,2,0,0.008238096
2a8bec9ce.jpg,3,0,0.57259434
2a8bec9ce.jpg,4,0,0.3214405
2a9352386.jpg,1,0,0.057481643
2a9352386.jpg,2,0,0.028302843
2a9352386.jpg,3,1,0.87866956
2a9352386.jpg,4,0,0.0042029754
2ad7cca24.jpg,1,0,0.11913908
2ad7cca24.jpg,2,0,0.17714526
2ad7cca24.jpg,3,1,0.7470586
2ad7cca24.jpg,4,0,0.0044174884
2ad9c7f2a.jpg,1,0,0.58347553
2ad9c7f2a.jpg,2,0,0.25911677
2ad9c7f2a.jpg,3,0,0.2759577
2ad9c7f2a.jpg,4,0,0.0047251047
2ade2050b.jpg,1,0,0.07821126
2ade2050b.jpg,2,0,0.05105527
2ade2050b.jpg,3,1,0.84372735
2ade2050b.jpg,4,0,0.0073636896
2aedef912.jpg,1,0,0.059700083
2aedef912.jpg,2,0,0.008880555
2aedef912.jpg,3,1,0.8787529
2aedef912.jpg,4,0,0.0036772527
2af785568.jpg,1,0,0.11765089
2af785568.jpg,2,0,0.005710265
2af785568.jpg,3,0,0.44372138
2af785568.jpg,4,0,0.017807111
2b0e5c7d5.jpg,1,0,0.04532121
2b0e5c7d5.jpg,2,0,0.01537833
2b0e5c7d5.jpg,3,1,0.85408515
2b0e5c7d5.jpg,4,0,0.057622094
2b1c28762.jpg,1,0,0.040247012
2b1c28762.jpg,2,0,0.022712683
2b1c28762.jpg,3,1,0.89447135
2b1c28762.jpg,4,0,0.0026143184
2b1d146af.jpg,1,0,0.07372897
2b1d146af.jpg,2,0,0.08292566
2b1d146af.jpg,3,1,0.82470924
2b1d146af.jpg,4,0,0.002936813
2b1d664af.jpg,1,0,0.08580599
2b1d664af.jpg,2,0,0.036477413
2b1d664af.jpg,3,1,0.7996936
2b1d664af.jpg,4,0,0.0275214
2b33f6956.jpg,1,0,0.036832232
2b33f6956.jpg,2,0,0.024194544
2b33f6956.jpg,3,0,0.22068416
2b33f6956.jpg,4,0,0.43581784
2b4ea2115.jpg,1,0,0.10244652
2b4ea2115.jpg,2,0,0.12854207
2b4ea2115.jpg,3,1,0.82466936
2b4ea2115.jpg,4,0,0.0066476814
2b53b0491.jpg,1,0,0.047297608
2b53b0491.jpg,2,0,0.043165695
2b53b0491.jpg,3,1,0.88259697
2b53b0491.jpg,4,0,0.0030918475
2b5a7087b.jpg,1,0,0.048450503
2b5a7087b.jpg,2,0,0.029804789
2b5a7087b.jpg,3,1,0.89127785
2b5a7087b.jpg,4,0,0.0022649316
2b6c68337.jpg,1,0,0.08580954
2b6c68337.jpg,2,0,0.007637171
2b6c68337.jpg,3,1,0.83693594
2b6c68337.jpg,4,0,0.006524911
2b75eb7ae.jpg,1,1,0.7465272
2b75eb7ae.jpg,2,0,0.119892895
2b75eb7ae.jpg,3,0,0.13841039
2b75eb7ae.jpg,4,0,0.0076417457
2b797bba8.jpg,1,0,0.02832608
2b797bba8.jpg,2,0,0.013216726
2b797bba8.jpg,3,1,0.66530436
2b797bba8.jpg,4,0,0.3303178
2b7e99f41.jpg,1,0,0.11548672
2b7e99f41.jpg,2,0,0.02076455
2b7e99f41.jpg,3,0,0.4722726
2b7e99f41.jpg,4,1,0.6288515
2b831f411.jpg,1,0,0.20613141
2b831f411.jpg,2,0,0.0108721815
2b831f411.jpg,3,0,0.598514
2b831f411.jpg,4,0,0.064209454
2b9a64a2a.jpg,1,0,0.051309656
2b9a64a2a.jpg,2,0,0.026394939
2b9a64a2a.jpg,3,1,0.8426707
2b9a64a2a.jpg,4,0,0.021419944
2ba82045e.jpg,1,0,0.13568568
2ba82045e.jpg,2,0,0.10675604
2ba82045e.jpg,3,1,0.62477523
2ba82045e.jpg,4,0,0.014246721
2bd0609c8.jpg,1,0,0.20720123
2bd0609c8.jpg,2,0,0.095332205
2bd0609c8.jpg,3,1,0.63187534
2bd0609c8.jpg,4,0,0.008256522
2bd4e6058.jpg,1,0,0.13173793
2bd4e6058.jpg,2,0,0.016043356
2bd4e6058.jpg,3,1,0.7368508
2bd4e6058.jpg,4,0,0.07384645
2be8951dd.jpg,1,0,0.15022063
2be8951dd.jpg,2,0,0.022587903
2be8951dd.jpg,3,1,0.8106496
2be8951dd.jpg,4,0,0.006531792
2beb4de91.jpg,1,0,0.021855704
2beb4de91.jpg,2,0,0.003201531
2beb4de91.jpg,3,0,0.44841003
2beb4de91.jpg,4,1,0.7911341
2c037057b.jpg,1,0,0.13300085
2c037057b.jpg,2,0,0.28352627
2c037057b.jpg,3,0,0.5905822
2c037057b.jpg,4,0,0.0040253415
2c09c3654.jpg,1,0,0.16445194
2c09c3654.jpg,2,0,0.23821042
2c09c3654.jpg,3,1,0.6182641
2c09c3654.jpg,4,0,0.0033247594
2c0eea9dc.jpg,1,0,0.0942513
2c0eea9dc.jpg,2,0,0.014671534
2c0eea9dc.jpg,3,1,0.8703069
2c0eea9dc.jpg,4,0,0.0058433698
2c1285a3c.jpg,1,0,0.26756623
2c1285a3c.jpg,2,0,0.2179128
2c1285a3c.jpg,3,0,0.48046002
2c1285a3c.jpg,4,0,0.003744329
2c12fe99f.jpg,1,0,0.33173284
2c12fe99f.jpg,2,0,0.01249231
2c12fe99f.jpg,3,1,0.70878786
2c12fe99f.jpg,4,0,0.05664922
2c15c2bc1.jpg,1,0,0.04746671
2c15c2bc1.jpg,2,0,0.007831675
2c15c2bc1.jpg,3,1,0.8223712
2c15c2bc1.jpg,4,0,0.32094607
2c21b9ba2.jpg,1,0,0.043474432
2c21b9ba2.jpg,2,0,0.15521173
2c21b9ba2.jpg,3,1,0.7875169
2c21b9ba2.jpg,4,0,0.007962815
2c29f8e2d.jpg,1,0,0.04615408
2c29f8e2d.jpg,2,0,0.029854408
2c29f8e2d.jpg,3,1,0.88628817
2c29f8e2d.jpg,4,0,0.0021188844
2c300d51e.jpg,1,0,0.45095098
2c300d51e.jpg,2,0,0.50483835
2c300d51e.jpg,3,0,0.38625526
2c300d51e.jpg,4,0,0.0045583323
2c33213b4.jpg,1,0,0.11077196
2c33213b4.jpg,2,0,0.015150699
2c33213b4.jpg,3,1,0.87255716
2c33213b4.jpg,4,0,0.010979038
2c632dae7.jpg,1,0,0.040770296
2c632dae7.jpg,2,0,0.018965282
2c632dae7.jpg,3,1,0.88959104
2c632dae7.jpg,4,0,0.0033684692
2c6dcf6f4.jpg,1,1,0.70452136
2c6dcf6f4.jpg,2,0,0.018416522
2c6dcf6f4.jpg,3,0,0.3143977
2c6dcf6f4.jpg,4,0,0.025494546
2c6df432d.jpg,1,0,0.14110264
2c6df432d.jpg,2,0,0.006766233
2c6df432d.jpg,3,1,0.6161791
2c6df432d.jpg,4,0,0.47073135
2ca4b62ff.jpg,1,0,0.23874725
2ca4b62ff.jpg,2,0,0.51868683
2ca4b62ff.jpg,3,0,0.4382533
2ca4b62ff.jpg,4,0,0.0041544107
2ca9ad806.jpg,1,0,0.43139803
2ca9ad806.jpg,2,0,0.32144392
2ca9ad806.jpg,3,0,0.2737914
2ca9ad806.jpg,4,0,0.010500073
2cc0169db.jpg,1,0,0.21412772
2cc0169db.jpg,2,0,0.0041608457
2cc0169db.jpg,3,0,0.49400285
2cc0169db.jpg,4,0,0.013843685
2cd567683.jpg,1,0,0.046701804
2cd567683.jpg,2,0,0.018582491
2cd567683.jpg,3,1,0.6171277
2cd567683.jpg,4,0,0.4043837
2ce89fa13.jpg,1,0,0.0772194
2ce89fa13.jpg,2,0,0.045602914
2ce89fa13.jpg,3,1,0.8659944
2ce89fa13.jpg,4,0,0.002101194
2d0747da9.jpg,1,0,0.3103796
2d0747da9.jpg,2,0,0.033548936
2d0747da9.jpg,3,1,0.7428787
2d0747da9.jpg,4,0,0.0129786655
2d1bd31e6.jpg,1,0,0.026878143
2d1bd31e6.jpg,2,0,0.003106498
2d1bd31e6.jpg,3,1,0.70023394
2d1bd31e6.jpg,4,0,0.020693617
2d2474be8.jpg,1,0,0.21449997
2d2474be8.jpg,2,0,0.006200718
2d2474be8.jpg,3,1,0.8258252
2d2474be8.jpg,4,0,0.015238136
2d3b1ad23.jpg,1,0,0.026152382
2d3b1ad23.jpg,2,0,0.010217314
2d3b1ad23.jpg,3,1,0.683696
2d3b1ad23.jpg,4,0,0.22733627
2d5a400dd.jpg,1,0,0.08970818
2d5a400dd.jpg,2,0,0.13664596
2d5a400dd.jpg,3,0,0.5879292
2d5a400dd.jpg,4,0,0.031277318
2d6adba8c.jpg,1,0,0.041719552
2d6adba8c.jpg,2,0,0.0057878997
2d6adba8c.jpg,3,0,0.48073637
2d6adba8c.jpg,4,0,0.24868418
2d7979826.jpg,1,0,0.03567417
2d7979826.jpg,2,0,0.014199071
2d7979826.jpg,3,1,0.8867056
2d7979826.jpg,4,0,0.0057821856
2d7c8c432.jpg,1,0,0.037368324
2d7c8c432.jpg,2,0,0.0029957967
2d7c8c432.jpg,3,1,0.92166775
2d7c8c432.jpg,4,0,0.008787977
2d8fa3ef6.jpg,1,0,0.31180635
2d8fa3ef6.jpg,2,0,0.0082003595
2d8fa3ef6.jpg,3,1,0.8103564
2d8fa3ef6.jpg,4,0,0.013048112
2d905add8.jpg,1,1,0.6064268
2d905add8.jpg,2,0,0.014653023
2d905add8.jpg,3,0,0.4264396
2d905add8.jpg,4,0,0.014529514
2d9a3580f.jpg,1,0,0.056439426
2d9a3580f.jpg,2,0,0.23182328
2d9a3580f.jpg,3,0,0.36585173
2d9a3580f.jpg,4,0,0.01050906
2dacfac73.jpg,1,0,0.3714023
2dacfac73.jpg,2,0,0.32354146
2dacfac73.jpg,3,0,0.1924055
2dacfac73.jpg,4,0,0.09981391
2dba99f31.jpg,1,1,0.66384226
2dba99f31.jpg,2,0,0.24493445
2dba99f31.jpg,3,0,0.17711876
2dba99f31.jpg,4,0,0.014648485
2dbd4efce.jpg,1,0,0.29746187
2dbd4efce.jpg,2,0,0.017667862
2dbd4efce.jpg,3,0,0.556595
2dbd4efce.jpg,4,0,0.015060257
2df0b28cd.jpg,1,0,0.08255661
2df0b28cd.jpg,2,0,0.08802703
2df0b28cd.jpg,3,0,0.4956092
2df0b28cd.jpg,4,0,0.27011964
2df34e86d.jpg,1,0,0.066813834
2df34e86d.jpg,2,0,0.10602193
2df34e86d.jpg,3,1,0.83936626
2df34e86d.jpg,4,0,0.005045231
2e00fee4c.jpg,1,0,0.14059944
2e00fee4c.jpg,2,0,0.020007014
2e00fee4c.jpg,3,1,0.782207
2e00fee4c.jpg,4,0,0.0053968956
2e0e61fc8.jpg,1,1,0.61660045
2e0e61fc8.jpg,2,0,0.07130103
2e0e61fc8.jpg,3,0,0.33485082
2e0e61fc8.jpg,4,0,0.021174958
2e1014fb7.jpg,1,0,0.056666568
2e1014fb7.jpg,2,0,0.0012884281
2e1014fb7.jpg,3,1,0.9389636
2e1014fb7.jpg,4,0,0.005189203
2e19d94c0.jpg,1,0,0.05116846
2e19d94c0.jpg,2,0,0.025320685
2e19d94c0.jpg,3,1,0.89476055
2e19d94c0.jpg,4,0,0.0029983316
2e2429762.jpg,1,0,0.1282122
2e2429762.jpg,2,0,0.06990021
2e2429762.jpg,3,1,0.6832681
2e2429762.jpg,4,0,0.003610843
2e271886d.jpg,1,0,0.07485301
2e271886d.jpg,2,0,0.0045691724
2e271886d.jpg,3,1,0.7511878
2e271886d.jpg,4,0,0.021448687
2e4095351.jpg,1,0,0.17565264
2e4095351.jpg,2,0,0.037214898
2e4095351.jpg,3,1,0.7008958
2e4095351.jpg,4,0,0.026077563
2e5393458.jpg,1,1,0.62111694
2e5393458.jpg,2,0,0.04830127
2e5393458.jpg,3,0,0.3845582
2e5393458.jpg,4,0,0.0034210214
2e584cc63.jpg,1,0,0.03022556
2e584cc63.jpg,2,0,0.007140375
2e584cc63.jpg,3,0,0.5916834
2e584cc63.jpg,4,1,0.70274967
2e65b8365.jpg,1,0,0.44921604
2e65b8365.jpg,2,0,0.21721165
2e65b8365.jpg,3,0,0.4107311
2e65b8365.jpg,4,0,0.015001754
2e6e52df6.jpg,1,0,0.36194196
2e6e52df6.jpg,2,0,0.29489008
2e6e52df6.jpg,3,0,0.5128727
2e6e52df6.jpg,4,0,0.0039439006
2e820273b.jpg,1,0,0.12082643
2e820273b.jpg,2,0,0.019471793
2e820273b.jpg,3,1,0.7354234
2e820273b.jpg,4,0,0.024660103
2e92003f5.jpg,1,0,0.44746625
2e92003f5.jpg,2,0,0.11842329
2e92003f5.jpg,3,0,0.56983817
2e92003f5.jpg,4,0,0.012482558
2ea109f84.jpg,1,0,0.055270407
2ea109f84.jpg,2,0,0.036626566
2ea109f84.jpg,3,0,0.5688393
2ea109f84.jpg,4,0,0.29118177
2ea56c9de.jpg,1,0,0.0830666
2ea56c9de.jpg,2,0,0.0054331156
2ea56c9de.jpg,3,1,0.8615368
2ea56c9de.jpg,4,0,0.026495278
2eab69ac9.jpg,1,0,0.16856772
2eab69ac9.jpg,2,0,0.017096998
2eab69ac9.jpg,3,1,0.75557405
2eab69ac9.jpg,4,0,0.012592626
2eb1e6465.jpg,1,0,0.022151897
2eb1e6465.jpg,2,0,0.002724102
2eb1e6465.jpg,3,1,0.6645705
2eb1e6465.jpg,4,1,0.7469337
2eb811b0c.jpg,1,0,0.053050235
2eb811b0c.jpg,2,0,0.03726342
2eb811b0c.jpg,3,1,0.8681538
2eb811b0c.jpg,4,0,0.0022271967
2ebe3686e.jpg,1,0,0.25081107
2ebe3686e.jpg,2,0,0.05664928
2ebe3686e.jpg,3,1,0.6520683
2ebe3686e.jpg,4,0,0.0149591705
2ec632269.jpg,1,0,0.46316135
2ec632269.jpg,2,0,0.46899787
2ec632269.jpg,3,0,0.33698854
2ec632269.jpg,4,0,0.0066041537
2edfdf413.jpg,1,0,0.09998117
2edfdf413.jpg,2,0,0.00544815
2edfdf413.jpg,3,1,0.8725135
2edfdf413.jpg,4,0,0.003359288
2efa6b22f.jpg,1,0,0.26920494
2efa6b22f.jpg,2,0,0.16460238
2efa6b22f.jpg,3,0,0.42088398
2efa6b22f.jpg,4,0,0.092705585
2f17451ae.jpg,1,0,0.0470631
2f17451ae.jpg,2,0,0.23703913
2f17451ae.jpg,3,1,0.7788189
2f17451ae.jpg,4,0,0.001621751
2f287e453.jpg,1,0,0.01758206
2f287e453.jpg,2,0,0.003499742
2f287e453.jpg,3,1,0.9128215
2f287e453.jpg,4,0,0.043220717
2f28ac518.jpg,1,0,0.015623453
2f28ac518.jpg,2,0,0.0058825514
2f28ac518.jpg,3,0,0.4423573
2f28ac518.jpg,4,1,0.7511947
2f470be2e.jpg,1,0,0.06088108
2f470be2e.jpg,2,0,0.05046019
2f470be2e.jpg,3,1,0.88977224
2f470be2e.jpg,4,0,0.016197091
2f502ea2a.jpg,1,0,0.5116996
2f502ea2a.jpg,2,1,0.6119288
2f502ea2a.jpg,3,0,0.1515321
2f502ea2a.jpg,4,0,0.004203669
2f52bbc6f.jpg,1,0,0.21318519
2f52bbc6f.jpg,2,0,0.0030758055
2f52bbc6f.jpg,3,1,0.865829
2f52bbc6f.jpg,4,0,0.012879889
2f79a61a4.jpg,1,0,0.010148566
2f79a61a4.jpg,2,0,0.0023190714
2f79a61a4.jpg,3,1,0.9193938
2f79a61a4.jpg,4,0,0.038017754
2f80fed37.jpg,1,0,0.05181179
2f80fed37.jpg,2,0,0.027403036
2f80fed37.jpg,3,1,0.8788493
2f80fed37.jpg,4,0,0.0032120917
2f97adb98.jpg,1,0,0.07178831
2f97adb98.jpg,2,0,0.03895739
2f97adb98.jpg,3,1,0.86775404
2f97adb98.jpg,4,0,0.0022780278
2f985430a.jpg,1,1,0.67239934
2f985430a.jpg,2,0,0.045666475
2f985430a.jpg,3,0,0.24107598
2f985430a.jpg,4,0,0.0032910518
2fa3d820b.jpg,1,0,0.23619658
2fa3d820b.jpg,2,0,0.02852068
2fa3d820b.jpg,3,1,0.7857902
2fa3d820b.jpg,4,0,0.0066183135
2fba1660a.jpg,1,0,0.357102
2fba1660a.jpg,2,0,0.050285693
2fba1660a.jpg,3,0,0.5214972
2fba1660a.jpg,4,0,0.021449266
2fd107727.jpg,1,0,0.17196123
2fd107727.jpg,2,0,0.017833522
2fd107727.jpg,3,1,0.68009377
2fd107727.jpg,4,0,0.061377
2fd5af1e9.jpg,1,0,0.10214248
2fd5af1e9.jpg,2,0,0.007457444
2fd5af1e9.jpg,3,1,0.87913364
2fd5af1e9.jpg,4,0,0.017795805
2fdbd1d31.jpg,1,0,0.098660685
2fdbd1d31.jpg,2,0,0.0098134065
2fdbd1d31.jpg,3,1,0.87725097
2fdbd1d31.jpg,4,0,0.018729256
2fe2187a9.jpg,1,0,0.21212013
2fe2187a9.jpg,2,0,0.0043800822
2fe2187a9.jpg,3,1,0.75554866
2fe2187a9.jpg,4,0,0.009895532
2fed1cf68.jpg,1,0,0.5059814
2fed1cf68.jpg,2,0,0.03138354
2fed1cf68.jpg,3,0,0.45523348
2fed1cf68.jpg,4,0,0.011569536
2ffd7fe3c.jpg,1,0,0.03009211
2ffd7fe3c.jpg,2,0,0.002689044
2ffd7fe3c.jpg,3,1,0.9056601
2ffd7fe3c.jpg,4,0,0.02949511
3008b56a6.jpg,1,0,0.17589898
3008b56a6.jpg,2,0,0.052428007
3008b56a6.jpg,3,0,0.3979315
3008b56a6.jpg,4,0,0.025487704
30144acd5.jpg,1,0,0.17004526
30144acd5.jpg,2,0,0.5182316
30144acd5.jpg,3,0,0.5145016
30144acd5.jpg,4,0,0.005307413
301c32a3a.jpg,1,0,0.015891587
301c32a3a.jpg,2,0,0.007969282
301c32a3a.jpg,3,0,0.3241918
301c32a3a.jpg,4,1,0.86851835
302217674.jpg,1,0,0.11231395
302217674.jpg,2,0,0.016474621
302217674.jpg,3,0,0.38036025
302217674.jpg,4,0,0.10873588
302ed47bd.jpg,1,0,0.21944863
302ed47bd.jpg,2,0,0.01622864
302ed47bd.jpg,3,1,0.7735131
302ed47bd.jpg,4,0,0.027418012
3034c8ebf.jpg,1,0,0.055807184
3034c8ebf.jpg,2,0,0.027260935
3034c8ebf.jpg,3,1,0.8877259
3034c8ebf.jpg,4,0,0.00153533
3035e9912.jpg,1,0,0.27464944
3035e9912.jpg,2,0,0.12707628
3035e9912.jpg,3,0,0.40898833
3035e9912.jpg,4,0,0.0057972837
3036d3834.jpg,1,0,0.4266907
3036d3834.jpg,2,0,0.067370676
3036d3834.jpg,3,0,0.38913503
3036d3834.jpg,4,0,0.009387725
3043cf1b4.jpg,1,0,0.06363027
3043cf1b4.jpg,2,0,0.009554964
3043cf1b4.jpg,3,0,0.5897983
3043cf1b4.jpg,4,0,0.07726538
304492df5.jpg,1,0,0.2177652
304492df5.jpg,2,0,0.11160337
304492df5.jpg,3,0,0.5805202
304492df5.jpg,4,0,0.07651001
304b3bdb8.jpg,1,0,0.052284956
304b3bdb8.jpg,2,0,0.029041879
304b3bdb8.jpg,3,1,0.8957774
304b3bdb8.jpg,4,0,0.0021802662
30519687a.jpg,1,0,0.01852947
30519687a.jpg,2,0,0.005382193
30519687a.jpg,3,1,0.77296615
30519687a.jpg,4,0,0.29895076
30555ae7c.jpg,1,0,0.04050797
30555ae7c.jpg,2,0,0.017652106
30555ae7c.jpg,3,1,0.88598365
30555ae7c.jpg,4,0,0.03357731
30623cb69.jpg,1,0,0.35133842
30623cb69.jpg,2,0,0.10823498
30623cb69.jpg,3,0,0.3834556
30623cb69.jpg,4,0,0.04344323
3068ec658.jpg,1,0,0.18916593
3068ec658.jpg,2,0,0.0071404562
3068ec658.jpg,3,1,0.8616984
3068ec658.jpg,4,0,0.0034286745
306c95929.jpg,1,0,0.017064558
306c95929.jpg,2,0,0.012634304
306c95929.jpg,3,1,0.612186
306c95929.jpg,4,1,0.6534407
307b0323b.jpg,1,0,0.34620377
307b0323b.jpg,2,0,0.021717807
307b0323b.jpg,3,0,0.50907046
307b0323b.jpg,4,0,0.06341551
3086f875f.jpg,1,0,0.30635846
3086f875f.jpg,2,0,0.13250728
3086f875f.jpg,3,0,0.50403506
3086f875f.jpg,4,0,0.07899739
3088dbd02.jpg,1,0,0.025034582
3088dbd02.jpg,2,0,0.0069105867
3088dbd02.jpg,3,1,0.8255481
3088dbd02.jpg,4,0,0.006488478
308cf8d9e.jpg,1,0,0.036040712
308cf8d9e.jpg,2,0,0.014859353
308cf8d9e.jpg,3,1,0.75230604
308cf8d9e.jpg,4,0,0.20256813
3097e8933.jpg,1,0,0.33218747
3097e8933.jpg,2,0,0.004121346
3097e8933.jpg,3,0,0.59904844
3097e8933.jpg,4,0,0.06604412
309ffef19.jpg,1,0,0.29103598
309ffef19.jpg,2,0,0.033643525
309ffef19.jpg,3,0,0.59391123
309ffef19.jpg,4,0,0.017186226
30a55717f.jpg,1,0,0.0653421
30a55717f.jpg,2,0,0.0340232
30a55717f.jpg,3,1,0.8790446
30a55717f.jpg,4,0,0.003645616
30a56d378.jpg,1,1,0.62744397
30a56d378.jpg,2,0,0.010632115
30a56d378.jpg,3,0,0.4825057
30a56d378.jpg,4,0,0.0062725036
30b549e48.jpg,1,1,0.806426
30b549e48.jpg,2,0,0.01965473
30b549e48.jpg,3,0,0.18960266
30b549e48.jpg,4,0,0.016604668
30c4c1039.jpg,1,0,0.2053683
30c4c1039.jpg,2,0,0.011954884
30c4c1039.jpg,3,1,0.71803546
30c4c1039.jpg,4,0,0.102375366
30c5c4746.jpg,1,0,0.013360358
30c5c4746.jpg,2,0,0.0012918501
30c5c4746.jpg,3,1,0.6383631
30c5c4746.jpg,4,0,0.32257584
30d7046d6.jpg,1,0,0.14620367
30d7046d6.jpg,2,0,0.008317989
30d7046d6.jpg,3,1,0.8413388
30d7046d6.jpg,4,0,0.012240228
30f9ab88c.jpg,1,0,0.5310291
30f9ab88c.jpg,2,0,0.359756
30f9ab88c.jpg,3,0,0.19037654
30f9ab88c.jpg,4,0,0.029745305
30fcb37ae.jpg,1,0,0.29832453
30fcb37ae.jpg,2,0,0.021305814
30fcb37ae.jpg,3,1,0.7645773
30fcb37ae.jpg,4,0,0.027959004
3104715c7.jpg,1,0,0.12732328
3104715c7.jpg,2,0,0.117846616
3104715c7.jpg,3,0,0.58612865
3104715c7.jpg,4,0,0.17244714
31095d315.jpg,1,0,0.05255766
31095d315.jpg,2,0,0.019884432
31095d315.jpg,3,1,0.90793586
31095d315.jpg,4,0,0.007337628
311a6b255.jpg,1,0,0.041863248
311a6b255.jpg,2,0,0.022321375
311a6b255.jpg,3,1,0.8994244
311a6b255.jpg,4,0,0.0034545304
311d8f805.jpg,1,0,0.023325982
311d8f805.jpg,2,0,0.013441472
311d8f805.jpg,3,1,0.88698006
311d8f805.jpg,4,0,0.009692382
3123446d1.jpg,1,0,0.48280165
3123446d1.jpg,2,0,0.004677771
3123446d1.jpg,3,1,0.72368973
3123446d1.jpg,4,0,0.032118056
312357e32.jpg,1,0,0.020995371
312357e32.jpg,2,0,0.002669263
312357e32.jpg,3,1,0.93491405
312357e32.jpg,4,0,0.003956824
313b0b64d.jpg,1,0,0.55706507
313b0b64d.jpg,2,0,0.2519137
313b0b64d.jpg,3,0,0.28057846
313b0b64d.jpg,4,0,0.0104371635
31402958a.jpg,1,0,0.09024828
31402958a.jpg,2,0,0.11568171
31402958a.jpg,3,1,0.8184838
31402958a.jpg,4,0,0.0018668346
3149e971d.jpg,1,0,0.4063333
3149e971d.jpg,2,0,0.17774093
3149e971d.jpg,3,0,0.48747313
3149e971d.jpg,4,0,0.010458176
314b55f68.jpg,1,1,0.7597999
314b55f68.jpg,2,0,0.0026150877
314b55f68.jpg,3,0,0.2281266
314b55f68.jpg,4,0,0.013835915
315107e09.jpg,1,0,0.013323273
315107e09.jpg,2,0,0.0015171911
315107e09.jpg,3,1,0.92786163
315107e09.jpg,4,0,0.010336623
31740cf1a.jpg,1,0,0.048198115
31740cf1a.jpg,2,0,0.015804216
31740cf1a.jpg,3,0,0.494485
31740cf1a.jpg,4,0,0.58512294
3188fbb13.jpg,1,0,0.02617436
3188fbb13.jpg,2,0,0.0042606317
3188fbb13.jpg,3,1,0.85220677
3188fbb13.jpg,4,0,0.023969477
318cd1ff6.jpg,1,0,0.013776897
318cd1ff6.jpg,2,0,0.0018330851
318cd1ff6.jpg,3,1,0.92970306
318cd1ff6.jpg,4,0,0.008086578
318ce3987.jpg,1,0,0.058719337
318ce3987.jpg,2,0,0.04617921
318ce3987.jpg,3,1,0.8633757
318ce3987.jpg,4,0,0.002047396
31a959d7b.jpg,1,0,0.045874607
31a959d7b.jpg,2,0,0.030105544
31a959d7b.jpg,3,1,0.88324887
31a959d7b.jpg,4,0,0.002638014
31b03898c.jpg,1,0,0.59929425
31b03898c.jpg,2,0,0.10475015
31b03898c.jpg,3,0,0.22234325
31b03898c.jpg,4,0,0.009615756
31b7fed63.jpg,1,1,0.62784535
31b7fed63.jpg,2,0,0.21400368
31b7fed63.jpg,3,0,0.40776715
31b7fed63.jpg,4,0,0.006029966
31bea1a29.jpg,1,0,0.05447848
31bea1a29.jpg,2,0,0.0030478362
31bea1a29.jpg,3,1,0.7709849
31bea1a29.jpg,4,0,0.025328606
31d8c6e0b.jpg,1,0,0.46988297
31d8c6e0b.jpg,2,0,0.02251135
31d8c6e0b.jpg,3,0,0.50602514
31d8c6e0b.jpg,4,0,0.030362664
31f0415a5.jpg,1,0,0.1691882
31f0415a5.jpg,2,0,0.0075045153
31f0415a5.jpg,3,1,0.79573226
31f0415a5.jpg,4,0,0.049617928
31f8b702a.jpg,1,0,0.032569088
31f8b702a.jpg,2,0,0.027063059
31f8b702a.jpg,3,1,0.86896616
31f8b702a.jpg,4,0,0.0055083465
3205e816d.jpg,1,0,0.034749314
3205e816d.jpg,2,0,0.004946887
3205e816d.jpg,3,1,0.8813475
3205e816d.jpg,4,0,0.031728562
3210cd895.jpg,1,0,0.25950533
3210cd895.jpg,2,0,0.017725447
3210cd895.jpg,3,1,0.6256278
3210cd895.jpg,4,0,0.01934644
321ab0b81.jpg,1,0,0.037475895
321ab0b81.jpg,2,0,0.043854486
321ab0b81.jpg,3,1,0.7725392
321ab0b81.jpg,4,0,0.14570123
32289df91.jpg,1,0,0.53374517
32289df91.jpg,2,0,0.008011461
32289df91.jpg,3,0,0.56335205
32289df91.jpg,4,0,0.061492156
3228d8997.jpg,1,0,0.58364195
3228d8997.jpg,2,0,0.21502928
3228d8997.jpg,3,0,0.16653569
3228d8997.jpg,4,0,0.0076444
322edf0dd.jpg,1,0,0.49523994
322edf0dd.jpg,2,0,0.05902803
322edf0dd.jpg,3,0,0.40219983
322edf0dd.jpg,4,0,0.009025854
323f90dff.jpg,1,1,0.65683395
323f90dff.jpg,2,0,0.04583301
323f90dff.jpg,3,0,0.25815895
323f90dff.jpg,4,0,0.053074405
326a38828.jpg,1,0,0.20696945
326a38828.jpg,2,0,0.0035730016
326a38828.jpg,3,1,0.6488775
326a38828.jpg,4,0,0.026341362
3279e63aa.jpg,1,0,0.017974542
3279e63aa.jpg,2,0,0.004056126
3279e63aa.jpg,3,1,0.90692616
3279e63aa.jpg,4,0,0.033235982
328e3c209.jpg,1,0,0.06519241
328e3c209.jpg,2,0,0.03558467
328e3c209.jpg,3,1,0.8786486
328e3c209.jpg,4,0,0.0025985504
328f71242.jpg,1,0,0.2715806
328f71242.jpg,2,0,0.09719398
328f71242.jpg,3,0,0.3891848
328f71242.jpg,4,0,0.18147029
32b4030c2.jpg,1,0,0.15938397
32b4030c2.jpg,2,0,0.02937804
32b4030c2.jpg,3,1,0.870353
32b4030c2.jpg,4,0,0.0062040878
32c27e65f.jpg,1,0,0.02708622
32c27e65f.jpg,2,0,0.016889686
32c27e65f.jpg,3,1,0.89148885
32c27e65f.jpg,4,0,0.0059806537
32c482d1f.jpg,1,0,0.040990494
32c482d1f.jpg,2,0,0.0033811089
32c482d1f.jpg,3,1,0.7192023
32c482d1f.jpg,4,0,0.34474722
32d05be99.jpg,1,0,0.023611814
32d05be99.jpg,2,0,0.0070632105
32d05be99.jpg,3,1,0.89611083
32d05be99.jpg,4,0,0.021515066
32d1baca3.jpg,1,0,0.02018827
32d1baca3.jpg,2,0,0.008676224
32d1baca3.jpg,3,1,0.8695856
32d1baca3.jpg,4,0,0.08658808
32da76308.jpg,1,0,0.37987533
32da76308.jpg,2,0,0.011098751
32da76308.jpg,3,0,0.57429343
32da76308.jpg,4,0,0.021074802
32eb8104f.jpg,1,0,0.025196476
32eb8104f.jpg,2,0,0.01357323
32eb8104f.jpg,3,1,0.89386415
32eb8104f.jpg,4,0,0.007133542
32f336d3e.jpg,1,0,0.029823666
32f336d3e.jpg,2,0,0.016979944
32f336d3e.jpg,3,1,0.9034683
32f336d3e.jpg,4,0,0.0029317327
3325ad108.jpg,1,0,0.054240983
3325ad108.jpg,2,0,0.018447114
3325ad108.jpg,3,0,0.44864905
3325ad108.jpg,4,0,0.5630693
332b550c7.jpg,1,0,0.35359427
332b550c7.jpg,2,0,0.002888284
332b550c7.jpg,3,1,0.701413
332b550c7.jpg,4,0,0.10389868
3340dbf69.jpg,1,0,0.3663987
3340dbf69.jpg,2,0,0.038913857
3340dbf69.jpg,3,0,0.47322905
3340dbf69.jpg,4,0,0.0137918005
33441eb19.jpg,1,0,0.083772205
33441eb19.jpg,2,0,0.06591867
33441eb19.jpg,3,1,0.831851
33441eb19.jpg,4,0,0.003156007
334b5fd37.jpg,1,1,0.8009353
334b5fd37.jpg,2,0,0.029843306
334b5fd37.jpg,3,0,0.120000064
334b5fd37.jpg,4,0,0.009207576
335d78292.jpg,1,0,0.124255456
335d78292.jpg,2,0,0.03620514
335d78292.jpg,3,1,0.8743836
335d78292.jpg,4,0,0.0026256137
33605817c.jpg,1,0,0.037593387
33605817c.jpg,2,0,0.0025302155
33605817c.jpg,3,1,0.8967716
33605817c.jpg,4,0,0.06643129
3361fb498.jpg,1,0,0.27018037
3361fb498.jpg,2,0,0.07256718
3361fb498.jpg,3,1,0.6697452
3361fb498.jpg,4,0,0.05404948
3373a0b28.jpg,1,0,0.036099035
3373a0b28.jpg,2,0,0.010604494
3373a0b28.jpg,3,1,0.89843756
3373a0b28.jpg,4,0,0.017424988
337dee7d3.jpg,1,0,0.32665378
337dee7d3.jpg,2,0,0.5474896
337dee7d3.jpg,3,0,0.29614994
337dee7d3.jpg,4,0,0.004519925
3380a3d4b.jpg,1,0,0.14299838
3380a3d4b.jpg,2,0,0.0238026
3380a3d4b.jpg,3,1,0.87879235
3380a3d4b.jpg,4,0,0.012681797
338b4c181.jpg,1,0,0.070828445
338b4c181.jpg,2,0,0.031611163
338b4c181.jpg,3,1,0.8704342
338b4c181.jpg,4,0,0.002298591
33919d2d2.jpg,1,0,0.056545958
33919d2d2.jpg,2,0,0.009762284
33919d2d2.jpg,3,0,0.42395398
33919d2d2.jpg,4,0,0.45251307
33982e5b7.jpg,1,0,0.119464844
33982e5b7.jpg,2,0,0.04478548
33982e5b7.jpg,3,1,0.65228575
33982e5b7.jpg,4,0,0.012500036
33a2f6e55.jpg,1,0,0.045651138
33a2f6e55.jpg,2,0,0.005278684
33a2f6e55.jpg,3,1,0.7492661
33a2f6e55.jpg,4,0,0.022727778
33ca25999.jpg,1,0,0.5033735
33ca25999.jpg,2,0,0.36969015
33ca25999.jpg,3,0,0.20884208
33ca25999.jpg,4,0,0.007447928
33d296fef.jpg,1,0,0.068202995
33d296fef.jpg,2,0,0.03119027
33d296fef.jpg,3,1,0.8709752
33d296fef.jpg,4,0,0.0015177835
33e2a527e.jpg,1,0,0.07018523
33e2a527e.jpg,2,0,0.021627052
33e2a527e.jpg,3,1,0.83414817
33e2a527e.jpg,4,0,0.06659231
33e30b75b.jpg,1,0,0.56963253
33e30b75b.jpg,2,0,0.40116104
33e30b75b.jpg,3,0,0.25123844
33e30b75b.jpg,4,0,0.0062475787
33e634b32.jpg,1,0,0.013737321
33e634b32.jpg,2,0,0.0032096968
33e634b32.jpg,3,1,0.93023133
33e634b32.jpg,4,0,0.029586652
33f082c3b.jpg,1,0,0.06486961
33f082c3b.jpg,2,0,0.074363865
33f082c3b.jpg,3,1,0.72660494
33f082c3b.jpg,4,0,0.003224197
33fd0c742.jpg,1,0,0.052003104
33fd0c742.jpg,2,0,0.028678155
33fd0c742.jpg,3,1,0.87828135
33fd0c742.jpg,4,0,0.002870076
340107aa6.jpg,1,0,0.065859415
340107aa6.jpg,2,0,0.0066478555
340107aa6.jpg,3,1,0.8768053
340107aa6.jpg,4,0,0.009906367
34187fce7.jpg,1,0,0.23694427
34187fce7.jpg,2,0,0.013533517
34187fce7.jpg,3,1,0.74889255
34187fce7.jpg,4,0,0.011230942
342ccc7dd.jpg,1,0,0.039596725
342ccc7dd.jpg,2,0,0.0038323414
342ccc7dd.jpg,3,1,0.6025626
342ccc7dd.jpg,4,0,0.018819304
342cd30b6.jpg,1,0,0.21927226
342cd30b6.jpg,2,0,0.011845235
342cd30b6.jpg,3,0,0.40974018
342cd30b6.jpg,4,0,0.08500857
342e591cb.jpg,1,0,0.043349016
342e591cb.jpg,2,0,0.0045244102
342e591cb.jpg,3,1,0.8477914
342e591cb.jpg,4,0,0.019623883
344bf26d4.jpg,1,0,0.58853847
344bf26d4.jpg,2,0,0.006178075
344bf26d4.jpg,3,0,0.544367
344bf26d4.jpg,4,0,0.009774871
345606a92.jpg,1,0,0.19482462
345606a92.jpg,2,0,0.036485262
345606a92.jpg,3,0,0.4908178
345606a92.jpg,4,0,0.20277053
3466453f0.jpg,1,0,0.0455905
3466453f0.jpg,2,0,0.005449675
3466453f0.jpg,3,1,0.6374672
3466453f0.jpg,4,0,0.014930221
34797e17f.jpg,1,0,0.052054614
34797e17f.jpg,2,0,0.021045424
34797e17f.jpg,3,1,0.9083105
34797e17f.jpg,4,0,0.0070586093
348045ceb.jpg,1,0,0.07504475
348045ceb.jpg,2,0,0.034177985
348045ceb.jpg,3,1,0.8692398
348045ceb.jpg,4,0,0.0035974185
3499fe8ca.jpg,1,0,0.057751045
3499fe8ca.jpg,2,0,0.03430198
3499fe8ca.jpg,3,1,0.880688
3499fe8ca.jpg,4,0,0.0016626302
349fee110.jpg,1,0,0.01779092
349fee110.jpg,2,0,0.0026767545
349fee110.jpg,3,1,0.8678302
349fee110.jpg,4,0,0.11360099
34a62868b.jpg,1,0,0.18199731
34a62868b.jpg,2,0,0.10655352
34a62868b.jpg,3,1,0.6874257
34a62868b.jpg,4,0,0.0025389746
34a6b72e3.jpg,1,0,0.56921023
34a6b72e3.jpg,2,0,0.3416067
34a6b72e3.jpg,3,0,0.15587246
34a6b72e3.jpg,4,0,0.005075544
34d18fa0d.jpg,1,0,0.035021733
34d18fa0d.jpg,2,0,0.0023959365
34d18fa0d.jpg,3,1,0.927793
34d18fa0d.jpg,4,0,0.011479088
34d919a9a.jpg,1,0,0.059320226
34d919a9a.jpg,2,0,0.040954437
34d919a9a.jpg,3,1,0.8830342
34d919a9a.jpg,4,0,0.0018192745
3506bcfa8.jpg,1,0,0.020548506
3506bcfa8.jpg,2,0,0.009305063
3506bcfa8.jpg,3,1,0.92277056
3506bcfa8.jpg,4,0,0.006086616
350c6a7f3.jpg,1,0,0.5294319
350c6a7f3.jpg,2,0,0.0155753745
350c6a7f3.jpg,3,0,0.46122953
350c6a7f3.jpg,4,0,0.016394679
350f300d9.jpg,1,0,0.50231624
350f300d9.jpg,2,0,0.3698653
350f300d9.jpg,3,0,0.40319166
350f300d9.jpg,4,0,0.0035883654
35163e78a.jpg,1,0,0.3442736
35163e78a.jpg,2,0,0.027681082
35163e78a.jpg,3,0,0.5017324
35163e78a.jpg,4,0,0.026032439
351c55d38.jpg,1,0,0.05951641
351c55d38.jpg,2,0,0.03777665
351c55d38.jpg,3,1,0.8697309
351c55d38.jpg,4,0,0.002599032
352a51247.jpg,1,1,0.6529116
352a51247.jpg,2,0,0.0059964745
352a51247.jpg,3,0,0.45908415
352a51247.jpg,4,0,0.006217012
352c702f6.jpg,1,0,0.066774294
352c702f6.jpg,2,0,0.009638725
352c702f6.jpg,3,1,0.8593886
352c702f6.jpg,4,0,0.01696752
352d2a90f.jpg,1,0,0.065199316
352d2a90f.jpg,2,0,0.010494771
352d2a90f.jpg,3,1,0.83129597
352d2a90f.jpg,4,0,0.020787852
352f722e4.jpg,1,0,0.32838213
352f722e4.jpg,2,0,0.33196428
352f722e4.jpg,3,0,0.34214017
352f722e4.jpg,4,0,0.007587157
354400d01.jpg,1,0,0.05108991
354400d01.jpg,2,0,0.02956823
354400d01.jpg,3,1,0.89214
354400d01.jpg,4,0,0.0021343527
3550242ec.jpg,1,0,0.4719108
3550242ec.jpg,2,0,0.48331165
3550242ec.jpg,3,0,0.3260927
3550242ec.jpg,4,0,0.0046671308
35544c8c1.jpg,1,0,0.048171405
35544c8c1.jpg,2,0,0.039340407
35544c8c1.jpg,3,1,0.8845944
35544c8c1.jpg,4,0,0.0023039104
356cd7089.jpg,1,0,0.045149088
356cd7089.jpg,2,0,0.024810633
356cd7089.jpg,3,1,0.89505124
356cd7089.jpg,4,0,0.0023630995
3582573e0.jpg,1,0,0.00990219
3582573e0.jpg,2,0,0.0023566445
3582573e0.jpg,3,1,0.95579714
3582573e0.jpg,4,0,0.031039061
3587aeffe.jpg,1,0,0.06973094
3587aeffe.jpg,2,0,0.0046132053
3587aeffe.jpg,3,0,0.4970318
3587aeffe.jpg,4,1,0.62190765
358c4e6ce.jpg,1,0,0.054466736
358c4e6ce.jpg,2,0,0.026596263
358c4e6ce.jpg,3,1,0.88730603
358c4e6ce.jpg,4,0,0.0019782467
35b3295c4.jpg,1,0,0.057253852
35b3295c4.jpg,2,0,0.029997455
35b3295c4.jpg,3,1,0.90121406
35b3295c4.jpg,4,0,0.005405201
35bd0279b.jpg,1,0,0.017720751
35bd0279b.jpg,2,0,0.0022096836
35bd0279b.jpg,3,1,0.91686946
35bd0279b.jpg,4,0,0.006462559
35ea9e83b.jpg,1,0,0.08732995
35ea9e83b.jpg,2,0,0.010954536
35ea9e83b.jpg,3,0,0.5104051
35ea9e83b.jpg,4,0,0.54918015
35f50a445.jpg,1,0,0.053939294
35f50a445.jpg,2,0,0.02992407
35f50a445.jpg,3,1,0.8853457
35f50a445.jpg,4,0,0.008564894
35f86e7b1.jpg,1,0,0.012366804
35f86e7b1.jpg,2,0,0.002598401
35f86e7b1.jpg,3,1,0.88257027
35f86e7b1.jpg,4,0,0.034064144
3602f7949.jpg,1,0,0.031130329
3602f7949.jpg,2,0,0.0067541157
3602f7949.jpg,3,1,0.8778549
3602f7949.jpg,4,0,0.066680245
361c338bd.jpg,1,0,0.39911065
361c338bd.jpg,2,0,0.030345706
361c338bd.jpg,3,0,0.36448583
361c338bd.jpg,4,0,0.008348483
3632698d0.jpg,1,1,0.6402969
3632698d0.jpg,2,0,0.06879824
3632698d0.jpg,3,0,0.3265778
3632698d0.jpg,4,0,0.004657688
36326bc05.jpg,1,0,0.044961303
36326bc05.jpg,2,0,0.007822362
36326bc05.jpg,3,1,0.8649159
36326bc05.jpg,4,0,0.03571115
3633620be.jpg,1,0,0.40888295
3633620be.jpg,2,0,0.40378642
3633620be.jpg,3,0,0.4238082
3633620be.jpg,4,0,0.0038082765
36336734f.jpg,1,0,0.049585927
36336734f.jpg,2,0,0.0031655123
36336734f.jpg,3,1,0.9166557
36336734f.jpg,4,0,0.0048915143
363f4106f.jpg,1,0,0.057005703
363f4106f.jpg,2,0,0.016531548
363f4106f.jpg,3,1,0.88400966
363f4106f.jpg,4,0,0.016981892
3642f89fc.jpg,1,0,0.109648846
3642f89fc.jpg,2,0,0.0051425043
3642f89fc.jpg,3,1,0.8904955
3642f89fc.jpg,4,0,0.025538325
3644cbe91.jpg,1,0,0.06256289
3644cbe91.jpg,2,0,0.007322928
3644cbe91.jpg,3,0,0.4323736
3644cbe91.jpg,4,1,0.6564699
364ddbc30.jpg,1,0,0.056550253
364ddbc30.jpg,2,0,0.008832376
364ddbc30.jpg,3,0,0.51297265
364ddbc30.jpg,4,1,0.6112791
3661ccb2d.jpg,1,0,0.21824318
3661ccb2d.jpg,2,0,0.0032061876
3661ccb2d.jpg,3,1,0.8848901
3661ccb2d.jpg,4,0,0.012035094
367c6121d.jpg,1,0,0.022252942
367c6121d.jpg,2,0,0.0036873147
367c6121d.jpg,3,1,0.9128227
367c6121d.jpg,4,0,0.006388407
367e0bcac.jpg,1,0,0.11783097
367e0bcac.jpg,2,0,0.06104015
367e0bcac.jpg,3,1,0.72226626
367e0bcac.jpg,4,0,0.04375099
36806ecb7.jpg,1,1,0.76942307
36806ecb7.jpg,2,0,0.003312479
36806ecb7.jpg,3,0,0.27516213
36806ecb7.jpg,4,0,0.018442983
369947a71.jpg,1,0,0.08233586
369947a71.jpg,2,0,0.14129606
369947a71.jpg,3,1,0.71664333
369947a71.jpg,4,0,0.01257128
369fd8e23.jpg,1,0,0.053565096
369fd8e23.jpg,2,0,0.031228168
369fd8e23.jpg,3,1,0.8832152
369fd8e23.jpg,4,0,0.002790903
36a151948.jpg,1,0,0.111989915
36a151948.jpg,2,0,0.01181545
36a151948.jpg,3,1,0.8255461
36a151948.jpg,4,0,0.0047612865
36c0a3815.jpg,1,0,0.31260535
36c0a3815.jpg,2,0,0.14680049
36c0a3815.jpg,3,0,0.44226527
36c0a3815.jpg,4,0,0.0043822047
36d563e6b.jpg,1,0,0.08880115
36d563e6b.jpg,2,0,0.03366526
36d563e6b.jpg,3,1,0.8589513
36d563e6b.jpg,4,0,0.01032865
36d8a2f44.jpg,1,0,0.069884725
36d8a2f44.jpg,2,0,0.0022571264
36d8a2f44.jpg,3,1,0.70411676
36d8a2f44.jpg,4,0,0.015594206
36dcd9368.jpg,1,0,0.36338803
36dcd9368.jpg,2,0,0.0061822725
36dcd9368.jpg,3,0,0.5580276
36dcd9368.jpg,4,0,0.14949942
36ec0dc8a.jpg,1,0,0.24697892
36ec0dc8a.jpg,2,0,0.17098546
36ec0dc8a.jpg,3,0,0.5899217
36ec0dc8a.jpg,4,0,0.0052223224
370a14a10.jpg,1,0,0.042896748
370a14a10.jpg,2,0,0.016941063
370a14a10.jpg,3,1,0.8691849
370a14a10.jpg,4,0,0.014740612
37112bd58.jpg,1,0,0.060508836
37112bd58.jpg,2,1,0.64705616
37112bd58.jpg,3,0,0.36938223
37112bd58.jpg,4,0,0.007907315
371bb49cf.jpg,1,0,0.034985796
371bb49cf.jpg,2,0,0.008613182
371bb49cf.jpg,3,1,0.8464627
371bb49cf.jpg,4,0,0.090593666
372079a13.jpg,1,0,0.030235285
372079a13.jpg,2,0,0.019012546
372079a13.jpg,3,1,0.89001304
372079a13.jpg,4,0,0.0055238493
372e173f7.jpg,1,0,0.053435534
372e173f7.jpg,2,0,0.004990451
372e173f7.jpg,3,1,0.8655737
372e173f7.jpg,4,0,0.054577928
3730c15d7.jpg,1,0,0.4216391
3730c15d7.jpg,2,0,0.4399694
3730c15d7.jpg,3,0,0.30600893
3730c15d7.jpg,4,0,0.008320466
37319d9cc.jpg,1,0,0.30762577
37319d9cc.jpg,2,0,0.008227433
37319d9cc.jpg,3,1,0.66953874
37319d9cc.jpg,4,0,0.03707312
37365bd82.jpg,1,0,0.2118582
37365bd82.jpg,2,0,0.04197505
37365bd82.jpg,3,1,0.71940774
37365bd82.jpg,4,0,0.01276164
37368759e.jpg,1,0,0.38462654
37368759e.jpg,2,0,0.013633094
37368759e.jpg,3,1,0.64738154
37368759e.jpg,4,0,0.011161019
3736d042c.jpg,1,0,0.012442489
3736d042c.jpg,2,0,0.0045515774
3736d042c.jpg,3,1,0.7873983
3736d042c.jpg,4,0,0.32570127
37377fb0f.jpg,1,0,0.31720218
37377fb0f.jpg,2,0,0.031260166
37377fb0f.jpg,3,0,0.57600063
37377fb0f.jpg,4,0,0.055386942
374034832.jpg,1,0,0.5577716
374034832.jpg,2,0,0.031906225
374034832.jpg,3,0,0.35606042
374034832.jpg,4,0,0.010764356
3752425f7.jpg,1,0,0.04709752
3752425f7.jpg,2,0,0.053738143
3752425f7.jpg,3,1,0.7493772
3752425f7.jpg,4,0,0.08536669
3762a80c4.jpg,1,0,0.04532957
3762a80c4.jpg,2,0,0.023219867
3762a80c4.jpg,3,1,0.7962957
3762a80c4.jpg,4,0,0.053535476
376805654.jpg,1,0,0.15927759
376805654.jpg,2,0,0.005512481
376805654.jpg,3,1,0.7737035
376805654.jpg,4,0,0.0833278
3777566ce.jpg,1,1,0.68714494
3777566ce.jpg,2,0,0.009506284
3777566ce.jpg,3,0,0.27345192
3777566ce.jpg,4,0,0.013115224
378272756.jpg,1,0,0.06961737
378272756.jpg,2,0,0.03915784
378272756.jpg,3,1,0.88392216
378272756.jpg,4,0,0.0016707078
378674967.jpg,1,0,0.47592935
378674967.jpg,2,0,0.016775602
378674967.jpg,3,1,0.6252373
378674967.jpg,4,0,0.04589547
37b9adb93.jpg,1,0,0.011737925
37b9adb93.jpg,2,0,0.002425082
37b9adb93.jpg,3,0,0.5006296
37b9adb93.jpg,4,1,0.73956823
37be2cc34.jpg,1,0,0.042299885
37be2cc34.jpg,2,0,0.043328602
37be2cc34.jpg,3,1,0.8564763
37be2cc34.jpg,4,0,0.017638884
37c14ebd5.jpg,1,0,0.05407092
37c14ebd5.jpg,2,0,0.027408913
37c14ebd5.jpg,3,1,0.88980764
37c14ebd5.jpg,4,0,0.011823577
37c960b1e.jpg,1,0,0.04658295
37c960b1e.jpg,2,0,0.039574523
37c960b1e.jpg,3,1,0.8356056
37c960b1e.jpg,4,0,0.01950003
37e1d63be.jpg,1,0,0.018715095
37e1d63be.jpg,2,0,0.011747044
37e1d63be.jpg,3,1,0.8494496
37e1d63be.jpg,4,0,0.05946423
37ee5d3d6.jpg,1,0,0.03965325
37ee5d3d6.jpg,2,0,0.004661571
37ee5d3d6.jpg,3,1,0.8414952
37ee5d3d6.jpg,4,0,0.017272262
37fa6f7e6.jpg,1,0,0.1469268
37fa6f7e6.jpg,2,0,0.0088143675
37fa6f7e6.jpg,3,1,0.8833304
37fa6f7e6.jpg,4,0,0.005914064
3810c3d37.jpg,1,0,0.25467196
3810c3d37.jpg,2,0,0.024774572
3810c3d37.jpg,3,1,0.7618885
3810c3d37.jpg,4,0,0.007068873
38143dae3.jpg,1,0,0.03736445
38143dae3.jpg,2,0,0.012902667
38143dae3.jpg,3,1,0.85060906
38143dae3.jpg,4,0,0.043716326
3816e5fb2.jpg,1,0,0.35227785
3816e5fb2.jpg,2,0,0.22506346
3816e5fb2.jpg,3,0,0.4220543
3816e5fb2.jpg,4,0,0.014925808
3832538b8.jpg,1,0,0.5456726
3832538b8.jpg,2,0,0.473753
3832538b8.jpg,3,0,0.25205815
3832538b8.jpg,4,0,0.0042684614
38465541c.jpg,1,0,0.089932255
38465541c.jpg,2,0,0.082686685
38465541c.jpg,3,1,0.83025837
38465541c.jpg,4,0,0.0034861502
384814663.jpg,1,0,0.06347433
384814663.jpg,2,0,0.010556034
384814663.jpg,3,1,0.8944542
384814663.jpg,4,0,0.0046392563
384b1db5f.jpg,1,0,0.13469103
384b1db5f.jpg,2,0,0.003738398
384b1db5f.jpg,3,1,0.8403998
384b1db5f.jpg,4,0,0.04953732
3850f6b27.jpg,1,1,0.75895596
3850f6b27.jpg,2,0,0.0059915925
3850f6b27.jpg,3,0,0.27941433
3850f6b27.jpg,4,0,0.0069764066
38561bc49.jpg,1,0,0.2506452
38561bc49.jpg,2,0,0.47314504
38561bc49.jpg,3,0,0.4056724
38561bc49.jpg,4,0,0.0034543097
385e3fe6c.jpg,1,0,0.08196593
385e3fe6c.jpg,2,0,0.045134988
385e3fe6c.jpg,3,1,0.8515671
385e3fe6c.jpg,4,0,0.0040356754
38601f368.jpg,1,0,0.10472894
38601f368.jpg,2,0,0.0023169306
38601f368.jpg,3,0,0.51248884
38601f368.jpg,4,0,0.02623648
386a70c95.jpg,1,0,0.54898524
386a70c95.jpg,2,0,0.02035549
386a70c95.jpg,3,1,0.6566441
386a70c95.jpg,4,0,0.009659703
3878198c3.jpg,1,0,0.016285453
3878198c3.jpg,2,0,0.0022518544
3878198c3.jpg,3,1,0.9340946
3878198c3.jpg,4,0,0.005524995
389ceca20.jpg,1,0,0.28750053
389ceca20.jpg,2,0,0.1323349
389ceca20.jpg,3,0,0.49836722
389ceca20.jpg,4,0,0.036442738
38a11c248.jpg,1,0,0.05575012
38a11c248.jpg,2,0,0.040168766
38a11c248.jpg,3,1,0.87045246
38a11c248.jpg,4,0,0.0030172255
38b06680f.jpg,1,1,0.7510515
38b06680f.jpg,2,0,0.02118463
38b06680f.jpg,3,0,0.20195119
38b06680f.jpg,4,0,0.025440564
38b9631df.jpg,1,0,0.05064622
38b9631df.jpg,2,0,0.02510196
38b9631df.jpg,3,1,0.8946383
38b9631df.jpg,4,0,0.0020365939
38be9290e.jpg,1,0,0.054817986
38be9290e.jpg,2,0,0.027180796
38be9290e.jpg,3,1,0.88327223
38be9290e.jpg,4,0,0.006747507
38e7f6e32.jpg,1,0,0.2688678
38e7f6e32.jpg,2,0,0.020567438
38e7f6e32.jpg,3,1,0.6201607
38e7f6e32.jpg,4,0,0.011049361
38e89262f.jpg,1,0,0.0493962
38e89262f.jpg,2,0,0.008613318
38e89262f.jpg,3,0,0.28211632
38e89262f.jpg,4,1,0.8197045
390094957.jpg,1,1,0.7454569
390094957.jpg,2,0,0.01618153
390094957.jpg,3,0,0.17989458
390094957.jpg,4,0,0.011835925
390ea6ce4.jpg,1,0,0.2877014
390ea6ce4.jpg,2,0,0.060709286
390ea6ce4.jpg,3,0,0.56357217
390ea6ce4.jpg,4,0,0.02514031
39131a7b3.jpg,1,0,0.2817528
39131a7b3.jpg,2,0,0.020793464
39131a7b3.jpg,3,1,0.6906542
39131a7b3.jpg,4,0,0.041846108
3922129e1.jpg,1,0,0.054077942
3922129e1.jpg,2,0,0.045843307
3922129e1.jpg,3,1,0.8788736
3922129e1.jpg,4,0,0.002968441
3925e027e.jpg,1,0,0.20503114
3925e027e.jpg,2,0,0.09365425
3925e027e.jpg,3,1,0.6400853
3925e027e.jpg,4,0,0.0052611767
392b3bd6b.jpg,1,0,0.047694724
392b3bd6b.jpg,2,0,0.00918602
392b3bd6b.jpg,3,1,0.8356001
392b3bd6b.jpg,4,0,0.0371314
392be1c76.jpg,1,0,0.0518792
392be1c76.jpg,2,0,0.029165387
392be1c76.jpg,3,1,0.8738396
392be1c76.jpg,4,0,0.0035162997
3933c29e7.jpg,1,0,0.1572799
3933c29e7.jpg,2,0,0.08162137
3933c29e7.jpg,3,1,0.7620999
3933c29e7.jpg,4,0,0.01138515
3935818fc.jpg,1,0,0.050153792
3935818fc.jpg,2,0,0.006573619
3935818fc.jpg,3,1,0.87789965
3935818fc.jpg,4,0,0.04688032
393cf90a5.jpg,1,1,0.66448325
393cf90a5.jpg,2,0,0.039318535
393cf90a5.jpg,3,0,0.41028285
393cf90a5.jpg,4,0,0.007368663
3950c375a.jpg,1,0,0.13048513
3950c375a.jpg,2,0,0.13650048
3950c375a.jpg,3,0,0.57295364
3950c375a.jpg,4,0,0.12961686
3955b75fe.jpg,1,0,0.50514704
3955b75fe.jpg,2,0,0.018366052
3955b75fe.jpg,3,0,0.23130924
3955b75fe.jpg,4,0,0.010700803
3963aac50.jpg,1,0,0.029759781
3963aac50.jpg,2,0,0.009603034
3963aac50.jpg,3,0,0.26649222
3963aac50.jpg,4,1,0.8774292
3969fe36e.jpg,1,0,0.2902346
3969fe36e.jpg,2,0,0.038974915
3969fe36e.jpg,3,1,0.7482805
3969fe36e.jpg,4,0,0.016003415
3983af2cc.jpg,1,1,0.76209337
3983af2cc.jpg,2,0,0.03319249
3983af2cc.jpg,3,0,0.18879335
3983af2cc.jpg,4,0,0.031830844
39b1f852b.jpg,1,0,0.007941232
39b1f852b.jpg,2,0,0.0020958239
39b1f852b.jpg,3,0,0.32707796
39b1f852b.jpg,4,0,0.57292396
39cb1fd7f.jpg,1,0,0.14986236
39cb1fd7f.jpg,2,0,0.03595035
39cb1fd7f.jpg,3,1,0.6735566
39cb1fd7f.jpg,4,0,0.22111185
39dcf53f9.jpg,1,0,0.15486786
39dcf53f9.jpg,2,0,0.026457353
39dcf53f9.jpg,3,0,0.52219754
39dcf53f9.jpg,4,0,0.159046
39eb635d2.jpg,1,0,0.5138696
39eb635d2.jpg,2,0,0.28302667
39eb635d2.jpg,3,0,0.21356027
39eb635d2.jpg,4,0,0.026514584
39f71da10.jpg,1,0,0.43024382
39f71da10.jpg,2,0,0.54967684
39f71da10.jpg,3,0,0.28242555
39f71da10.jpg,4,0,0.005293595
3a14ee836.jpg,1,0,0.046342473
3a14ee836.jpg,2,0,0.007194431
3a14ee836.jpg,3,1,0.90106493
3a14ee836.jpg,4,0,0.00381485
3a1ee3897.jpg,1,0,0.06610911
3a1ee3897.jpg,2,0,0.032019783
3a1ee3897.jpg,3,1,0.8846757
3a1ee3897.jpg,4,0,0.0039410694
3a2283d08.jpg,1,0,0.24929257
3a2283d08.jpg,2,0,0.17686827
3a2283d08.jpg,3,0,0.4745184
3a2283d08.jpg,4,0,0.08931565
3a3b76e0a.jpg,1,0,0.35713682
3a3b76e0a.jpg,2,0,0.5574168
3a3b76e0a.jpg,3,0,0.34356153
3a3b76e0a.jpg,4,0,0.004033645
3a43952c6.jpg,1,0,0.43964663
3a43952c6.jpg,2,0,0.24002719
3a43952c6.jpg,3,0,0.40042686
3a43952c6.jpg,4,0,0.011466067
3a4ce9aa5.jpg,1,0,0.013923855
3a4ce9aa5.jpg,2,0,0.003857937
3a4ce9aa5.jpg,3,1,0.65427005
3a4ce9aa5.jpg,4,1,0.747474
3a534d8c9.jpg,1,0,0.13977721
3a534d8c9.jpg,2,0,0.06218293
3a534d8c9.jpg,3,1,0.69254017
3a534d8c9.jpg,4,0,0.0026247909
3a6715c1a.jpg,1,0,0.07122914
3a6715c1a.jpg,2,0,0.015360497
3a6715c1a.jpg,3,1,0.86841464
3a6715c1a.jpg,4,0,0.019797785
3a7235456.jpg,1,0,0.24560922
3a7235456.jpg,2,0,0.28909203
3a7235456.jpg,3,0,0.33137503
3a7235456.jpg,4,0,0.034846827
3a75cf4ec.jpg,1,0,0.0767911
3a75cf4ec.jpg,2,0,0.11032444
3a75cf4ec.jpg,3,1,0.8474353
3a75cf4ec.jpg,4,0,0.0016579191
3a8056af4.jpg,1,0,0.014977069
3a8056af4.jpg,2,0,0.0021315103
3a8056af4.jpg,3,1,0.91217375
3a8056af4.jpg,4,0,0.04796947
3a80f8033.jpg,1,0,0.2086668
3a80f8033.jpg,2,0,0.4956807
3a80f8033.jpg,3,0,0.42816722
3a80f8033.jpg,4,0,0.012973674
3aa9ffcc5.jpg,1,0,0.23010112
3aa9ffcc5.jpg,2,0,0.13880353
3aa9ffcc5.jpg,3,0,0.58032984
3aa9ffcc5.jpg,4,0,0.19385962
3aab382a9.jpg,1,0,0.014725674
3aab382a9.jpg,2,0,0.005774677
3aab382a9.jpg,3,0,0.2082868
3aab382a9.jpg,4,0,0.3585808
3aaf585dc.jpg,1,0,0.052867103
3aaf585dc.jpg,2,0,0.0028277186
3aaf585dc.jpg,3,1,0.7128392
3aaf585dc.jpg,4,0,0.016602786
3aba8d683.jpg,1,0,0.031653095
3aba8d683.jpg,2,0,0.00286693
3aba8d683.jpg,3,1,0.9193537
3aba8d683.jpg,4,0,0.006719403
3abd23c0a.jpg,1,0,0.14995445
3abd23c0a.jpg,2,0,0.006155765
3abd23c0a.jpg,3,1,0.7247161
3abd23c0a.jpg,4,0,0.092677526
3ac931a18.jpg,1,1,0.6231336
3ac931a18.jpg,2,0,0.0060215946
3ac931a18.jpg,3,0,0.45979717
3ac931a18.jpg,4,0,0.005658287
3aca79e0d.jpg,1,0,0.3312539
3aca79e0d.jpg,2,0,0.12316456
3aca79e0d.jpg,3,0,0.42457357
3aca79e0d.jpg,4,0,0.163791
3acf04349.jpg,1,0,0.05003673
3acf04349.jpg,2,0,0.021286884
3acf04349.jpg,3,1,0.86821413
3acf04349.jpg,4,0,0.021213064
3ae429830.jpg,1,0,0.3561447
3ae429830.jpg,2,0,0.40421042
3ae429830.jpg,3,0,0.48234597
3ae429830.jpg,4,0,0.0040004565
3af48d37a.jpg,1,0,0.4412845
3af48d37a.jpg,2,0,0.45112684
3af48d37a.jpg,3,0,0.37319157
3af48d37a.jpg,4,0,0.006747652
3af6b3099.jpg,1,0,0.5310379
3af6b3099.jpg,2,0,0.08748684
3af6b3099.jpg,3,0,0.2715713
3af6b3099.jpg,4,0,0.019968517
3af92a316.jpg,1,0,0.07295603
3af92a316.jpg,2,0,0.079215385
3af92a316.jpg,3,1,0.7073233
3af92a316.jpg,4,0,0.059898604
3b01e6641.jpg,1,0,0.02403337
3b01e6641.jpg,2,0,0.0032879615
3b01e6641.jpg,3,1,0.663439
3b01e6641.jpg,4,1,0.66930836
3b0da7856.jpg,1,0,0.24786605
3b0da7856.jpg,2,0,0.062030345
3b0da7856.jpg,3,1,0.6760406
3b0da7856.jpg,4,0,0.029023295
3b1c3a5d0.jpg,1,0,0.009951275
3b1c3a5d0.jpg,2,0,0.005207465
3b1c3a5d0.jpg,3,1,0.8692262
3b1c3a5d0.jpg,4,0,0.08709826
3b2a280dd.jpg,1,0,0.14656281
3b2a280dd.jpg,2,0,0.06873805
3b2a280dd.jpg,3,1,0.72954726
3b2a280dd.jpg,4,0,0.019663557
3b3687032.jpg,1,0,0.049005326
3b3687032.jpg,2,0,0.02442083
3b3687032.jpg,3,1,0.8815673
3b3687032.jpg,4,0,0.002212251
3b42653b7.jpg,1,0,0.1418495
3b42653b7.jpg,2,0,0.006827921
3b42653b7.jpg,3,1,0.8516374
3b42653b7.jpg,4,0,0.008189819
3b52eca4d.jpg,1,0,0.20123257
3b52eca4d.jpg,2,0,0.0072275014
3b52eca4d.jpg,3,1,0.63177025
3b52eca4d.jpg,4,0,0.13264248
3b56b17a2.jpg,1,0,0.023996338
3b56b17a2.jpg,2,0,0.0026127493
3b56b17a2.jpg,3,1,0.86608195
3b56b17a2.jpg,4,0,0.18452203
3b5e30fba.jpg,1,0,0.040265728
3b5e30fba.jpg,2,0,0.018349165
3b5e30fba.jpg,3,1,0.88165265
3b5e30fba.jpg,4,0,0.002568303
3b6c36185.jpg,1,0,0.013238342
3b6c36185.jpg,2,0,0.004331901
3b6c36185.jpg,3,0,0.39631435
3b6c36185.jpg,4,1,0.80699205
3b6f6868f.jpg,1,0,0.051986918
3b6f6868f.jpg,2,0,0.0060934382
3b6f6868f.jpg,3,1,0.8981536
3b6f6868f.jpg,4,0,0.008870491
3b7b7ceaf.jpg,1,0,0.014736791
3b7b7ceaf.jpg,2,0,0.0049912906
3b7b7ceaf.jpg,3,1,0.92513585
3b7b7ceaf.jpg,4,0,0.0055072103
3b7e44715.jpg,1,0,0.055283766
3b7e44715.jpg,2,0,0.031781882
3b7e44715.jpg,3,1,0.88575274
3b7e44715.jpg,4,0,0.0032326907
3b83f61ff.jpg,1,0,0.14629026
3b83f61ff.jpg,2,0,0.017807791
3b83f61ff.jpg,3,1,0.68455124
3b83f61ff.jpg,4,0,0.018764563
3b8fecb17.jpg,1,0,0.45016015
3b8fecb17.jpg,2,0,0.020848736
3b8fecb17.jpg,3,0,0.44188866
3b8fecb17.jpg,4,0,0.009259135
3b969de88.jpg,1,0,0.08196073
3b969de88.jpg,2,0,0.026617112
3b969de88.jpg,3,1,0.8787883
3b969de88.jpg,4,0,0.007330267
3ba431895.jpg,1,1,0.60595804
3ba431895.jpg,2,0,0.016678242
3ba431895.jpg,3,0,0.36507228
3ba431895.jpg,4,0,0.02932174
3bbdc4f14.jpg,1,0,0.047658037
3bbdc4f14.jpg,2,0,0.02430386
3bbdc4f14.jpg,3,1,0.89871866
3bbdc4f14.jpg,4,0,0.004298996
3bed2eedd.jpg,1,0,0.034850087
3bed2eedd.jpg,2,0,0.010689105
3bed2eedd.jpg,3,0,0.36962795
3bed2eedd.jpg,4,1,0.8300342
3bee33768.jpg,1,0,0.55355626
3bee33768.jpg,2,0,0.31420314
3bee33768.jpg,3,0,0.37856087
3bee33768.jpg,4,0,0.00462014
3bf50913b.jpg,1,0,0.22314142
3bf50913b.jpg,2,0,0.19697587
3bf50913b.jpg,3,1,0.6963511
3bf50913b.jpg,4,0,0.0030862922
3bfaccecd.jpg,1,0,0.04169777
3bfaccecd.jpg,2,0,0.019535663
3bfaccecd.jpg,3,1,0.8820508
3bfaccecd.jpg,4,0,0.004064172
3c0dcc83c.jpg,1,0,0.046833977
3c0dcc83c.jpg,2,0,0.028222317
3c0dcc83c.jpg,3,1,0.8886873
3c0dcc83c.jpg,4,0,0.0032151463
3c105b7b4.jpg,1,0,0.03722632
3c105b7b4.jpg,2,0,0.020011902
3c105b7b4.jpg,3,1,0.872739
3c105b7b4.jpg,4,0,0.0031101322
3c4454a77.jpg,1,0,0.30757424
3c4454a77.jpg,2,0,0.017698234
3c4454a77.jpg,3,1,0.7419335
3c4454a77.jpg,4,0,0.0055614747
3c4d526e8.jpg,1,0,0.008471524
3c4d526e8.jpg,2,0,0.0011337162
3c4d526e8.jpg,3,1,0.9255379
3c4d526e8.jpg,4,0,0.015484884
3c6469397.jpg,1,0,0.2398417
3c6469397.jpg,2,0,0.037696153
3c6469397.jpg,3,1,0.70971733
3c6469397.jpg,4,0,0.007749261
3c6854422.jpg,1,0,0.10887081
3c6854422.jpg,2,0,0.01012395
3c6854422.jpg,3,1,0.858867
3c6854422.jpg,4,0,0.01502522
3c6b177d2.jpg,1,0,0.5333622
3c6b177d2.jpg,2,0,0.17217733
3c6b177d2.jpg,3,0,0.4045113
3c6b177d2.jpg,4,0,0.0052410904
3c6e5d921.jpg,1,0,0.30460972
3c6e5d921.jpg,2,0,0.2665482
3c6e5d921.jpg,3,0,0.3775574
3c6e5d921.jpg,4,0,0.041645218
3c7369eb6.jpg,1,0,0.24180317
3c7369eb6.jpg,2,0,0.4301417
3c7369eb6.jpg,3,0,0.25867215
3c7369eb6.jpg,4,0,0.03596052
3c93807f4.jpg,1,1,0.7882357
3c93807f4.jpg,2,0,0.05389613
3c93807f4.jpg,3,0,0.13773318
3c93807f4.jpg,4,0,0.011988755
3c9691d0c.jpg,1,1,0.60366243
3c9691d0c.jpg,2,0,0.46283367
3c9691d0c.jpg,3,0,0.27300563
3c9691d0c.jpg,4,0,0.0041978466
3ca7b5258.jpg,1,0,0.08144548
3ca7b5258.jpg,2,0,0.008397617
3ca7b5258.jpg,3,1,0.8506631
3ca7b5258.jpg,4,0,0.012162735
3cabac622.jpg,1,0,0.39195755
3cabac622.jpg,2,0,0.13361709
3cabac622.jpg,3,0,0.46217516
3cabac622.jpg,4,0,0.018704785
3cc137693.jpg,1,1,0.79537004
3cc137693.jpg,2,0,0.026922772
3cc137693.jpg,3,0,0.12380371
3cc137693.jpg,4,0,0.0061613494
3cc977045.jpg,1,0,0.34477678
3cc977045.jpg,2,0,0.56425476
3cc977045.jpg,3,0,0.3237038
3cc977045.jpg,4,0,0.0050758347
3ccce52ca.jpg,1,0,0.055207133
3ccce52ca.jpg,2,0,0.0047115455
3ccce52ca.jpg,3,0,0.44215202
3ccce52ca.jpg,4,0,0.019130042
3cd6ac535.jpg,1,0,0.024786713
3cd6ac535.jpg,2,0,0.010048785
3cd6ac535.jpg,3,1,0.7320362
3cd6ac535.jpg,4,0,0.13451421
3cda89859.jpg,1,0,0.07283311
3cda89859.jpg,2,0,0.04163454
3cda89859.jpg,3,1,0.87234885
3cda89859.jpg,4,0,0.002429677
3cdc887ce.jpg,1,0,0.040692054
3cdc887ce.jpg,2,0,0.026900351
3cdc887ce.jpg,3,1,0.8837671
3cdc887ce.jpg,4,0,0.003628915
3ce66d6da.jpg,1,0,0.028375456
3ce66d6da.jpg,2,0,0.003499944
3ce66d6da.jpg,3,1,0.9268516
3ce66d6da.jpg,4,0,0.008592675
3cea1b62e.jpg,1,0,0.4853032
3cea1b62e.jpg,2,0,0.1302772
3cea1b62e.jpg,3,0,0.4549252
3cea1b62e.jpg,4,0,0.006154973
3cee96935.jpg,1,0,0.054767076
3cee96935.jpg,2,0,0.03820007
3cee96935.jpg,3,1,0.8797192
3cee96935.jpg,4,0,0.0027108283
3cfa60f2d.jpg,1,0,0.02659673
3cfa60f2d.jpg,2,0,0.009395805
3cfa60f2d.jpg,3,0,0.28101006
3cfa60f2d.jpg,4,1,0.83552194
3cfda2739.jpg,1,0,0.026530275
3cfda2739.jpg,2,0,0.013325051
3cfda2739.jpg,3,0,0.3506714
3cfda2739.jpg,4,1,0.7858074
3d0061371.jpg,1,0,0.05037834
3d0061371.jpg,2,0,0.027920714
3d0061371.jpg,3,1,0.8645447
3d0061371.jpg,4,0,0.0028356472
3d060ac2d.jpg,1,0,0.47103444
3d060ac2d.jpg,2,0,0.073686324
3d060ac2d.jpg,3,0,0.51392406
3d060ac2d.jpg,4,0,0.0040628896
3d0ea6368.jpg,1,0,0.051375803
3d0ea6368.jpg,2,0,0.0032548346
3d0ea6368.jpg,3,1,0.9138344
3d0ea6368.jpg,4,0,0.007607547
3d24f9bc4.jpg,1,0,0.008728376
3d24f9bc4.jpg,2,0,0.001265227
3d24f9bc4.jpg,3,1,0.67720294
3d24f9bc4.jpg,4,0,0.37623164
3d2738235.jpg,1,0,0.020520506
3d2738235.jpg,2,0,0.0051676054
3d2738235.jpg,3,1,0.7252669
3d2738235.jpg,4,0,0.028410487
3d27c410a.jpg,1,0,0.02541825
3d27c410a.jpg,2,0,0.021311859
3d27c410a.jpg,3,1,0.89757985
3d27c410a.jpg,4,0,0.0021483533
3d40518d7.jpg,1,0,0.013693035
3d40518d7.jpg,2,0,0.0017646899
3d40518d7.jpg,3,1,0.93033546
3d40518d7.jpg,4,0,0.010341594
3d4c5361e.jpg,1,0,0.53868395
3d4c5361e.jpg,2,0,0.063599735
3d4c5361e.jpg,3,0,0.4171393
3d4c5361e.jpg,4,0,0.004837066
3d5d18f9b.jpg,1,0,0.077668145
3d5d18f9b.jpg,2,0,0.00770757
3d5d18f9b.jpg,3,1,0.8288045
3d5d18f9b.jpg,4,0,0.0912595
3d6211a2f.jpg,1,0,0.24501449
3d6211a2f.jpg,2,0,0.0035152193
3d6211a2f.jpg,3,1,0.81233066
3d6211a2f.jpg,4,0,0.009043503
3d67a43c7.jpg,1,0,0.021806343
3d67a43c7.jpg,2,0,0.0018627453
3d67a43c7.jpg,3,1,0.93103075
3d67a43c7.jpg,4,0,0.005474049
3d68c28a5.jpg,1,0,0.42258492
3d68c28a5.jpg,2,0,0.15613358
3d68c28a5.jpg,3,0,0.38515043
3d68c28a5.jpg,4,0,0.024556031
3d6d3b4e1.jpg,1,0,0.106016286
3d6d3b4e1.jpg,2,0,0.0054960377
3d6d3b4e1.jpg,3,1,0.81540805
3d6d3b4e1.jpg,4,0,0.011702622
3d726e453.jpg,1,0,0.054431617
3d726e453.jpg,2,0,0.029411966
3d726e453.jpg,3,1,0.8986425
3d726e453.jpg,4,0,0.0017401958
3d8b0c82c.jpg,1,1,0.7513599
3d8b0c82c.jpg,2,0,0.026038198
3d8b0c82c.jpg,3,0,0.22223061
3d8b0c82c.jpg,4,0,0.15360545
3d8c0069f.jpg,1,0,0.04410763
3d8c0069f.jpg,2,0,0.048317123
3d8c0069f.jpg,3,1,0.7869203
3d8c0069f.jpg,4,0,0.0015553186
3d95c6d0e.jpg,1,0,0.028950056
3d95c6d0e.jpg,2,0,0.014148894
3d95c6d0e.jpg,3,0,0.27114284
3d95c6d0e.jpg,4,1,0.8620344
3d9bbdf3e.jpg,1,0,0.049779158
3d9bbdf3e.jpg,2,0,0.033016052
3d9bbdf3e.jpg,3,1,0.877263
3d9bbdf3e.jpg,4,0,0.0024479863
3da41c9f0.jpg,1,0,0.05426753
3da41c9f0.jpg,2,0,0.02773028
3da41c9f0.jpg,3,1,0.8807226
3da41c9f0.jpg,4,0,0.0025039315
3dac7e059.jpg,1,0,0.05443831
3dac7e059.jpg,2,0,0.23636787
3dac7e059.jpg,3,1,0.8075138
3dac7e059.jpg,4,0,0.004128868
3daf2ff8e.jpg,1,0,0.01305635
3daf2ff8e.jpg,2,0,0.0039129145
3daf2ff8e.jpg,3,0,0.46834162
3daf2ff8e.jpg,4,1,0.7568713
3db5f1334.jpg,1,0,0.39754096
3db5f1334.jpg,2,1,0.6278582
3db5f1334.jpg,3,0,0.29140916
3db5f1334.jpg,4,0,0.0044769463
3dbf3fa5e.jpg,1,0,0.5185469
3dbf3fa5e.jpg,2,0,0.007581768
3dbf3fa5e.jpg,3,1,0.6547044
3dbf3fa5e.jpg,4,0,0.027753135
3dc2e6b24.jpg,1,0,0.11521386
3dc2e6b24.jpg,2,0,0.10431799
3dc2e6b24.jpg,3,1,0.6842367
3dc2e6b24.jpg,4,0,0.046922658
3dd0c0c92.jpg,1,0,0.106141865
3dd0c0c92.jpg,2,0,0.14554489
3dd0c0c92.jpg,3,0,0.5507249
3dd0c0c92.jpg,4,0,0.158008
3de36e290.jpg,1,0,0.48916137
3de36e290.jpg,2,0,0.38170925
3de36e290.jpg,3,0,0.3772135
3de36e290.jpg,4,0,0.0055403053
3de4313ab.jpg,1,0,0.03723353
3de4313ab.jpg,2,0,0.010284581
3de4313ab.jpg,3,0,0.32049724
3de4313ab.jpg,4,1,0.8323918
3df07d378.jpg,1,0,0.20812352
3df07d378.jpg,2,0,0.038067754
3df07d378.jpg,3,1,0.69708866
3df07d378.jpg,4,0,0.06473402
3df222f6a.jpg,1,0,0.057908475
3df222f6a.jpg,2,0,0.038307525
3df222f6a.jpg,3,1,0.87158895
3df222f6a.jpg,4,0,0.0027619454
3dfa71d0d.jpg,1,0,0.038320236
3dfa71d0d.jpg,2,0,0.38850984
3dfa71d0d.jpg,3,1,0.68848133
3dfa71d0d.jpg,4,0,0.013934299
3e1b9d319.jpg,1,0,0.13925488
3e1b9d319.jpg,2,0,0.0033034973
3e1b9d319.jpg,3,1,0.88029236
3e1b9d319.jpg,4,0,0.045296967
3e33ab363.jpg,1,0,0.16632591
3e33ab363.jpg,2,0,0.029757231
3e33ab363.jpg,3,1,0.8716476
3e33ab363.jpg,4,0,0.01082176
3e3453f2b.jpg,1,0,0.054445308
3e3453f2b.jpg,2,0,0.03769991
3e3453f2b.jpg,3,1,0.82611054
3e3453f2b.jpg,4,0,0.01751702
3e430ace5.jpg,1,0,0.040539633
3e430ace5.jpg,2,0,0.011521722
3e430ace5.jpg,3,1,0.8858831
3e430ace5.jpg,4,0,0.012268066
3e454f45c.jpg,1,0,0.013482357
3e454f45c.jpg,2,0,0.0019299528
3e454f45c.jpg,3,1,0.9314792
3e454f45c.jpg,4,0,0.007474949
3e48dbdef.jpg,1,1,0.76254004
3e48dbdef.jpg,2,0,0.009337011
3e48dbdef.jpg,3,0,0.26037714
3e48dbdef.jpg,4,0,0.017895943
3e49a04a2.jpg,1,0,0.09107774
3e49a04a2.jpg,2,0,0.12606284
3e49a04a2.jpg,3,1,0.8342626
3e49a04a2.jpg,4,0,0.0015865057
3e51590f0.jpg,1,0,0.06775782
3e51590f0.jpg,2,0,0.022840433
3e51590f0.jpg,3,0,0.46763912
3e51590f0.jpg,4,0,0.31865856
3e54c62c3.jpg,1,0,0.11619199
3e54c62c3.jpg,2,0,0.004124988
3e54c62c3.jpg,3,1,0.8208135
3e54c62c3.jpg,4,0,0.021575404
3e6c0f7a4.jpg,1,0,0.018802531
3e6c0f7a4.jpg,2,0,0.0061325724
3e6c0f7a4.jpg,3,0,0.3379991
3e6c0f7a4.jpg,4,1,0.8835046
3e74521f8.jpg,1,0,0.026592366
3e74521f8.jpg,2,0,0.0026863215
3e74521f8.jpg,3,1,0.8654738
3e74521f8.jpg,4,0,0.043507915
3e7ba0552.jpg,1,0,0.03516063
3e7ba0552.jpg,2,0,0.0057894657
3e7ba0552.jpg,3,0,0.26286742
3e7ba0552.jpg,4,0,0.56033343
3e819b6c2.jpg,1,0,0.032693435
3e819b6c2.jpg,2,0,0.015382963
3e819b6c2.jpg,3,0,0.33000952
3e819b6c2.jpg,4,0,0.5423844
3e9a242e0.jpg,1,0,0.0800209
3e9a242e0.jpg,2,0,0.012217562
3e9a242e0.jpg,3,1,0.8354964
3e9a242e0.jpg,4,0,0.02153784
3e9d6f8cc.jpg,1,0,0.25941122
3e9d6f8cc.jpg,2,0,0.22699536
3e9d6f8cc.jpg,3,0,0.49489006
3e9d6f8cc.jpg,4,0,0.014686406
3ea5ee677.jpg,1,0,0.1392345
3ea5ee677.jpg,2,0,0.032611515
3ea5ee677.jpg,3,1,0.85268974
3ea5ee677.jpg,4,0,0.009121322
3ec25e3fe.jpg,1,0,0.21338987
3ec25e3fe.jpg,2,0,0.015450721
3ec25e3fe.jpg,3,1,0.82626724
3ec25e3fe.jpg,4,0,0.011566069
3ecd7753b.jpg,1,0,0.06377025
3ecd7753b.jpg,2,0,0.030499576
3ecd7753b.jpg,3,1,0.88857865
3ecd7753b.jpg,4,0,0.0022022272
3ecf2d5ba.jpg,1,0,0.03251367
3ecf2d5ba.jpg,2,0,0.0055530625
3ecf2d5ba.jpg,3,1,0.9206457
3ecf2d5ba.jpg,4,0,0.0042485134
3ee3a7b9e.jpg,1,0,0.2775015
3ee3a7b9e.jpg,2,0,0.41335523
3ee3a7b9e.jpg,3,0,0.5605102
3ee3a7b9e.jpg,4,0,0.0026907064
3eed82d4e.jpg,1,0,0.1423609
3eed82d4e.jpg,2,0,0.013679247
3eed82d4e.jpg,3,1,0.83955956
3eed82d4e.jpg,4,0,0.0077629234
3ef60f89b.jpg,1,0,0.048468154
3ef60f89b.jpg,2,0,0.033191983
3ef60f89b.jpg,3,1,0.8962331
3ef60f89b.jpg,4,0,0.0014580294
3ef971a0e.jpg,1,0,0.009576194
3ef971a0e.jpg,2,0,0.001852135
3ef971a0e.jpg,3,1,0.96502924
3ef971a0e.jpg,4,0,0.020714352
3f0e0a371.jpg,1,0,0.06316028
3f0e0a371.jpg,2,0,0.0350005
3f0e0a371.jpg,3,1,0.8794115
3f0e0a371.jpg,4,0,0.001624066
3f17e4acc.jpg,1,0,0.33098283
3f17e4acc.jpg,2,0,0.011677648
3f17e4acc.jpg,3,1,0.6731983
3f17e4acc.jpg,4,0,0.022431096
3f202b2ce.jpg,1,0,0.23608817
3f202b2ce.jpg,2,0,0.021364043
3f202b2ce.jpg,3,1,0.7764556
3f202b2ce.jpg,4,0,0.02255475
3f208371f.jpg,1,0,0.09266243
3f208371f.jpg,2,0,0.06228422
3f208371f.jpg,3,1,0.7019892
3f208371f.jpg,4,0,0.17189705
3f2934fdd.jpg,1,0,0.074823536
3f2934fdd.jpg,2,0,0.0057409233
3f2934fdd.jpg,3,0,0.5808063
3f2934fdd.jpg,4,0,0.5016584
3f367b9b3.jpg,1,0,0.18548228
3f367b9b3.jpg,2,0,0.22864465
3f367b9b3.jpg,3,1,0.6031795
3f367b9b3.jpg,4,0,0.0034269867
3f4ec1f44.jpg,1,0,0.5680729
3f4ec1f44.jpg,2,0,0.003534272
3f4ec1f44.jpg,3,1,0.67238015
3f4ec1f44.jpg,4,0,0.019133631
3f612c53c.jpg,1,0,0.35110167
3f612c53c.jpg,2,0,0.055001542
3f612c53c.jpg,3,0,0.47518507
3f612c53c.jpg,4,0,0.041940834
3f6145c7d.jpg,1,0,0.012744765
3f6145c7d.jpg,2,0,0.0011011234
3f6145c7d.jpg,3,0,0.5566144
3f6145c7d.jpg,4,1,0.69680476
3f62cb71d.jpg,1,0,0.05617467
3f62cb71d.jpg,2,0,0.005232772
3f62cb71d.jpg,3,0,0.53634953
3f62cb71d.jpg,4,1,0.6665741
3f692ff67.jpg,1,0,0.44425932
3f692ff67.jpg,2,0,0.012105573
3f692ff67.jpg,3,0,0.47075084
3f692ff67.jpg,4,0,0.10684296
3f71f1d7b.jpg,1,0,0.48338076
3f71f1d7b.jpg,2,0,0.08000019
3f71f1d7b.jpg,3,0,0.25874653
3f71f1d7b.jpg,4,0,0.047925368
3f8db1db5.jpg,1,1,0.6660815
3f8db1db5.jpg,2,0,0.0118279
3f8db1db5.jpg,3,0,0.27708453
3f8db1db5.jpg,4,0,0.011424846
3f9314e1d.jpg,1,0,0.05080731
3f9314e1d.jpg,2,0,0.07130223
3f9314e1d.jpg,3,1,0.87955576
3f9314e1d.jpg,4,0,0.0013863634
3fa703839.jpg,1,0,0.08138127
3fa703839.jpg,2,0,0.043741446
3fa703839.jpg,3,1,0.8582194
3fa703839.jpg,4,0,0.002314604
3fa9e440d.jpg,1,0,0.040240552
3fa9e440d.jpg,2,0,0.02508952
3fa9e440d.jpg,3,1,0.9071319
3fa9e440d.jpg,4,0,0.015174091
3fae96c5b.jpg,1,1,0.603506
3fae96c5b.jpg,2,0,0.48551965
3fae96c5b.jpg,3,0,0.15502459
3fae96c5b.jpg,4,0,0.018530076
3fb5b0b1f.jpg,1,0,0.028591096
3fb5b0b1f.jpg,2,0,0.37962762
3fb5b0b1f.jpg,3,1,0.8412786
3fb5b0b1f.jpg,4,0,0.003707476
3fb623a56.jpg,1,1,0.68316245
3fb623a56.jpg,2,0,0.15521434
3fb623a56.jpg,3,0,0.3062866
3fb623a56.jpg,4,0,0.008238449
3fcbe5470.jpg,1,0,0.016435875
3fcbe5470.jpg,2,0,0.0045804786
3fcbe5470.jpg,3,0,0.3589755
3fcbe5470.jpg,4,1,0.8029769
3fd2ab3cd.jpg,1,0,0.041535933
3fd2ab3cd.jpg,2,0,0.022650803
3fd2ab3cd.jpg,3,1,0.8811367
3fd2ab3cd.jpg,4,0,0.0024650285
3fd94ce7f.jpg,1,0,0.35153982
3fd94ce7f.jpg,2,0,0.17572315
3fd94ce7f.jpg,3,0,0.51747835
3fd94ce7f.jpg,4,0,0.0139698
3fdb61716.jpg,1,0,0.16135381
3fdb61716.jpg,2,0,0.004583899
3fdb61716.jpg,3,1,0.7806849
3fdb61716.jpg,4,0,0.0148477005
3fe19e33d.jpg,1,0,0.012900452
3fe19e33d.jpg,2,0,0.004435376
3fe19e33d.jpg,3,1,0.924027
3fe19e33d.jpg,4,0,0.036415793
3ff293de1.jpg,1,0,0.06832179
3ff293de1.jpg,2,0,0.03560562
3ff293de1.jpg,3,1,0.86963457
3ff293de1.jpg,4,0,0.0018622488
3ff49ae6a.jpg,1,0,0.06524041
3ff49ae6a.jpg,2,0,0.041885525
3ff49ae6a.jpg,3,1,0.84960705
3ff49ae6a.jpg,4,0,0.030444974
4012264aa.jpg,1,0,0.3284048
4012264aa.jpg,2,0,0.34098908
4012264aa.jpg,3,0,0.5146957
4012264aa.jpg,4,0,0.0036589773
4013437f9.jpg,1,0,0.052406717
4013437f9.jpg,2,0,0.036087528
4013437f9.jpg,3,1,0.87389714
4013437f9.jpg,4,0,0.0021569037
4016a4be2.jpg,1,1,0.7333284
4016a4be2.jpg,2,0,0.0035093913
4016a4be2.jpg,3,0,0.3635129
4016a4be2.jpg,4,0,0.019669374
40350cf8f.jpg,1,0,0.56276625
40350cf8f.jpg,2,0,0.060775056
40350cf8f.jpg,3,0,0.392943
40350cf8f.jpg,4,0,0.007850793
4046be032.jpg,1,0,0.075971015
4046be032.jpg,2,0,0.0033991372
4046be032.jpg,3,1,0.73655325
4046be032.jpg,4,0,0.03355546
40485bc6c.jpg,1,0,0.025874311
40485bc6c.jpg,2,0,0.0025131013
40485bc6c.jpg,3,0,0.58729285
40485bc6c.jpg,4,1,0.75042385
40607558c.jpg,1,0,0.0077419914
40607558c.jpg,2,0,0.0024502932
40607558c.jpg,3,0,0.26202917
40607558c.jpg,4,1,0.9391983
406815810.jpg,1,0,0.44565663
406815810.jpg,2,0,0.0071523227
406815810.jpg,3,0,0.40627423
406815810.jpg,4,0,0.13838603
407338e32.jpg,1,0,0.14249231
407338e32.jpg,2,1,0.68965834
407338e32.jpg,3,0,0.1984626
407338e32.jpg,4,0,0.043937538
40768debb.jpg,1,0,0.28251573
40768debb.jpg,2,0,0.010619972
40768debb.jpg,3,1,0.63638085
40768debb.jpg,4,0,0.018920438
407d43dae.jpg,1,0,0.048940096
407d43dae.jpg,2,0,0.047726486
407d43dae.jpg,3,1,0.8665228
407d43dae.jpg,4,0,0.0045822137
4080b4d05.jpg,1,0,0.36392596
4080b4d05.jpg,2,0,0.5204292
4080b4d05.jpg,3,0,0.32242963
4080b4d05.jpg,4,0,0.0041202386
40b97ac12.jpg,1,0,0.19080412
40b97ac12.jpg,2,0,0.15442103
40b97ac12.jpg,3,1,0.6090187
40b97ac12.jpg,4,0,0.071568206
40bcf7d16.jpg,1,0,0.42952943
40bcf7d16.jpg,2,0,0.10805518
40bcf7d16.jpg,3,0,0.58885044
40bcf7d16.jpg,4,0,0.012987538
40be39e44.jpg,1,0,0.14980654
40be39e44.jpg,2,0,0.025117904
40be39e44.jpg,3,1,0.7931096
40be39e44.jpg,4,0,0.016867343
40c8de4ab.jpg,1,0,0.33107612
40c8de4ab.jpg,2,0,0.017595105
40c8de4ab.jpg,3,1,0.6719461
40c8de4ab.jpg,4,0,0.031011285
40cce4934.jpg,1,0,0.044490855
40cce4934.jpg,2,0,0.0058255396
40cce4934.jpg,3,1,0.8189182
40cce4934.jpg,4,0,0.014322091
40e764274.jpg,1,0,0.049068224
40e764274.jpg,2,0,0.014535572
40e764274.jpg,3,1,0.84704113
40e764274.jpg,4,0,0.047406837
40f8087ac.jpg,1,0,0.023136029
40f8087ac.jpg,2,0,0.0017627528
40f8087ac.jpg,3,1,0.92804074
40f8087ac.jpg,4,0,0.0068043177
40fabb078.jpg,1,0,0.06657811
40fabb078.jpg,2,0,0.013933982
40fabb078.jpg,3,0,0.48398733
40fabb078.jpg,4,0,0.056302648
411a144a2.jpg,1,0,0.023811348
411a144a2.jpg,2,0,0.03954361
411a144a2.jpg,3,1,0.7631127
411a144a2.jpg,4,0,0.14216278
412633edb.jpg,1,0,0.06635858
412633edb.jpg,2,0,0.005403252
412633edb.jpg,3,1,0.74163175
412633edb.jpg,4,0,0.014875849
413460984.jpg,1,0,0.2856553
413460984.jpg,2,0,0.079731874
413460984.jpg,3,1,0.6608166
413460984.jpg,4,0,0.028924955
4136f24a9.jpg,1,0,0.35769835
4136f24a9.jpg,2,0,0.35587895
4136f24a9.jpg,3,0,0.49203762
4136f24a9.jpg,4,0,0.0037455729
413e0cb98.jpg,1,0,0.06340479
413e0cb98.jpg,2,0,0.004233804
413e0cb98.jpg,3,1,0.8498234
413e0cb98.jpg,4,0,0.03618135
4141bd746.jpg,1,0,0.21261545
4141bd746.jpg,2,0,0.094980024
4141bd746.jpg,3,0,0.4379159
4141bd746.jpg,4,0,0.2849683
414d96788.jpg,1,0,0.12656163
414d96788.jpg,2,0,0.05229799
414d96788.jpg,3,1,0.72656465
414d96788.jpg,4,0,0.005734261
415539856.jpg,1,0,0.07412135
415539856.jpg,2,0,0.013444168
415539856.jpg,3,1,0.88119346
415539856.jpg,4,0,0.0033597713
418b7376c.jpg,1,0,0.35575387
418b7376c.jpg,2,0,0.008379954
418b7376c.jpg,3,1,0.6682252
418b7376c.jpg,4,0,0.08789149
418bf2729.jpg,1,0,0.27084172
418bf2729.jpg,2,0,0.30826107
418bf2729.jpg,3,0,0.45369634
418bf2729.jpg,4,0,0.019486642
41967d8d7.jpg,1,0,0.059763167
41967d8d7.jpg,2,0,0.011370149
41967d8d7.jpg,3,1,0.86525005
41967d8d7.jpg,4,0,0.015873147
41a30e16c.jpg,1,0,0.007874085
41a30e16c.jpg,2,0,0.0016012824
41a30e16c.jpg,3,1,0.8689591
41a30e16c.jpg,4,0,0.2558261
41b6aea5e.jpg,1,0,0.058627162
41b6aea5e.jpg,2,0,0.11149601
41b6aea5e.jpg,3,0,0.5026378
41b6aea5e.jpg,4,0,0.31005827
41bbd1076.jpg,1,1,0.6960111
41bbd1076.jpg,2,0,0.013881025
41bbd1076.jpg,3,0,0.2804225
41bbd1076.jpg,4,0,0.06376154
41cbfc016.jpg,1,0,0.017431185
41cbfc016.jpg,2,0,0.021526111
41cbfc016.jpg,3,1,0.89856267
41cbfc016.jpg,4,0,0.005722529
41e4c4550.jpg,1,0,0.2631216
41e4c4550.jpg,2,0,0.3445872
41e4c4550.jpg,3,0,0.5102473
41e4c4550.jpg,4,0,0.004903338
41f51590f.jpg,1,1,0.6995123
41f51590f.jpg,2,0,0.013787594
41f51590f.jpg,3,0,0.36824402
41f51590f.jpg,4,0,0.015873196
41f81f578.jpg,1,0,0.023660988
41f81f578.jpg,2,0,0.0032477386
41f81f578.jpg,3,1,0.9373475
41f81f578.jpg,4,0,0.005332936
420b68112.jpg,1,0,0.038464647
420b68112.jpg,2,0,0.019369759
420b68112.jpg,3,1,0.87774825
420b68112.jpg,4,0,0.0032728084
421f6e318.jpg,1,0,0.0984618
421f6e318.jpg,2,0,0.00805724
421f6e318.jpg,3,1,0.7540452
421f6e318.jpg,4,0,0.15194084
4222b0b1d.jpg,1,0,0.079962134
4222b0b1d.jpg,2,0,0.026849149
4222b0b1d.jpg,3,1,0.75588655
4222b0b1d.jpg,4,0,0.07889246
4223116c6.jpg,1,0,0.046921436
4223116c6.jpg,2,0,0.027598485
4223116c6.jpg,3,1,0.8914761
4223116c6.jpg,4,0,0.0026741552
42234ac37.jpg,1,1,0.6481226
42234ac37.jpg,2,0,0.13629249
42234ac37.jpg,3,0,0.23130459
42234ac37.jpg,4,0,0.0055985614
42333c57d.jpg,1,0,0.5573204
42333c57d.jpg,2,0,0.0400492
42333c57d.jpg,3,0,0.39677253
42333c57d.jpg,4,0,0.044455644
423a4531e.jpg,1,0,0.041264866
423a4531e.jpg,2,0,0.010088534
423a4531e.jpg,3,0,0.43594375
423a4531e.jpg,4,1,0.6967397
424516278.jpg,1,0,0.58978623
424516278.jpg,2,0,0.2941386
424516278.jpg,3,0,0.35301057
424516278.jpg,4,0,0.005439106
424b57fbe.jpg,1,0,0.43947527
424b57fbe.jpg,2,0,0.026829144
424b57fbe.jpg,3,1,0.6998938
424b57fbe.jpg,4,0,0.0020829213
42542bbe6.jpg,1,1,0.64336926
42542bbe6.jpg,2,0,0.1450841
42542bbe6.jpg,3,0,0.17525892
42542bbe6.jpg,4,0,0.014172651
42636127e.jpg,1,0,0.0451811
42636127e.jpg,2,0,0.027357064
42636127e.jpg,3,1,0.88563555
42636127e.jpg,4,0,0.0022866253
4268b35d9.jpg,1,0,0.48323083
4268b35d9.jpg,2,0,0.014982848
4268b35d9.jpg,3,0,0.4518319
4268b35d9.jpg,4,0,0.014510798
42795e53d.jpg,1,0,0.08757935
42795e53d.jpg,2,0,0.05926722
42795e53d.jpg,3,1,0.6299307
42795e53d.jpg,4,0,0.11926197
427b10b21.jpg,1,0,0.058835965
427b10b21.jpg,2,0,0.039464433
427b10b21.jpg,3,1,0.8754472
427b10b21.jpg,4,0,0.0018275526
4291658ce.jpg,1,0,0.047680125
4291658ce.jpg,2,0,0.010484948
4291658ce.jpg,3,1,0.8537386
4291658ce.jpg,4,0,0.13257381
429a2d97a.jpg,1,0,0.009555935
429a2d97a.jpg,2,0,0.0016877129
429a2d97a.jpg,3,1,0.87246495
429a2d97a.jpg,4,0,0.046616316
429a6437d.jpg,1,0,0.037997786
429a6437d.jpg,2,0,0.01973437
429a6437d.jpg,3,1,0.8896678
429a6437d.jpg,4,0,0.0023663302
42a7c4cd4.jpg,1,1,0.630339
42a7c4cd4.jpg,2,0,0.13540553
42a7c4cd4.jpg,3,0,0.17443049
42a7c4cd4.jpg,4,0,0.022285754
42aa6fd93.jpg,1,0,0.012392
42aa6fd93.jpg,2,0,0.001433059
42aa6fd93.jpg,3,1,0.9230798
42aa6fd93.jpg,4,0,0.015531547
42ac758fc.jpg,1,0,0.019265307
42ac758fc.jpg,2,0,0.001972074
42ac758fc.jpg,3,1,0.932658
42ac758fc.jpg,4,0,0.017599978
42ae82ae2.jpg,1,0,0.021681981
42ae82ae2.jpg,2,0,0.010642655
42ae82ae2.jpg,3,1,0.8866814
42ae82ae2.jpg,4,0,0.040550314
42c3f7b08.jpg,1,0,0.034710716
42c3f7b08.jpg,2,0,0.014665108
42c3f7b08.jpg,3,0,0.596457
42c3f7b08.jpg,4,1,0.62350494
42d4d28f6.jpg,1,0,0.04968443
42d4d28f6.jpg,2,0,0.029164799
42d4d28f6.jpg,3,1,0.8814222
42d4d28f6.jpg,4,0,0.008538623
42e6c728d.jpg,1,0,0.35123536
42e6c728d.jpg,2,0,0.03580454
42e6c728d.jpg,3,0,0.57775897
42e6c728d.jpg,4,0,0.034432042
42f162eec.jpg,1,0,0.21914989
42f162eec.jpg,2,0,0.15249275
42f162eec.jpg,3,1,0.6386012
42f162eec.jpg,4,0,0.09126259
42f269efe.jpg,1,0,0.17100899
42f269efe.jpg,2,0,0.011345125
42f269efe.jpg,3,1,0.72205585
42f269efe.jpg,4,0,0.00972532
42f2b7c8e.jpg,1,0,0.06978397
42f2b7c8e.jpg,2,0,0.03817459
42f2b7c8e.jpg,3,1,0.8808582
42f2b7c8e.jpg,4,0,0.0017725438
43002ba30.jpg,1,1,0.6964726
43002ba30.jpg,2,0,0.013344242
43002ba30.jpg,3,0,0.34043694
43002ba30.jpg,4,0,0.024572907
43129c346.jpg,1,0,0.018048504
43129c346.jpg,2,0,0.015933713
43129c346.jpg,3,0,0.2457595
43129c346.jpg,4,1,0.878138
43174e99b.jpg,1,0,0.28808773
43174e99b.jpg,2,0,0.33165956
43174e99b.jpg,3,0,0.31392357
43174e99b.jpg,4,0,0.0074100173
431a9ccc3.jpg,1,0,0.18313794
431a9ccc3.jpg,2,0,0.027021052
431a9ccc3.jpg,3,0,0.40597868
431a9ccc3.jpg,4,0,0.31839338
431e86caa.jpg,1,0,0.052271355
431e86caa.jpg,2,0,0.025652805
431e86caa.jpg,3,1,0.8629826
431e86caa.jpg,4,0,0.005126221
431ef181d.jpg,1,0,0.23328139
431ef181d.jpg,2,0,0.023900054
431ef181d.jpg,3,0,0.24957763
431ef181d.jpg,4,0,0.15755807
432cc82fe.jpg,1,0,0.048768904
432cc82fe.jpg,2,0,0.00286588
432cc82fe.jpg,3,1,0.70034486
432cc82fe.jpg,4,1,0.64714265
4333ec468.jpg,1,0,0.082403086
4333ec468.jpg,2,0,0.005547717
4333ec468.jpg,3,1,0.7408624
4333ec468.jpg,4,0,0.023615034
4337d169a.jpg,1,0,0.5157662
4337d169a.jpg,2,0,0.29587862
4337d169a.jpg,3,0,0.28112534
4337d169a.jpg,4,0,0.0074027446
433ecc86d.jpg,1,0,0.11074751
433ecc86d.jpg,2,0,0.019606562
433ecc86d.jpg,3,1,0.8363965
433ecc86d.jpg,4,0,0.019601563
43440f039.jpg,1,1,0.72762984
43440f039.jpg,2,0,0.008026303
43440f039.jpg,3,0,0.2048716
43440f039.jpg,4,0,0.046070766
43558fbec.jpg,1,0,0.06442438
43558fbec.jpg,2,0,0.0061711967
43558fbec.jpg,3,0,0.58326495
43558fbec.jpg,4,0,0.010247654
435e66b3a.jpg,1,0,0.04819143
435e66b3a.jpg,2,0,0.024950033
435e66b3a.jpg,3,1,0.89227945
435e66b3a.jpg,4,0,0.001279369
4360329d0.jpg,1,0,0.067253694
4360329d0.jpg,2,0,0.010356431
4360329d0.jpg,3,1,0.878531
4360329d0.jpg,4,0,0.016053801
437271da1.jpg,1,0,0.05037224
437271da1.jpg,2,0,0.0058670347
437271da1.jpg,3,1,0.81620675
437271da1.jpg,4,0,0.019098267
438ad7d10.jpg,1,0,0.03980015
438ad7d10.jpg,2,0,0.038156956
438ad7d10.jpg,3,1,0.8936327
438ad7d10.jpg,4,0,0.001830635
439133dbf.jpg,1,1,0.7750511
439133dbf.jpg,2,0,0.022338971
439133dbf.jpg,3,0,0.24601062
439133dbf.jpg,4,0,0.008779609
439973eed.jpg,1,0,0.39213598
439973eed.jpg,2,0,0.503822
439973eed.jpg,3,0,0.30184326
439973eed.jpg,4,0,0.00500023
439feac51.jpg,1,0,0.011305991
439feac51.jpg,2,0,0.0014153486
439feac51.jpg,3,0,0.47453937
439feac51.jpg,4,1,0.8267677
43a10ca4f.jpg,1,0,0.13426743
43a10ca4f.jpg,2,0,0.033384454
43a10ca4f.jpg,3,1,0.84329844
43a10ca4f.jpg,4,0,0.0021939566
43a20b18b.jpg,1,0,0.3838309
43a20b18b.jpg,2,0,0.39482072
43a20b18b.jpg,3,0,0.4386125
43a20b18b.jpg,4,0,0.00479938
43b0dec37.jpg,1,0,0.38190314
43b0dec37.jpg,2,0,0.54409796
43b0dec37.jpg,3,0,0.3065655
43b0dec37.jpg,4,0,0.005389556
43b6a6a1a.jpg,1,0,0.059755776
43b6a6a1a.jpg,2,0,0.0049568773
43b6a6a1a.jpg,3,1,0.8300307
43b6a6a1a.jpg,4,0,0.035218194
43be155b2.jpg,1,0,0.01408342
43be155b2.jpg,2,0,0.0016798138
43be155b2.jpg,3,0,0.5552593
43be155b2.jpg,4,1,0.6846737
43c1a4a70.jpg,1,0,0.318153
43c1a4a70.jpg,2,1,0.6048028
43c1a4a70.jpg,3,0,0.19141221
43c1a4a70.jpg,4,0,0.0034332229
43cdf7d8d.jpg,1,0,0.1071862
43cdf7d8d.jpg,2,0,0.031001396
43cdf7d8d.jpg,3,1,0.86849236
43cdf7d8d.jpg,4,0,0.0014881995
43d3e6f33.jpg,1,1,0.76550657
43d3e6f33.jpg,2,0,0.010324926
43d3e6f33.jpg,3,0,0.16826855
43d3e6f33.jpg,4,0,0.016655205
43e98ae7e.jpg,1,0,0.12181515
43e98ae7e.jpg,2,0,0.11621848
43e98ae7e.jpg,3,1,0.708026
43e98ae7e.jpg,4,0,0.053830463
43fe37865.jpg,1,0,0.045981396
43fe37865.jpg,2,0,0.017773228
43fe37865.jpg,3,1,0.8298971
43fe37865.jpg,4,0,0.0033694508
4425a3ca1.jpg,1,0,0.04182149
4425a3ca1.jpg,2,0,0.016180582
4425a3ca1.jpg,3,1,0.7218995
4425a3ca1.jpg,4,0,0.33585688
44398db54.jpg,1,0,0.036603004
44398db54.jpg,2,0,0.0054361154
44398db54.jpg,3,1,0.8573163
44398db54.jpg,4,0,0.043885108
443d3ddd0.jpg,1,0,0.07585388
443d3ddd0.jpg,2,0,0.14621861
443d3ddd0.jpg,3,1,0.81221604
443d3ddd0.jpg,4,0,0.0024938588
44458e244.jpg,1,0,0.12779604
44458e244.jpg,2,0,0.012225454
44458e244.jpg,3,1,0.7800409
44458e244.jpg,4,0,0.004020711
44529076b.jpg,1,0,0.17715888
44529076b.jpg,2,0,0.0047273277
44529076b.jpg,3,1,0.8527109
44529076b.jpg,4,0,0.022002771
4453800c1.jpg,1,0,0.33281657
4453800c1.jpg,2,0,0.18460785
4453800c1.jpg,3,0,0.48551
4453800c1.jpg,4,0,0.03153651
445451d11.jpg,1,0,0.039079707
445451d11.jpg,2,0,0.013586809
445451d11.jpg,3,1,0.8862806
445451d11.jpg,4,0,0.01626935
44578c960.jpg,1,0,0.3238695
44578c960.jpg,2,0,0.3066388
44578c960.jpg,3,0,0.52229375
44578c960.jpg,4,0,0.003660692
445a4f77f.jpg,1,0,0.03428018
445a4f77f.jpg,2,0,0.015771493
445a4f77f.jpg,3,1,0.73200387
445a4f77f.jpg,4,0,0.19951157
446372a47.jpg,1,0,0.025162652
446372a47.jpg,2,0,0.019082256
446372a47.jpg,3,1,0.7042546
446372a47.jpg,4,0,0.30292514
448546cd8.jpg,1,0,0.18740456
448546cd8.jpg,2,0,0.12958892
448546cd8.jpg,3,1,0.77357215
448546cd8.jpg,4,0,0.00309237
44859b1b9.jpg,1,0,0.25689468
44859b1b9.jpg,2,0,0.05310026
44859b1b9.jpg,3,0,0.5945304
44859b1b9.jpg,4,0,0.0028395664
448a73204.jpg,1,0,0.05004041
448a73204.jpg,2,0,0.028125294
448a73204.jpg,3,1,0.88883704
448a73204.jpg,4,0,0.0029449575
4490e43c1.jpg,1,0,0.18933527
4490e43c1.jpg,2,0,0.059605032
4490e43c1.jpg,3,1,0.65493083
4490e43c1.jpg,4,0,0.0043020244
44a556271.jpg,1,0,0.053279746
44a556271.jpg,2,0,0.025794923
44a556271.jpg,3,1,0.89187366
44a556271.jpg,4,0,0.0024251097
44a5dd5b9.jpg,1,0,0.06068154
44a5dd5b9.jpg,2,0,0.032643024
44a5dd5b9.jpg,3,1,0.88631946
44a5dd5b9.jpg,4,0,0.0023097584
44a665c86.jpg,1,0,0.015986
44a665c86.jpg,2,0,0.0054262895
44a665c86.jpg,3,0,0.44520095
44a665c86.jpg,4,1,0.780554
44aca2961.jpg,1,0,0.3626742
44aca2961.jpg,2,0,0.009247176
44aca2961.jpg,3,0,0.5920607
44aca2961.jpg,4,0,0.12098376
44bbde24d.jpg,1,0,0.021134013
44bbde24d.jpg,2,0,0.0021070333
44bbde24d.jpg,3,1,0.9392883
44bbde24d.jpg,4,0,0.004385683
44c959096.jpg,1,0,0.085923366
44c959096.jpg,2,0,0.006414452
44c959096.jpg,3,1,0.7397237
44c959096.jpg,4,0,0.0276683
44ca85273.jpg,1,0,0.042913765
44ca85273.jpg,2,0,0.013850697
44ca85273.jpg,3,1,0.83783334
44ca85273.jpg,4,0,0.0035876
44d5951f6.jpg,1,1,0.70798546
44d5951f6.jpg,2,0,0.0081011215
44d5951f6.jpg,3,0,0.24195671
44d5951f6.jpg,4,0,0.028572055
44d86ff71.jpg,1,0,0.23083211
44d86ff71.jpg,2,0,0.40773144
44d86ff71.jpg,3,0,0.54398304
44d86ff71.jpg,4,0,0.004377478
44ebc9b9c.jpg,1,1,0.662636
44ebc9b9c.jpg,2,0,0.013995829
44ebc9b9c.jpg,3,0,0.24059741
44ebc9b9c.jpg,4,0,0.0038961961
450ae93ff.jpg,1,0,0.04591058
450ae93ff.jpg,2,0,0.02157365
450ae93ff.jpg,3,1,0.87140375
450ae93ff.jpg,4,0,0.0034526875
450e4bd18.jpg,1,0,0.029868938
450e4bd18.jpg,2,0,0.00293717
450e4bd18.jpg,3,1,0.922141
450e4bd18.jpg,4,0,0.010161103
451e723f9.jpg,1,0,0.025442496
451e723f9.jpg,2,0,0.005242015
451e723f9.jpg,3,1,0.62292403
451e723f9.jpg,4,0,0.01252545
454d8aab4.jpg,1,0,0.47293636
454d8aab4.jpg,2,0,0.15493385
454d8aab4.jpg,3,0,0.21232323
454d8aab4.jpg,4,0,0.0023759913
454f1f49f.jpg,1,0,0.11549368
454f1f49f.jpg,2,0,0.13732748
454f1f49f.jpg,3,1,0.764471
454f1f49f.jpg,4,0,0.0050168615
45603a958.jpg,1,0,0.07053729
45603a958.jpg,2,0,0.0562539
45603a958.jpg,3,1,0.8467118
45603a958.jpg,4,0,0.0029119058
456241aa5.jpg,1,0,0.019464163
456241aa5.jpg,2,0,0.0026509424
456241aa5.jpg,3,0,0.5753641
456241aa5.jpg,4,1,0.77448416
457e96b39.jpg,1,0,0.029469915
457e96b39.jpg,2,0,0.018520966
457e96b39.jpg,3,1,0.89001364
457e96b39.jpg,4,0,0.0035189295
457fc48b6.jpg,1,0,0.023412839
457fc48b6.jpg,2,0,0.0075284303
457fc48b6.jpg,3,0,0.5140807
457fc48b6.jpg,4,1,0.8008712
45b112be2.jpg,1,0,0.23053469
45b112be2.jpg,2,0,0.44224963
45b112be2.jpg,3,0,0.42358544
45b112be2.jpg,4,0,0.0025803917
45cb7a530.jpg,1,0,0.03608806
45cb7a530.jpg,2,0,0.015649006
45cb7a530.jpg,3,1,0.8919396
45cb7a530.jpg,4,0,0.0028971282
45d3107a6.jpg,1,0,0.07691547
45d3107a6.jpg,2,0,0.034563456
45d3107a6.jpg,3,1,0.84130746
45d3107a6.jpg,4,0,0.016310235
45da4ba4e.jpg,1,0,0.1778574
45da4ba4e.jpg,2,0,0.15188628
45da4ba4e.jpg,3,0,0.50478774
45da4ba4e.jpg,4,0,0.13063677
45e5a37d9.jpg,1,0,0.08282242
45e5a37d9.jpg,2,0,0.019863764
45e5a37d9.jpg,3,0,0.36382174
45e5a37d9.jpg,4,0,0.15191984
46005280a.jpg,1,0,0.037838116
46005280a.jpg,2,0,0.0030030913
46005280a.jpg,3,1,0.92171526
46005280a.jpg,4,0,0.03038458
461244df0.jpg,1,0,0.058091667
461244df0.jpg,2,0,0.022311525
461244df0.jpg,3,1,0.8568127
461244df0.jpg,4,0,0.0069302707
462ed8877.jpg,1,0,0.077979885
462ed8877.jpg,2,0,0.15793161
462ed8877.jpg,3,1,0.72597486
462ed8877.jpg,4,0,0.060266715
46490d7cf.jpg,1,0,0.08369344
46490d7cf.jpg,2,0,0.09220461
46490d7cf.jpg,3,0,0.5664074
46490d7cf.jpg,4,0,0.22736077
465d8df45.jpg,1,0,0.033588946
465d8df45.jpg,2,0,0.004231032
465d8df45.jpg,3,1,0.8996615
465d8df45.jpg,4,0,0.015462744
465fc25a2.jpg,1,0,0.012182762
465fc25a2.jpg,2,0,0.0053568096
465fc25a2.jpg,3,1,0.9161883
465fc25a2.jpg,4,0,0.03099005
467e97477.jpg,1,0,0.3112872
467e97477.jpg,2,1,0.61047757
467e97477.jpg,3,0,0.28922412
467e97477.jpg,4,0,0.0039517647
468b52dfd.jpg,1,0,0.0751163
468b52dfd.jpg,2,0,0.006014262
468b52dfd.jpg,3,0,0.46146882
468b52dfd.jpg,4,1,0.6655999
469ed0fd8.jpg,1,0,0.17612195
469ed0fd8.jpg,2,0,0.028122203
469ed0fd8.jpg,3,1,0.7915481
469ed0fd8.jpg,4,0,0.037634645
46a3d5669.jpg,1,0,0.17624587
46a3d5669.jpg,2,0,0.12158874
46a3d5669.jpg,3,0,0.52404517
46a3d5669.jpg,4,0,0.14737064
46aa8fef0.jpg,1,0,0.4037789
46aa8fef0.jpg,2,0,0.03821669
46aa8fef0.jpg,3,1,0.7541631
46aa8fef0.jpg,4,0,0.021092683
46ab71946.jpg,1,0,0.06897549
46ab71946.jpg,2,0,0.01381133
46ab71946.jpg,3,1,0.8990703
46ab71946.jpg,4,0,0.009204564
46b63e8e6.jpg,1,1,0.7417157
46b63e8e6.jpg,2,0,0.021032482
46b63e8e6.jpg,3,0,0.15225214
46b63e8e6.jpg,4,0,0.030113136
46b8a3c36.jpg,1,0,0.42715815
46b8a3c36.jpg,2,0,0.01198915
46b8a3c36.jpg,3,1,0.77320266
46b8a3c36.jpg,4,0,0.014162444
46bd2aedc.jpg,1,0,0.07698061
46bd2aedc.jpg,2,0,0.28196785
46bd2aedc.jpg,3,0,0.4831103
46bd2aedc.jpg,4,0,0.004225638
46d2424e8.jpg,1,1,0.7496856
46d2424e8.jpg,2,0,0.004860519
46d2424e8.jpg,3,0,0.21241803
46d2424e8.jpg,4,0,0.036119755
46effeaf6.jpg,1,0,0.016150406
46effeaf6.jpg,2,0,0.0021841442
46effeaf6.jpg,3,1,0.9245749
46effeaf6.jpg,4,0,0.01198316
470055e36.jpg,1,1,0.73777
470055e36.jpg,2,0,0.004831599
470055e36.jpg,3,0,0.4163668
470055e36.jpg,4,0,0.026598258
470c1f76e.jpg,1,1,0.66574
470c1f76e.jpg,2,0,0.018018594
470c1f76e.jpg,3,0,0.21991457
470c1f76e.jpg,4,0,0.011237015
470da814d.jpg,1,0,0.09074632
470da814d.jpg,2,0,0.024246834
470da814d.jpg,3,0,0.21265638
470da814d.jpg,4,0,0.011994905
47196f3d0.jpg,1,1,0.652082
47196f3d0.jpg,2,0,0.0057211663
47196f3d0.jpg,3,0,0.47448263
47196f3d0.jpg,4,0,0.010035825
4724b83ae.jpg,1,0,0.2747333
4724b83ae.jpg,2,0,0.1511393
4724b83ae.jpg,3,0,0.49892607
4724b83ae.jpg,4,0,0.05246501
4731631cd.jpg,1,0,0.30328068
4731631cd.jpg,2,0,0.07630348
4731631cd.jpg,3,0,0.5817119
4731631cd.jpg,4,0,0.060171053
4734df616.jpg,1,1,0.6088503
4734df616.jpg,2,0,0.38108385
4734df616.jpg,3,0,0.31044203
4734df616.jpg,4,0,0.0053333663
474097219.jpg,1,0,0.0423256
474097219.jpg,2,0,0.022902215
474097219.jpg,3,1,0.8908178
474097219.jpg,4,0,0.0077130967
4742aaf6c.jpg,1,0,0.019154087
4742aaf6c.jpg,2,0,0.009983684
4742aaf6c.jpg,3,1,0.8566912
4742aaf6c.jpg,4,0,0.09428369
4752c59a6.jpg,1,0,0.15938333
4752c59a6.jpg,2,0,0.015841236
4752c59a6.jpg,3,1,0.8329034
4752c59a6.jpg,4,0,0.0028453702
475d8e8d6.jpg,1,0,0.02476514
475d8e8d6.jpg,2,0,0.0033502758
475d8e8d6.jpg,3,0,0.343318
475d8e8d6.jpg,4,1,0.8215992
47608300f.jpg,1,1,0.6191694
47608300f.jpg,2,0,0.0042751413
47608300f.jpg,3,0,0.40134016
47608300f.jpg,4,0,0.060035616
4778df12c.jpg,1,0,0.033987205
4778df12c.jpg,2,0,0.002426591
4778df12c.jpg,3,1,0.91590947
4778df12c.jpg,4,0,0.026725536
477cc1c37.jpg,1,0,0.4155762
477cc1c37.jpg,2,0,0.05244876
477cc1c37.jpg,3,0,0.5325375
477cc1c37.jpg,4,0,0.018888282
47890fdf1.jpg,1,0,0.34162608
47890fdf1.jpg,2,0,0.18558876
47890fdf1.jpg,3,0,0.3640087
47890fdf1.jpg,4,0,0.013448556
47905a92b.jpg,1,1,0.6788259
47905a92b.jpg,2,0,0.37784457
47905a92b.jpg,3,0,0.15172188
47905a92b.jpg,4,0,0.023523817
479467fe1.jpg,1,1,0.78901047
479467fe1.jpg,2,0,0.05088924
479467fe1.jpg,3,0,0.13948274
479467fe1.jpg,4,0,0.00925177
47a65c929.jpg,1,0,0.15698126
47a65c929.jpg,2,0,0.009432216
47a65c929.jpg,3,1,0.78156215
47a65c929.jpg,4,0,0.010324203
47a821dca.jpg,1,0,0.5458692
47a821dca.jpg,2,0,0.065124035
47a821dca.jpg,3,0,0.46901298
47a821dca.jpg,4,0,0.034288865
47b4b7309.jpg,1,0,0.23450463
47b4b7309.jpg,2,0,0.012035529
47b4b7309.jpg,3,1,0.64318174
47b4b7309.jpg,4,0,0.019611286
47c1a0f4a.jpg,1,0,0.061641622
47c1a0f4a.jpg,2,0,0.005273393
47c1a0f4a.jpg,3,0,0.52495366
47c1a0f4a.jpg,4,0,0.5232502
47c9178a3.jpg,1,0,0.028801426
47c9178a3.jpg,2,0,0.015317537
47c9178a3.jpg,3,1,0.8757308
47c9178a3.jpg,4,0,0.006078966
47e238c2b.jpg,1,0,0.18192737
47e238c2b.jpg,2,0,0.113257475
47e238c2b.jpg,3,1,0.7809163
47e238c2b.jpg,4,0,0.008631646
47e2c3429.jpg,1,0,0.17521416
47e2c3429.jpg,2,0,0.030756287
47e2c3429.jpg,3,1,0.7279814
47e2c3429.jpg,4,0,0.017820984
47f0dff6c.jpg,1,0,0.053000968
47f0dff6c.jpg,2,0,0.025159666
47f0dff6c.jpg,3,1,0.86269116
47f0dff6c.jpg,4,0,0.005269525
47fb40e7a.jpg,1,0,0.24270837
47fb40e7a.jpg,2,0,0.40660903
47fb40e7a.jpg,3,0,0.5384957
47fb40e7a.jpg,4,0,0.003426806
4806661d7.jpg,1,0,0.0457502
4806661d7.jpg,2,0,0.0062048617
4806661d7.jpg,3,1,0.89909226
4806661d7.jpg,4,0,0.015820218
4822f7455.jpg,1,1,0.72883487
4822f7455.jpg,2,0,0.18670309
4822f7455.jpg,3,0,0.23311348
4822f7455.jpg,4,0,0.005242234
483aa8d9e.jpg,1,0,0.07623753
483aa8d9e.jpg,2,0,0.030377256
483aa8d9e.jpg,3,0,0.5666874
483aa8d9e.jpg,4,0,0.11616648
484944caa.jpg,1,0,0.4133846
484944caa.jpg,2,0,0.5905286
484944caa.jpg,3,0,0.17283857
484944caa.jpg,4,0,0.0030731226
485195199.jpg,1,1,0.7047233
485195199.jpg,2,0,0.17938375
485195199.jpg,3,0,0.20929952
485195199.jpg,4,0,0.009920592
486e31a14.jpg,1,0,0.23014462
486e31a14.jpg,2,0,0.0389969
486e31a14.jpg,3,0,0.46232656
486e31a14.jpg,4,0,0.32601956
48739c768.jpg,1,0,0.102551304
48739c768.jpg,2,0,0.055223268
48739c768.jpg,3,1,0.87269926
48739c768.jpg,4,0,0.028730392
487772f8c.jpg,1,0,0.3259654
487772f8c.jpg,2,0,0.060006052
487772f8c.jpg,3,0,0.31472692
487772f8c.jpg,4,0,0.147768
48786fbac.jpg,1,0,0.052049022
48786fbac.jpg,2,0,0.03044217
48786fbac.jpg,3,1,0.87435573
48786fbac.jpg,4,0,0.0029716475
4881c073e.jpg,1,0,0.46531418
4881c073e.jpg,2,0,0.0051247734
4881c073e.jpg,3,0,0.53457206
4881c073e.jpg,4,0,0.23581879
48843943f.jpg,1,0,0.25143266
48843943f.jpg,2,0,0.0050566974
48843943f.jpg,3,1,0.7872369
48843943f.jpg,4,0,0.02102072
488f20b5b.jpg,1,0,0.073171996
488f20b5b.jpg,2,0,0.0043475926
488f20b5b.jpg,3,1,0.81832147
488f20b5b.jpg,4,0,0.032315686
4894c05e2.jpg,1,0,0.5904311
4894c05e2.jpg,2,0,0.005277738
4894c05e2.jpg,3,1,0.6102403
4894c05e2.jpg,4,0,0.041510344
48994af29.jpg,1,0,0.46111408
48994af29.jpg,2,0,0.10344898
48994af29.jpg,3,0,0.34349534
48994af29.jpg,4,0,0.0036336605
489af01cc.jpg,1,1,0.7858214
489af01cc.jpg,2,0,0.006350321
489af01cc.jpg,3,0,0.18453431
489af01cc.jpg,4,0,0.019462977
48b838a22.jpg,1,0,0.58507437
48b838a22.jpg,2,0,0.26374462
48b838a22.jpg,3,0,0.25396052
48b838a22.jpg,4,0,0.0169266
48c11ff86.jpg,1,0,0.27934095
48c11ff86.jpg,2,0,0.09312122
48c11ff86.jpg,3,0,0.4108543
48c11ff86.jpg,4,0,0.11982296
48c23125e.jpg,1,0,0.018498074
48c23125e.jpg,2,0,0.0047899256
48c23125e.jpg,3,1,0.8698551
48c23125e.jpg,4,0,0.060326148
48c2fa29f.jpg,1,0,0.2006848
48c2fa29f.jpg,2,0,0.3278166
48c2fa29f.jpg,3,1,0.6659115
48c2fa29f.jpg,4,0,0.0035251628
48c3f3058.jpg,1,0,0.015373484
48c3f3058.jpg,2,0,0.0024532455
48c3f3058.jpg,3,1,0.92482454
48c3f3058.jpg,4,0,0.011148202
48d624a89.jpg,1,0,0.032091152
48d624a89.jpg,2,0,0.020470407
48d624a89.jpg,3,1,0.8774547
48d624a89.jpg,4,0,0.0017643777
48e20d67f.jpg,1,0,0.049631316
48e20d67f.jpg,2,0,0.0041953227
48e20d67f.jpg,3,1,0.7928787
48e20d67f.jpg,4,0,0.028311826
48edc93aa.jpg,1,0,0.010803059
48edc93aa.jpg,2,0,0.004041728
48edc93aa.jpg,3,1,0.89398676
48edc93aa.jpg,4,0,0.03779344
491f3c085.jpg,1,0,0.3073984
491f3c085.jpg,2,0,0.12183014
491f3c085.jpg,3,0,0.30991665
491f3c085.jpg,4,0,0.096884884
49206b475.jpg,1,0,0.42457297
49206b475.jpg,2,0,0.03425201
49206b475.jpg,3,0,0.4926201
49206b475.jpg,4,0,0.0031125287
49289e055.jpg,1,0,0.012340778
49289e055.jpg,2,0,0.0014130772
49289e055.jpg,3,1,0.95059925
49289e055.jpg,4,0,0.007756992
492e3ed43.jpg,1,0,0.022498814
492e3ed43.jpg,2,0,0.007901558
492e3ed43.jpg,3,0,0.29862723
492e3ed43.jpg,4,1,0.8257177
492f6c44a.jpg,1,1,0.6914468
492f6c44a.jpg,2,0,0.1486253
492f6c44a.jpg,3,0,0.14496706
492f6c44a.jpg,4,0,0.037079036
4931bdcff.jpg,1,0,0.061190248
4931bdcff.jpg,2,0,0.011773507
4931bdcff.jpg,3,1,0.636715
4931bdcff.jpg,4,0,0.27962065
49420e583.jpg,1,0,0.4438853
49420e583.jpg,2,0,0.18538328
49420e583.jpg,3,0,0.31922773
49420e583.jpg,4,0,0.10594416
49473a647.jpg,1,1,0.8100831
49473a647.jpg,2,0,0.008292665
49473a647.jpg,3,0,0.15126292
49473a647.jpg,4,0,0.0416616
496b539bf.jpg,1,0,0.27803907
496b539bf.jpg,2,0,0.018624337
496b539bf.jpg,3,1,0.7550582
496b539bf.jpg,4,0,0.0051793507
4985959b6.jpg,1,0,0.011367675
4985959b6.jpg,2,0,0.002002438
4985959b6.jpg,3,1,0.8293887
4985959b6.jpg,4,0,0.17159165
49881d3ac.jpg,1,0,0.030945519
49881d3ac.jpg,2,0,0.011408907
49881d3ac.jpg,3,1,0.78063923
49881d3ac.jpg,4,0,0.14590788
499a9893b.jpg,1,0,0.5087367
499a9893b.jpg,2,0,0.068938695
499a9893b.jpg,3,0,0.45209995
499a9893b.jpg,4,0,0.017171102
499b84670.jpg,1,0,0.023954106
499b84670.jpg,2,0,0.0048292787
499b84670.jpg,3,1,0.91573626
499b84670.jpg,4,0,0.006235944
499e41bff.jpg,1,0,0.5638306
499e41bff.jpg,2,0,0.072260156
499e41bff.jpg,3,0,0.24695891
499e41bff.jpg,4,0,0.17182823
49a275291.jpg,1,0,0.056401167
49a275291.jpg,2,0,0.029559666
49a275291.jpg,3,1,0.8966536
49a275291.jpg,4,0,0.0022510455
49a386da3.jpg,1,0,0.1295679
49a386da3.jpg,2,0,0.0078083067
49a386da3.jpg,3,1,0.80960673
49a386da3.jpg,4,0,0.017537458
49b1c08c6.jpg,1,0,0.010545465
49b1c08c6.jpg,2,0,0.0025958808
49b1c08c6.jpg,3,1,0.67432815
49b1c08c6.jpg,4,1,0.7750819
49b82cbb6.jpg,1,0,0.041296825
49b82cbb6.jpg,2,0,0.05012169
49b82cbb6.jpg,3,1,0.87920976
49b82cbb6.jpg,4,0,0.002072854
49d7ee139.jpg,1,0,0.07345273
49d7ee139.jpg,2,0,0.082678884
49d7ee139.jpg,3,1,0.82295394
49d7ee139.jpg,4,0,0.0030832475
49e22bae6.jpg,1,0,0.47853434
49e22bae6.jpg,2,0,0.23723596
49e22bae6.jpg,3,0,0.46423098
49e22bae6.jpg,4,0,0.0043332214
49e26e878.jpg,1,0,0.3438996
49e26e878.jpg,2,0,0.019611906
49e26e878.jpg,3,1,0.6022081
49e26e878.jpg,4,0,0.12986818
49e4b8bf4.jpg,1,0,0.10925835
49e4b8bf4.jpg,2,0,0.5178066
49e4b8bf4.jpg,3,0,0.4408172
49e4b8bf4.jpg,4,0,0.0073490664
49ee7d5d6.jpg,1,0,0.10161817
49ee7d5d6.jpg,2,0,0.008376449
49ee7d5d6.jpg,3,1,0.8537825
49ee7d5d6.jpg,4,0,0.007385966
4a1aa2afb.jpg,1,0,0.31072196
4a1aa2afb.jpg,2,0,0.01427475
4a1aa2afb.jpg,3,1,0.61460453
4a1aa2afb.jpg,4,0,0.008422806
4a206c588.jpg,1,0,0.23669766
4a206c588.jpg,2,1,0.7583727
4a206c588.jpg,3,0,0.19798082
4a206c588.jpg,4,0,0.00241292
4a7880215.jpg,1,0,0.03775892
4a7880215.jpg,2,0,0.008697751
4a7880215.jpg,3,1,0.9306628
4a7880215.jpg,4,0,0.006801561
4a7a588aa.jpg,1,0,0.022095352
4a7a588aa.jpg,2,0,0.014602804
4a7a588aa.jpg,3,1,0.9257982
4a7a588aa.jpg,4,0,0.00390822
4a7d06ee3.jpg,1,0,0.048398316
4a7d06ee3.jpg,2,0,0.036154363
4a7d06ee3.jpg,3,0,0.47599718
4a7d06ee3.jpg,4,1,0.60837454
4a84c317a.jpg,1,0,0.052474078
4a84c317a.jpg,2,0,0.029509855
4a84c317a.jpg,3,1,0.86881715
4a84c317a.jpg,4,0,0.002778658
4a967c042.jpg,1,0,0.14873607
4a967c042.jpg,2,0,0.05114111
4a967c042.jpg,3,0,0.5535409
4a967c042.jpg,4,0,0.0019433046
4a96ab59b.jpg,1,0,0.005430563
4a96ab59b.jpg,2,0,0.0013160211
4a96ab59b.jpg,3,1,0.94183224
4a96ab59b.jpg,4,0,0.042330205
4a9ea3b15.jpg,1,0,0.025388189
4a9ea3b15.jpg,2,0,0.0051879506
4a9ea3b15.jpg,3,0,0.47348273
4a9ea3b15.jpg,4,1,0.8149995
4aa179bf3.jpg,1,0,0.33380738
4aa179bf3.jpg,2,0,0.52917534
4aa179bf3.jpg,3,0,0.2638436
4aa179bf3.jpg,4,0,0.004581842
4ab23743e.jpg,1,1,0.67983294
4ab23743e.jpg,2,0,0.061726835
4ab23743e.jpg,3,0,0.23831093
4ab23743e.jpg,4,0,0.044084907
4accf83d2.jpg,1,0,0.43988392
4accf83d2.jpg,2,0,0.37588271
4accf83d2.jpg,3,0,0.39956728
4accf83d2.jpg,4,0,0.0038617626
4ad8ea918.jpg,1,0,0.15676837
4ad8ea918.jpg,2,0,0.036120947
4ad8ea918.jpg,3,1,0.8151795
4ad8ea918.jpg,4,0,0.003211243
4ae9f7578.jpg,1,0,0.06481031
4ae9f7578.jpg,2,0,0.07193605
4ae9f7578.jpg,3,1,0.84657305
4ae9f7578.jpg,4,0,0.0059599564
4aea652c4.jpg,1,0,0.20939334
4aea652c4.jpg,2,0,0.014007268
4aea652c4.jpg,3,1,0.72400457
4aea652c4.jpg,4,0,0.04334177
4aea81288.jpg,1,0,0.03318657
4aea81288.jpg,2,0,0.0077308356
4aea81288.jpg,3,0,0.3221616
4aea81288.jpg,4,1,0.798599
4af55bec7.jpg,1,1,0.70286465
4af55bec7.jpg,2,0,0.016285587
4af55bec7.jpg,3,0,0.23112394
4af55bec7.jpg,4,0,0.015587251
4b12a77d9.jpg,1,0,0.013209823
4b12a77d9.jpg,2,0,0.0014022054
4b12a77d9.jpg,3,1,0.92693114
4b12a77d9.jpg,4,0,0.0065417066
4b2051e3a.jpg,1,0,0.19344752
4b2051e3a.jpg,2,0,0.12840874
4b2051e3a.jpg,3,1,0.74951226
4b2051e3a.jpg,4,0,0.0065943985
4b26d267d.jpg,1,0,0.19037974
4b26d267d.jpg,2,0,0.019247849
4b26d267d.jpg,3,1,0.6782364
4b26d267d.jpg,4,0,0.008783898
4b42e7bce.jpg,1,0,0.5894249
4b42e7bce.jpg,2,0,0.09200638
4b42e7bce.jpg,3,0,0.33884594
4b42e7bce.jpg,4,0,0.0051109814
4b481e4e2.jpg,1,0,0.040406417
4b481e4e2.jpg,2,0,0.005169623
4b481e4e2.jpg,3,1,0.81499964
4b481e4e2.jpg,4,0,0.021132084
4b4ab7061.jpg,1,0,0.02832363
4b4ab7061.jpg,2,0,0.0059578926
4b4ab7061.jpg,3,1,0.898052
4b4ab7061.jpg,4,0,0.046460446
4b4fed977.jpg,1,0,0.3177995
4b4fed977.jpg,2,0,0.027013153
4b4fed977.jpg,3,0,0.542919
4b4fed977.jpg,4,0,0.05222298
4b50356da.jpg,1,0,0.09511263
4b50356da.jpg,2,0,0.07425071
4b50356da.jpg,3,1,0.8653462
4b50356da.jpg,4,0,0.005899951
4b623a56d.jpg,1,0,0.08756458
4b623a56d.jpg,2,0,0.08506423
4b623a56d.jpg,3,1,0.7997238
4b623a56d.jpg,4,0,0.0471243
4b64a9310.jpg,1,0,0.14556706
4b64a9310.jpg,2,0,0.019033918
4b64a9310.jpg,3,1,0.7882907
4b64a9310.jpg,4,0,0.007135194
4b6d44881.jpg,1,0,0.01571646
4b6d44881.jpg,2,0,0.0010914727
4b6d44881.jpg,3,1,0.95071524
4b6d44881.jpg,4,0,0.045032013
4b70a1ea7.jpg,1,0,0.069132976
4b70a1ea7.jpg,2,0,0.007473383
4b70a1ea7.jpg,3,0,0.23579831
4b70a1ea7.jpg,4,1,0.8254502
4b74c6da8.jpg,1,0,0.019713059
4b74c6da8.jpg,2,0,0.0036028447
4b74c6da8.jpg,3,1,0.8823988
4b74c6da8.jpg,4,0,0.069777615
4b8bb2c7a.jpg,1,1,0.64228636
4b8bb2c7a.jpg,2,0,0.022404557
4b8bb2c7a.jpg,3,0,0.27313986
4b8bb2c7a.jpg,4,0,0.09243014
4ba42db74.jpg,1,0,0.05224337
4ba42db74.jpg,2,0,0.01183569
4ba42db74.jpg,3,1,0.85422057
4ba42db74.jpg,4,0,0.081868604
4ba69ef7d.jpg,1,0,0.051170405
4ba69ef7d.jpg,2,0,0.0037109086
4ba69ef7d.jpg,3,1,0.706942
4ba69ef7d.jpg,4,0,0.0146245165
4baf21c1f.jpg,1,0,0.2641501
4baf21c1f.jpg,2,0,0.43867633
4baf21c1f.jpg,3,0,0.3910021
4baf21c1f.jpg,4,0,0.00481734
4bd2bb1d1.jpg,1,0,0.052607622
4bd2bb1d1.jpg,2,0,0.003594224
4bd2bb1d1.jpg,3,0,0.40248755
4bd2bb1d1.jpg,4,1,0.7346049
4c01904bd.jpg,1,0,0.3361652
4c01904bd.jpg,2,1,0.6436841
4c01904bd.jpg,3,0,0.18411177
4c01904bd.jpg,4,0,0.032998566
4c172fe9b.jpg,1,0,0.03425129
4c172fe9b.jpg,2,0,0.014535508
4c172fe9b.jpg,3,1,0.8876931
4c172fe9b.jpg,4,0,0.0032431725
4c201e836.jpg,1,0,0.016273264
4c201e836.jpg,2,0,0.003214946
4c201e836.jpg,3,1,0.79496723
4c201e836.jpg,4,1,0.6897734
4c27e754f.jpg,1,0,0.577491
4c27e754f.jpg,2,0,0.0059475084
4c27e754f.jpg,3,0,0.38303506
4c27e754f.jpg,4,0,0.1389539
4c35eb6bf.jpg,1,0,0.06758573
4c35eb6bf.jpg,2,0,0.030336836
4c35eb6bf.jpg,3,1,0.894104
4c35eb6bf.jpg,4,0,0.0021302945
4c394663d.jpg,1,0,0.05354603
4c394663d.jpg,2,0,0.027134903
4c394663d.jpg,3,0,0.49422398
4c394663d.jpg,4,0,0.51006675
4c3feb803.jpg,1,0,0.073491655
4c3feb803.jpg,2,0,0.0010896452
4c3feb803.jpg,3,1,0.9250446
4c3feb803.jpg,4,0,0.008118778
4c4394609.jpg,1,0,0.07584059
4c4394609.jpg,2,0,0.014410877
4c4394609.jpg,3,0,0.5412436
4c4394609.jpg,4,0,0.020820191
4c501d173.jpg,1,0,0.070882306
4c501d173.jpg,2,0,0.0074176653
4c501d173.jpg,3,1,0.87313914
4c501d173.jpg,4,0,0.012240636
4c517c179.jpg,1,0,0.020025479
4c517c179.jpg,2,0,0.07136536
4c517c179.jpg,3,1,0.8817565
4c517c179.jpg,4,0,0.022104288
4c5671c92.jpg,1,0,0.023783134
4c5671c92.jpg,2,0,0.0026774004
4c5671c92.jpg,3,1,0.9126958
4c5671c92.jpg,4,0,0.010028169
4c63aa5c5.jpg,1,0,0.29139555
4c63aa5c5.jpg,2,0,0.36250302
4c63aa5c5.jpg,3,0,0.41779986
4c63aa5c5.jpg,4,0,0.006425258
4c6a757c4.jpg,1,0,0.21541326
4c6a757c4.jpg,2,0,0.44483432
4c6a757c4.jpg,3,0,0.48939157
4c6a757c4.jpg,4,0,0.002843881
4c6e9a744.jpg,1,0,0.4710386
4c6e9a744.jpg,2,0,0.27578896
4c6e9a744.jpg,3,0,0.42790207
4c6e9a744.jpg,4,0,0.0034965605
4c7d0c617.jpg,1,0,0.0657552
4c7d0c617.jpg,2,0,0.052153368
4c7d0c617.jpg,3,1,0.87969047
4c7d0c617.jpg,4,0,0.0036714694
4c805698a.jpg,1,0,0.039551318
4c805698a.jpg,2,0,0.0063422904
4c805698a.jpg,3,0,0.20087396
4c805698a.jpg,4,1,0.807504
4c8b77164.jpg,1,1,0.7318576
4c8b77164.jpg,2,0,0.005475256
4c8b77164.jpg,3,0,0.21804066
4c8b77164.jpg,4,0,0.05274774
4c94b8945.jpg,1,0,0.06254152
4c94b8945.jpg,2,0,0.0066722794
4c94b8945.jpg,3,1,0.82031375
4c94b8945.jpg,4,0,0.10254323
4cb7d6be7.jpg,1,0,0.23739801
4cb7d6be7.jpg,2,0,0.19392401
4cb7d6be7.jpg,3,0,0.39543867
4cb7d6be7.jpg,4,0,0.1042308
4cbbc8782.jpg,1,0,0.122896515
4cbbc8782.jpg,2,0,0.016113523
4cbbc8782.jpg,3,1,0.84677917
4cbbc8782.jpg,4,0,0.0048477463
4ccf578d8.jpg,1,0,0.013627141
4ccf578d8.jpg,2,0,0.0027715603
4ccf578d8.jpg,3,0,0.46481195
4ccf578d8.jpg,4,1,0.76504713
4ce10785d.jpg,1,0,0.035719838
4ce10785d.jpg,2,0,0.006631408
4ce10785d.jpg,3,1,0.8816325
4ce10785d.jpg,4,0,0.031838495
4ce6b0ff9.jpg,1,0,0.16662292
4ce6b0ff9.jpg,2,0,0.082344435
4ce6b0ff9.jpg,3,1,0.74599624
4ce6b0ff9.jpg,4,0,0.0037846875
4cfe7df3f.jpg,1,0,0.15599613
4cfe7df3f.jpg,2,0,0.51219755
4cfe7df3f.jpg,3,0,0.34314033
4cfe7df3f.jpg,4,0,0.003990961
4cff228ec.jpg,1,0,0.014128576
4cff228ec.jpg,2,0,0.002561069
4cff228ec.jpg,3,1,0.83082914
4cff228ec.jpg,4,0,0.16800897
4d15569e3.jpg,1,0,0.072348334
4d15569e3.jpg,2,0,0.0057939515
4d15569e3.jpg,3,1,0.7925094
4d15569e3.jpg,4,0,0.040002774
4d1d9a35d.jpg,1,0,0.1456614
4d1d9a35d.jpg,2,0,0.063508056
4d1d9a35d.jpg,3,1,0.7151504
4d1d9a35d.jpg,4,0,0.109407045
4d33bf863.jpg,1,0,0.12191402
4d33bf863.jpg,2,0,0.042306736
4d33bf863.jpg,3,1,0.84709376
4d33bf863.jpg,4,0,0.0035371569
4d429c29f.jpg,1,0,0.13603298
4d429c29f.jpg,2,0,0.027295478
4d429c29f.jpg,3,1,0.8668104
4d429c29f.jpg,4,0,0.005574833
4d47bbee9.jpg,1,0,0.060839325
4d47bbee9.jpg,2,0,0.010174415
4d47bbee9.jpg,3,1,0.8811949
4d47bbee9.jpg,4,0,0.013820998
4d74b499a.jpg,1,0,0.05720601
4d74b499a.jpg,2,0,0.029628342
4d74b499a.jpg,3,1,0.89007145
4d74b499a.jpg,4,0,0.0039794464
4d867efc2.jpg,1,0,0.36049816
4d867efc2.jpg,2,0,0.033870455
4d867efc2.jpg,3,0,0.33138403
4d867efc2.jpg,4,0,0.011550783
4d8ad1be5.jpg,1,0,0.015591648
4d8ad1be5.jpg,2,0,0.003130011
4d8ad1be5.jpg,3,0,0.5160993
4d8ad1be5.jpg,4,1,0.7686129
4d9155ef0.jpg,1,0,0.3291264
4d9155ef0.jpg,2,0,0.0037334284
4d9155ef0.jpg,3,1,0.75589687
4d9155ef0.jpg,4,0,0.02117859
4db83ad8d.jpg,1,0,0.08040523
4db83ad8d.jpg,2,0,0.009163794
4db83ad8d.jpg,3,1,0.8673873
4db83ad8d.jpg,4,0,0.02862703
4dbe9e54b.jpg,1,0,0.07157698
4dbe9e54b.jpg,2,0,0.5539785
4dbe9e54b.jpg,3,0,0.48864415
4dbe9e54b.jpg,4,0,0.012757573
4dc0acaf8.jpg,1,0,0.5587209
4dc0acaf8.jpg,2,0,0.25314328
4dc0acaf8.jpg,3,0,0.19331992
4dc0acaf8.jpg,4,0,0.029098554
4dd2b157f.jpg,1,0,0.47175953
4dd2b157f.jpg,2,0,0.088146545
4dd2b157f.jpg,3,0,0.48511586
4dd2b157f.jpg,4,0,0.027055815
4ddbed78c.jpg,1,0,0.04604052
4ddbed78c.jpg,2,0,0.031348757
4ddbed78c.jpg,3,1,0.7839392
4ddbed78c.jpg,4,0,0.08899339
4dde69bdb.jpg,1,0,0.05851008
4dde69bdb.jpg,2,0,0.035162475
4dde69bdb.jpg,3,1,0.87629133
4dde69bdb.jpg,4,0,0.0021762447
4df206f87.jpg,1,0,0.113109864
4df206f87.jpg,2,0,0.01193097
4df206f87.jpg,3,1,0.85597277
4df206f87.jpg,4,0,0.0023823942
4e0891122.jpg,1,0,0.4954237
4e0891122.jpg,2,0,0.014089336
4e0891122.jpg,3,0,0.29653242
4e0891122.jpg,4,0,0.018074356
4e0b35223.jpg,1,0,0.46972898
4e0b35223.jpg,2,0,0.022050476
4e0b35223.jpg,3,1,0.6922738
4e0b35223.jpg,4,0,0.010985482
4e10602bf.jpg,1,0,0.06227088
4e10602bf.jpg,2,0,0.029823983
4e10602bf.jpg,3,1,0.8878115
4e10602bf.jpg,4,0,0.0015180651
4e287cf65.jpg,1,0,0.025676481
4e287cf65.jpg,2,0,0.016358132
4e287cf65.jpg,3,1,0.8909848
4e287cf65.jpg,4,0,0.0045406045
4e2d3e684.jpg,1,0,0.28752944
4e2d3e684.jpg,2,0,0.013160914
4e2d3e684.jpg,3,1,0.7217753
4e2d3e684.jpg,4,0,0.047893178
4e48fbcf7.jpg,1,1,0.77005666
4e48fbcf7.jpg,2,0,0.005897155
4e48fbcf7.jpg,3,0,0.21434462
4e48fbcf7.jpg,4,0,0.011200249
4e5c4ab98.jpg,1,0,0.043469366
4e5c4ab98.jpg,2,0,0.0035818343
4e5c4ab98.jpg,3,1,0.9175635
4e5c4ab98.jpg,4,0,0.008271265
4e6339bd8.jpg,1,0,0.06913924
4e6339bd8.jpg,2,0,0.058103744
4e6339bd8.jpg,3,1,0.8688848
4e6339bd8.jpg,4,0,0.0022681786
4e6d9448e.jpg,1,1,0.6304501
4e6d9448e.jpg,2,0,0.07213307
4e6d9448e.jpg,3,0,0.320964
4e6d9448e.jpg,4,0,0.0052549853
4e8309017.jpg,1,0,0.10284921
4e8309017.jpg,2,0,0.030674564
4e8309017.jpg,3,1,0.83846253
4e8309017.jpg,4,0,0.0028627093
4e83bb356.jpg,1,0,0.07009896
4e83bb356.jpg,2,0,0.06679358
4e83bb356.jpg,3,0,0.5021804
4e83bb356.jpg,4,0,0.3057549
4e96ca29e.jpg,1,0,0.40666053
4e96ca29e.jpg,2,0,0.02140408
4e96ca29e.jpg,3,0,0.560782
4e96ca29e.jpg,4,0,0.031073546
4ea6093c2.jpg,1,1,0.75039196
4ea6093c2.jpg,2,0,0.13592042
4ea6093c2.jpg,3,0,0.2411915
4ea6093c2.jpg,4,0,0.004678016
4ea7db587.jpg,1,0,0.19593509
4ea7db587.jpg,2,0,0.031238953
4ea7db587.jpg,3,1,0.7825961
4ea7db587.jpg,4,0,0.03257785
4eb80af64.jpg,1,0,0.08638104
4eb80af64.jpg,2,0,0.027781919
4eb80af64.jpg,3,1,0.8339085
4eb80af64.jpg,4,0,0.0069891177
4ebedb378.jpg,1,0,0.033514768
4ebedb378.jpg,2,0,0.009950423
4ebedb378.jpg,3,1,0.89904356
4ebedb378.jpg,4,0,0.020049758
4ec49a3bb.jpg,1,0,0.18530948
4ec49a3bb.jpg,2,0,0.010067502
4ec49a3bb.jpg,3,1,0.780008
4ec49a3bb.jpg,4,0,0.0111869285
4ecc35d73.jpg,1,0,0.024281843
4ecc35d73.jpg,2,0,0.005750656
4ecc35d73.jpg,3,0,0.21342903
4ecc35d73.jpg,4,1,0.8223169
4eceaf349.jpg,1,0,0.03321222
4eceaf349.jpg,2,0,0.007070204
4eceaf349.jpg,3,1,0.77896005
4eceaf349.jpg,4,0,0.13088855
4edbc69c9.jpg,1,0,0.3138724
4edbc69c9.jpg,2,0,0.566475
4edbc69c9.jpg,3,0,0.3164159
4edbc69c9.jpg,4,0,0.0046208748
4ee9be91a.jpg,1,0,0.15916
4ee9be91a.jpg,2,0,0.006681061
4ee9be91a.jpg,3,1,0.8631084
4ee9be91a.jpg,4,0,0.0034113831
4efaced22.jpg,1,1,0.7103568
4efaced22.jpg,2,0,0.034877114
4efaced22.jpg,3,0,0.19802122
4efaced22.jpg,4,0,0.048378963
4f0516a6d.jpg,1,0,0.056740653
4f0516a6d.jpg,2,0,0.03568707
4f0516a6d.jpg,3,1,0.8779835
4f0516a6d.jpg,4,0,0.001994823
4f102c0cf.jpg,1,0,0.56992626
4f102c0cf.jpg,2,0,0.02107578
4f102c0cf.jpg,3,0,0.49339208
4f102c0cf.jpg,4,0,0.017567895
4f1b62ebc.jpg,1,0,0.506501
4f1b62ebc.jpg,2,0,0.5431089
4f1b62ebc.jpg,3,0,0.27600956
4f1b62ebc.jpg,4,0,0.004760844
4f1f11765.jpg,1,1,0.75137407
4f1f11765.jpg,2,0,0.0038650772
4f1f11765.jpg,3,0,0.40442613
4f1f11765.jpg,4,0,0.0065097013
4f324ba00.jpg,1,0,0.30646804
4f324ba00.jpg,2,0,0.5725437
4f324ba00.jpg,3,0,0.34567764
4f324ba00.jpg,4,0,0.0048865695
4f3a1fccf.jpg,1,0,0.08695722
4f3a1fccf.jpg,2,0,0.007504272
4f3a1fccf.jpg,3,1,0.6971626
4f3a1fccf.jpg,4,0,0.30199778
4f3f3e724.jpg,1,0,0.33298722
4f3f3e724.jpg,2,0,0.0032739043
4f3f3e724.jpg,3,1,0.8269461
4f3f3e724.jpg,4,0,0.006701559
4f42954dd.jpg,1,0,0.019981071
4f42954dd.jpg,2,0,0.0028665403
4f42954dd.jpg,3,1,0.9406802
4f42954dd.jpg,4,0,0.007915598
4f6b16455.jpg,1,0,0.4765552
4f6b16455.jpg,2,0,0.44761956
4f6b16455.jpg,3,0,0.33404472
4f6b16455.jpg,4,0,0.0036090247
4f78756bc.jpg,1,0,0.009674616
4f78756bc.jpg,2,0,0.0021646563
4f78756bc.jpg,3,1,0.9395201
4f78756bc.jpg,4,0,0.05472192
4f8180689.jpg,1,0,0.32028013
4f8180689.jpg,2,0,0.5201383
4f8180689.jpg,3,0,0.47814617
4f8180689.jpg,4,0,0.0030362296
4f84396bf.jpg,1,0,0.31332728
4f84396bf.jpg,2,0,0.13408741
4f84396bf.jpg,3,1,0.63458973
4f84396bf.jpg,4,0,0.0050205463
4f89f5c82.jpg,1,0,0.40187827
4f89f5c82.jpg,2,0,0.5908755
4f89f5c82.jpg,3,0,0.30077365
4f89f5c82.jpg,4,0,0.00483603
4fbfb2d31.jpg,1,0,0.2095812
4fbfb2d31.jpg,2,0,0.08410851
4fbfb2d31.jpg,3,0,0.31566104
4fbfb2d31.jpg,4,0,0.47982207
4fc5e354f.jpg,1,0,0.14976029
4fc5e354f.jpg,2,0,0.021439282
4fc5e354f.jpg,3,1,0.8697832
4fc5e354f.jpg,4,0,0.00408747
4fc700b09.jpg,1,0,0.23384126
4fc700b09.jpg,2,0,0.47523215
4fc700b09.jpg,3,0,0.39442644
4fc700b09.jpg,4,0,0.00408547
4fd6d8734.jpg,1,0,0.024547689
4fd6d8734.jpg,2,0,0.00781724
4fd6d8734.jpg,3,0,0.3476727
4fd6d8734.jpg,4,1,0.7487612
4fdd51899.jpg,1,0,0.02568457
4fdd51899.jpg,2,0,0.005881671
4fdd51899.jpg,3,1,0.9081809
4fdd51899.jpg,4,0,0.00894039
4fe01ee43.jpg,1,0,0.4212214
4fe01ee43.jpg,2,0,0.118097246
4fe01ee43.jpg,3,0,0.38400412
4fe01ee43.jpg,4,0,0.027667424
5006a583f.jpg,1,0,0.13537087
5006a583f.jpg,2,0,0.027567947
5006a583f.jpg,3,1,0.78109676
5006a583f.jpg,4,0,0.0061062984
5012e0ae6.jpg,1,0,0.026480494
5012e0ae6.jpg,2,0,0.0039772787
5012e0ae6.jpg,3,1,0.91465443
5012e0ae6.jpg,4,0,0.025097733
501425ab6.jpg,1,1,0.76588535
501425ab6.jpg,2,0,0.016259558
501425ab6.jpg,3,0,0.3275863
501425ab6.jpg,4,0,0.0103314705
50254820b.jpg,1,0,0.104313314
50254820b.jpg,2,0,0.037251543
50254820b.jpg,3,0,0.4393961
50254820b.jpg,4,0,0.0023800342
502abdb3e.jpg,1,0,0.25512126
502abdb3e.jpg,2,0,0.5177892
502abdb3e.jpg,3,0,0.45504475
502abdb3e.jpg,4,0,0.0029373476
5030c3a6b.jpg,1,0,0.014580647
5030c3a6b.jpg,2,0,0.003982861
5030c3a6b.jpg,3,0,0.3002227
5030c3a6b.jpg,4,1,0.80515003
50377feca.jpg,1,0,0.2612734
50377feca.jpg,2,1,0.61924034
50377feca.jpg,3,0,0.39186206
50377feca.jpg,4,0,0.004332115
5053f8652.jpg,1,0,0.014051661
5053f8652.jpg,2,0,0.002004984
5053f8652.jpg,3,1,0.9312133
5053f8652.jpg,4,0,0.06794392
505aa7ab2.jpg,1,0,0.02545107
505aa7ab2.jpg,2,0,0.010079152
505aa7ab2.jpg,3,1,0.7365026
505aa7ab2.jpg,4,0,0.33306107
50682c970.jpg,1,0,0.56870943
50682c970.jpg,2,0,0.022001764
50682c970.jpg,3,0,0.45110464
50682c970.jpg,4,0,0.016575387
5071f2fea.jpg,1,0,0.5607236
5071f2fea.jpg,2,0,0.41110882
5071f2fea.jpg,3,0,0.28970158
5071f2fea.jpg,4,0,0.004846361
507273e89.jpg,1,0,0.30733678
507273e89.jpg,2,1,0.62623805
507273e89.jpg,3,0,0.2764383
507273e89.jpg,4,0,0.0055463607
508412e33.jpg,1,0,0.06737714
508412e33.jpg,2,0,0.072026394
508412e33.jpg,3,1,0.7835384
508412e33.jpg,4,0,0.006019622
50a744777.jpg,1,0,0.4063891
50a744777.jpg,2,0,0.29696038
50a744777.jpg,3,0,0.31441292
50a744777.jpg,4,0,0.00825785
50a8edad1.jpg,1,0,0.26561996
50a8edad1.jpg,2,0,0.22275436
50a8edad1.jpg,3,0,0.5008542
50a8edad1.jpg,4,0,0.023750849
50ab678de.jpg,1,0,0.12625173
50ab678de.jpg,2,0,0.05216622
50ab678de.jpg,3,1,0.6380558
50ab678de.jpg,4,0,0.019008234
50ab78bea.jpg,1,0,0.21187979
50ab78bea.jpg,2,0,0.018906467
50ab78bea.jpg,3,1,0.76263905
50ab78bea.jpg,4,0,0.01563253
50af3b62e.jpg,1,0,0.04482628
50af3b62e.jpg,2,0,0.0029647306
50af3b62e.jpg,3,1,0.6477944
50af3b62e.jpg,4,0,0.03398302
50e1cd534.jpg,1,0,0.29421818
50e1cd534.jpg,2,0,0.5537624
50e1cd534.jpg,3,0,0.23813085
50e1cd534.jpg,4,0,0.0040525603
50e53e7c3.jpg,1,0,0.036206994
50e53e7c3.jpg,2,0,0.007538171
50e53e7c3.jpg,3,1,0.8930488
50e53e7c3.jpg,4,0,0.0043279924
50f3302b8.jpg,1,0,0.028355917
50f3302b8.jpg,2,0,0.0037000573
50f3302b8.jpg,3,1,0.62985224
50f3302b8.jpg,4,1,0.7641677
50f7c2966.jpg,1,0,0.15212817
50f7c2966.jpg,2,0,0.00796765
50f7c2966.jpg,3,1,0.8225145
50f7c2966.jpg,4,0,0.01839291
512652b4f.jpg,1,0,0.18523555
512652b4f.jpg,2,0,0.008000116
512652b4f.jpg,3,1,0.84668016
512652b4f.jpg,4,0,0.013732582
5143357e4.jpg,1,0,0.031036383
5143357e4.jpg,2,0,0.007162077
5143357e4.jpg,3,1,0.8867001
5143357e4.jpg,4,0,0.006628609
5144b32b4.jpg,1,0,0.032591384
5144b32b4.jpg,2,0,0.0025468732
5144b32b4.jpg,3,1,0.78540546
5144b32b4.jpg,4,0,0.35385522
515fe06c0.jpg,1,0,0.09892074
515fe06c0.jpg,2,0,0.030480942
515fe06c0.jpg,3,1,0.8063535
515fe06c0.jpg,4,0,0.013990029
5172f2c58.jpg,1,0,0.21284689
5172f2c58.jpg,2,0,0.030073673
5172f2c58.jpg,3,1,0.66963196
5172f2c58.jpg,4,0,0.012489985
51791df89.jpg,1,0,0.07840824
51791df89.jpg,2,0,0.012292792
51791df89.jpg,3,1,0.88496405
51791df89.jpg,4,0,0.020963162
517fffea8.jpg,1,0,0.05906402
517fffea8.jpg,2,0,0.032327425
517fffea8.jpg,3,1,0.878906
517fffea8.jpg,4,0,0.002719547
5199a0874.jpg,1,0,0.013165899
5199a0874.jpg,2,0,0.0022399058
5199a0874.jpg,3,1,0.8754583
5199a0874.jpg,4,0,0.095858306
51b14c5a5.jpg,1,0,0.062442303
51b14c5a5.jpg,2,0,0.004742903
51b14c5a5.jpg,3,1,0.8553839
51b14c5a5.jpg,4,0,0.017139718
51c6bfed8.jpg,1,0,0.22911851
51c6bfed8.jpg,2,0,0.1046164
51c6bfed8.jpg,3,0,0.58816034
51c6bfed8.jpg,4,0,0.033008218
51d567eeb.jpg,1,0,0.029418075
51d567eeb.jpg,2,0,0.0036716582
51d567eeb.jpg,3,1,0.78623396
51d567eeb.jpg,4,0,0.027822768
51dcb8f33.jpg,1,0,0.43296424
51dcb8f33.jpg,2,0,0.25834146
51dcb8f33.jpg,3,0,0.41054893
51dcb8f33.jpg,4,0,0.0037099542
51f5160e9.jpg,1,0,0.44551536
51f5160e9.jpg,2,0,0.015068815
51f5160e9.jpg,3,0,0.45862547
51f5160e9.jpg,4,0,0.24403828
52112473e.jpg,1,0,0.054918647
52112473e.jpg,2,0,0.005305152
52112473e.jpg,3,1,0.83533937
52112473e.jpg,4,0,0.018195054
5216c1a71.jpg,1,0,0.13116151
5216c1a71.jpg,2,0,0.008217732
5216c1a71.jpg,3,1,0.82424086
5216c1a71.jpg,4,0,0.046661627
5218d8778.jpg,1,0,0.11971889
5218d8778.jpg,2,0,0.12966353
5218d8778.jpg,3,1,0.777652
5218d8778.jpg,4,0,0.0102145495
521fa9d13.jpg,1,0,0.32496917
521fa9d13.jpg,2,0,0.10957247
521fa9d13.jpg,3,0,0.502399
521fa9d13.jpg,4,0,0.002004683
5220f7a0d.jpg,1,0,0.015344106
5220f7a0d.jpg,2,0,0.0025428005
5220f7a0d.jpg,3,1,0.9412963
5220f7a0d.jpg,4,0,0.006654168
522b748ce.jpg,1,0,0.32454467
522b748ce.jpg,2,0,0.17949039
522b748ce.jpg,3,0,0.424819
522b748ce.jpg,4,0,0.17089109
522cba85f.jpg,1,0,0.2597978
522cba85f.jpg,2,0,0.005927512
522cba85f.jpg,3,0,0.5538433
522cba85f.jpg,4,0,0.12012676
5253b3543.jpg,1,0,0.020296475
5253b3543.jpg,2,0,0.003384048
5253b3543.jpg,3,0,0.5768327
5253b3543.jpg,4,0,0.5951713
525fa7aba.jpg,1,0,0.018000802
525fa7aba.jpg,2,0,0.020020956
525fa7aba.jpg,3,1,0.8893301
525fa7aba.jpg,4,0,0.064522885
5260bbf25.jpg,1,0,0.5535963
5260bbf25.jpg,2,0,0.040042568
5260bbf25.jpg,3,0,0.2865082
5260bbf25.jpg,4,0,0.03722698
526c07e1d.jpg,1,0,0.225231
526c07e1d.jpg,2,0,0.419952
526c07e1d.jpg,3,0,0.49402356
526c07e1d.jpg,4,0,0.0032256555
527fe84ed.jpg,1,0,0.22731732
527fe84ed.jpg,2,0,0.12437833
527fe84ed.jpg,3,1,0.7252459
527fe84ed.jpg,4,0,0.005475432
5285af262.jpg,1,0,0.024916628
5285af262.jpg,2,0,0.08167527
5285af262.jpg,3,1,0.83690006
5285af262.jpg,4,0,0.034931667
528a42ce5.jpg,1,0,0.027987344
528a42ce5.jpg,2,0,0.007867872
528a42ce5.jpg,3,1,0.895663
528a42ce5.jpg,4,0,0.01821206
528c7a307.jpg,1,0,0.018326813
528c7a307.jpg,2,0,0.0067187385
528c7a307.jpg,3,1,0.66807824
528c7a307.jpg,4,0,0.5008746
529087e45.jpg,1,0,0.030830866
529087e45.jpg,2,0,0.0025337145
529087e45.jpg,3,0,0.5412422
529087e45.jpg,4,1,0.7636493
52a92951f.jpg,1,0,0.3601767
52a92951f.jpg,2,0,0.06342018
52a92951f.jpg,3,0,0.51983553
52a92951f.jpg,4,0,0.0032563803
52bef8669.jpg,1,0,0.052149728
52bef8669.jpg,2,0,0.030557923
52bef8669.jpg,3,1,0.8876071
52bef8669.jpg,4,0,0.0031224915
52c1ea3b8.jpg,1,0,0.01739573
52c1ea3b8.jpg,2,0,0.0035155925
52c1ea3b8.jpg,3,1,0.9102157
52c1ea3b8.jpg,4,0,0.0518472
52c9e988e.jpg,1,0,0.044750307
52c9e988e.jpg,2,0,0.009638925
52c9e988e.jpg,3,1,0.8172181
52c9e988e.jpg,4,0,0.16761267
52d25bedf.jpg,1,0,0.031140318
52d25bedf.jpg,2,0,0.005214641
52d25bedf.jpg,3,1,0.92822266
52d25bedf.jpg,4,0,0.011251609
52d2d63ae.jpg,1,0,0.07265919
52d2d63ae.jpg,2,0,0.0295872
52d2d63ae.jpg,3,1,0.8822525
52d2d63ae.jpg,4,0,0.0031232508
52d505bc0.jpg,1,0,0.07189818
52d505bc0.jpg,2,0,0.040895727
52d505bc0.jpg,3,1,0.8640197
52d505bc0.jpg,4,0,0.0023357463
52d57df7a.jpg,1,0,0.48071706
52d57df7a.jpg,2,0,0.3536221
52d57df7a.jpg,3,0,0.35229316
52d57df7a.jpg,4,0,0.004267437
52e19ee35.jpg,1,0,0.15324561
52e19ee35.jpg,2,0,0.02313728
52e19ee35.jpg,3,0,0.59282553
52e19ee35.jpg,4,0,0.30223104
52ec4de37.jpg,1,0,0.014347471
52ec4de37.jpg,2,0,0.0029157624
52ec4de37.jpg,3,0,0.49224892
52ec4de37.jpg,4,1,0.68284607
5304fec87.jpg,1,0,0.29969454
5304fec87.jpg,2,0,0.16158457
5304fec87.jpg,3,0,0.3701758
5304fec87.jpg,4,0,0.17676777
5313ddcb2.jpg,1,0,0.2683425
5313ddcb2.jpg,2,0,0.08826258
5313ddcb2.jpg,3,1,0.6795153
5313ddcb2.jpg,4,0,0.010464649
531cfc800.jpg,1,0,0.045995425
531cfc800.jpg,2,0,0.012418746
531cfc800.jpg,3,1,0.76862645
531cfc800.jpg,4,0,0.185732
532145e5c.jpg,1,0,0.053088512
532145e5c.jpg,2,0,0.06497105
532145e5c.jpg,3,1,0.62959784
532145e5c.jpg,4,0,0.18562828
532213183.jpg,1,0,0.037319135
532213183.jpg,2,0,0.010515146
532213183.jpg,3,1,0.6475188
532213183.jpg,4,0,0.10865528
532c4b959.jpg,1,0,0.021699542
532c4b959.jpg,2,0,0.0031550906
532c4b959.jpg,3,1,0.91312724
532c4b959.jpg,4,0,0.010190927
532d65f46.jpg,1,0,0.30863214
532d65f46.jpg,2,0,0.20001686
532d65f46.jpg,3,1,0.66061044
532d65f46.jpg,4,0,0.005518615
53499ccef.jpg,1,0,0.53560686
53499ccef.jpg,2,0,0.348568
53499ccef.jpg,3,0,0.14616574
53499ccef.jpg,4,0,0.026882378
534f1aade.jpg,1,0,0.010648736
534f1aade.jpg,2,0,0.0037849068
534f1aade.jpg,3,1,0.9367786
534f1aade.jpg,4,0,0.009673851
5352fa0c9.jpg,1,0,0.061178464
5352fa0c9.jpg,2,0,0.029810071
5352fa0c9.jpg,3,1,0.86569506
5352fa0c9.jpg,4,0,0.0044791005
53592ec18.jpg,1,0,0.42902026
53592ec18.jpg,2,0,0.16519672
53592ec18.jpg,3,0,0.28327852
53592ec18.jpg,4,0,0.0052228235
53608083c.jpg,1,0,0.046388622
53608083c.jpg,2,0,0.0070139025
53608083c.jpg,3,1,0.62239516
53608083c.jpg,4,0,0.36144307
536437776.jpg,1,0,0.048306655
536437776.jpg,2,0,0.010776677
536437776.jpg,3,0,0.53900045
536437776.jpg,4,1,0.63236946
53660ffd5.jpg,1,0,0.015010577
53660ffd5.jpg,2,0,0.003894002
53660ffd5.jpg,3,1,0.81046087
53660ffd5.jpg,4,0,0.3500791
538d8494e.jpg,1,0,0.052774783
538d8494e.jpg,2,0,0.0056690075
538d8494e.jpg,3,0,0.40613937
538d8494e.jpg,4,0,0.014578889
5390e12f2.jpg,1,0,0.13931109
5390e12f2.jpg,2,0,0.0037643078
5390e12f2.jpg,3,1,0.6434312
5390e12f2.jpg,4,0,0.5022354
539b15315.jpg,1,0,0.3489922
539b15315.jpg,2,0,0.5064681
539b15315.jpg,3,0,0.4227889
539b15315.jpg,4,0,0.0034433866
53b4a04bd.jpg,1,0,0.0233433
53b4a04bd.jpg,2,0,0.003182845
53b4a04bd.jpg,3,1,0.92736834
53b4a04bd.jpg,4,0,0.005623747
53b81074e.jpg,1,0,0.017619437
53b81074e.jpg,2,0,0.0075793997
53b81074e.jpg,3,0,0.20200562
53b81074e.jpg,4,0,0.27563518
53c0ccba7.jpg,1,0,0.20896983
53c0ccba7.jpg,2,0,0.0122155985
53c0ccba7.jpg,3,1,0.8195347
53c0ccba7.jpg,4,0,0.0051756124
53d47929e.jpg,1,0,0.040505193
53d47929e.jpg,2,0,0.022793278
53d47929e.jpg,3,0,0.42555055
53d47929e.jpg,4,0,0.2495566
53d4e26aa.jpg,1,0,0.28049895
53d4e26aa.jpg,2,0,0.022974318
53d4e26aa.jpg,3,1,0.6460165
53d4e26aa.jpg,4,0,0.007053251
53e0c92cf.jpg,1,0,0.019544614
53e0c92cf.jpg,2,0,0.0026312452
53e0c92cf.jpg,3,1,0.84345776
53e0c92cf.jpg,4,0,0.38628507
53f3ec9be.jpg,1,1,0.7058006
53f3ec9be.jpg,2,0,0.10376532
53f3ec9be.jpg,3,0,0.17599978
53f3ec9be.jpg,4,0,0.030957455
53ffd9993.jpg,1,0,0.30835265
53ffd9993.jpg,2,0,0.2689668
53ffd9993.jpg,3,1,0.6099939
53ffd9993.jpg,4,0,0.0034475846
5405271e1.jpg,1,0,0.12158802
5405271e1.jpg,2,0,0.0121529475
5405271e1.jpg,3,1,0.8808957
5405271e1.jpg,4,0,0.003626495
5406c01d7.jpg,1,0,0.016535943
5406c01d7.jpg,2,0,0.0011630493
5406c01d7.jpg,3,1,0.9498432
5406c01d7.jpg,4,0,0.0023642771
5409d111f.jpg,1,0,0.5751924
5409d111f.jpg,2,0,0.01098745
5409d111f.jpg,3,0,0.3298435
5409d111f.jpg,4,0,0.0315941
540b42c78.jpg,1,0,0.31315678
540b42c78.jpg,2,0,0.022747464
540b42c78.jpg,3,1,0.7015104
540b42c78.jpg,4,0,0.046813786
541141070.jpg,1,0,0.18639864
541141070.jpg,2,0,0.40350798
541141070.jpg,3,0,0.2573757
541141070.jpg,4,0,0.003331056
541e5bfec.jpg,1,0,0.059532862
541e5bfec.jpg,2,0,0.025911925
541e5bfec.jpg,3,1,0.8939595
541e5bfec.jpg,4,0,0.0021411385
5435c902a.jpg,1,0,0.0218001
5435c902a.jpg,2,0,0.009661462
5435c902a.jpg,3,1,0.87866884
5435c902a.jpg,4,0,0.015595497
543aaa6e1.jpg,1,1,0.810103
543aaa6e1.jpg,2,0,0.018181382
543aaa6e1.jpg,3,0,0.19730616
543aaa6e1.jpg,4,0,0.015337347
544390b56.jpg,1,0,0.01560728
544390b56.jpg,2,0,0.0039950195
544390b56.jpg,3,1,0.9243476
544390b56.jpg,4,0,0.027436906
544553680.jpg,1,0,0.014256205
544553680.jpg,2,0,0.0029327804
544553680.jpg,3,0,0.5086016
544553680.jpg,4,1,0.7299657
544f5beba.jpg,1,0,0.05696477
544f5beba.jpg,2,0,0.006880471
544f5beba.jpg,3,1,0.8666583
544f5beba.jpg,4,0,0.009952913
549c3c94d.jpg,1,0,0.03644306
549c3c94d.jpg,2,0,0.004235549
549c3c94d.jpg,3,1,0.9255796
549c3c94d.jpg,4,0,0.0199101
549fb29f7.jpg,1,0,0.051019132
549fb29f7.jpg,2,0,0.031738836
549fb29f7.jpg,3,0,0.32539478
549fb29f7.jpg,4,1,0.71683145
54a757589.jpg,1,0,0.06264742
54a757589.jpg,2,0,0.032108247
54a757589.jpg,3,1,0.87670106
54a757589.jpg,4,0,0.0019469559
54b3149e2.jpg,1,0,0.26558438
54b3149e2.jpg,2,0,0.016481353
54b3149e2.jpg,3,1,0.60224175
54b3149e2.jpg,4,0,0.098203324
54babbc7b.jpg,1,0,0.3703719
54babbc7b.jpg,2,0,0.028077627
54babbc7b.jpg,3,0,0.50127566
54babbc7b.jpg,4,0,0.08234238
54c862a0d.jpg,1,0,0.39850017
54c862a0d.jpg,2,0,0.07722033
54c862a0d.jpg,3,1,0.7363747
54c862a0d.jpg,4,0,0.013375495
54d3df55b.jpg,1,0,0.21324451
54d3df55b.jpg,2,0,0.0071735308
54d3df55b.jpg,3,1,0.7538188
54d3df55b.jpg,4,0,0.07573047
54e77261b.jpg,1,0,0.022740325
54e77261b.jpg,2,0,0.016317792
54e77261b.jpg,3,1,0.9081838
54e77261b.jpg,4,0,0.0069593363
54eb4b690.jpg,1,0,0.080818705
54eb4b690.jpg,2,0,0.0043671113
54eb4b690.jpg,3,1,0.81938934
54eb4b690.jpg,4,0,0.009260953
5500d78ed.jpg,1,0,0.027375745
5500d78ed.jpg,2,0,0.0056668855
5500d78ed.jpg,3,0,0.4191247
5500d78ed.jpg,4,1,0.76087266
550181692.jpg,1,0,0.08460802
550181692.jpg,2,0,0.009579246
550181692.jpg,3,1,0.81101424
550181692.jpg,4,0,0.01777613
552cc3cd2.jpg,1,0,0.032900024
552cc3cd2.jpg,2,0,0.0091241775
552cc3cd2.jpg,3,1,0.8401313
552cc3cd2.jpg,4,0,0.19653742
55532901c.jpg,1,0,0.12438802
55532901c.jpg,2,0,0.009026407
55532901c.jpg,3,1,0.87338877
55532901c.jpg,4,0,0.0039019373
555917097.jpg,1,0,0.35296217
555917097.jpg,2,1,0.6224808
555917097.jpg,3,0,0.15456201
555917097.jpg,4,0,0.006742167
555fb5775.jpg,1,0,0.3406473
555fb5775.jpg,2,0,0.595198
555fb5775.jpg,3,0,0.39805707
555fb5775.jpg,4,0,0.0042139306
55727a004.jpg,1,0,0.03873526
55727a004.jpg,2,0,0.017098377
55727a004.jpg,3,1,0.88124967
55727a004.jpg,4,0,0.0036456026
5575ead92.jpg,1,0,0.18728332
5575ead92.jpg,2,0,0.05772615
5575ead92.jpg,3,1,0.7252293
5575ead92.jpg,4,0,0.03331164
559759f28.jpg,1,0,0.37513435
559759f28.jpg,2,0,0.007861025
559759f28.jpg,3,1,0.7057033
559759f28.jpg,4,0,0.010797442
559aceb9e.jpg,1,0,0.0533129
559aceb9e.jpg,2,0,0.0022254458
559aceb9e.jpg,3,1,0.86442184
559aceb9e.jpg,4,0,0.0063817515
559b07937.jpg,1,0,0.04911485
559b07937.jpg,2,0,0.0074485037
559b07937.jpg,3,1,0.8121135
559b07937.jpg,4,0,0.0077984445
55a3fbe8b.jpg,1,0,0.06268933
55a3fbe8b.jpg,2,0,0.25537863
55a3fbe8b.jpg,3,0,0.46693933
55a3fbe8b.jpg,4,0,0.094127536
55b1a1e8c.jpg,1,0,0.24122287
55b1a1e8c.jpg,2,0,0.011100936
55b1a1e8c.jpg,3,1,0.6936973
55b1a1e8c.jpg,4,0,0.0108469175
55b6b0853.jpg,1,0,0.35820547
55b6b0853.jpg,2,0,0.54201895
55b6b0853.jpg,3,0,0.32429454
55b6b0853.jpg,4,0,0.0049377047
55b9d15d5.jpg,1,0,0.036587987
55b9d15d5.jpg,2,0,0.019563975
55b9d15d5.jpg,3,1,0.6588891
55b9d15d5.jpg,4,0,0.033049192
55c686c1c.jpg,1,0,0.35821488
55c686c1c.jpg,2,0,0.56621975
55c686c1c.jpg,3,0,0.31072763
55c686c1c.jpg,4,0,0.0059397775
55cf360ba.jpg,1,0,0.072564505
55cf360ba.jpg,2,0,0.0066339592
55cf360ba.jpg,3,1,0.8647782
55cf360ba.jpg,4,0,0.004525525
55d32e8f3.jpg,1,0,0.1429529
55d32e8f3.jpg,2,0,0.012937111
55d32e8f3.jpg,3,1,0.80326176
55d32e8f3.jpg,4,0,0.008546294
55dfd6590.jpg,1,0,0.2564012
55dfd6590.jpg,2,0,0.023318505
55dfd6590.jpg,3,1,0.764874
55dfd6590.jpg,4,0,0.01989495
560b070fe.jpg,1,0,0.023718014
560b070fe.jpg,2,0,0.0040952903
560b070fe.jpg,3,1,0.9274613
560b070fe.jpg,4,0,0.026082942
560c84cc8.jpg,1,0,0.056144014
560c84cc8.jpg,2,0,0.0029990384
560c84cc8.jpg,3,1,0.87974554
560c84cc8.jpg,4,0,0.05864863
561361cb6.jpg,1,0,0.34707078
561361cb6.jpg,2,0,0.122083195
561361cb6.jpg,3,0,0.45212743
561361cb6.jpg,4,0,0.0031017575
56160f9ed.jpg,1,0,0.03134481
56160f9ed.jpg,2,0,0.34316745
56160f9ed.jpg,3,1,0.788318
56160f9ed.jpg,4,0,0.0034829006
561cc13fd.jpg,1,0,0.46927592
561cc13fd.jpg,2,0,0.5257772
561cc13fd.jpg,3,0,0.34845862
561cc13fd.jpg,4,0,0.0047739097
56228a7ce.jpg,1,1,0.61324877
56228a7ce.jpg,2,0,0.20709114
56228a7ce.jpg,3,0,0.42097858
56228a7ce.jpg,4,0,0.006428933
563c82165.jpg,1,1,0.72187257
563c82165.jpg,2,0,0.0093155885
563c82165.jpg,3,0,0.28056216
563c82165.jpg,4,0,0.040297706
5665d0780.jpg,1,0,0.39673018
5665d0780.jpg,2,0,0.1609373
5665d0780.jpg,3,0,0.47644958
5665d0780.jpg,4,0,0.051958874
56833978c.jpg,1,0,0.4794027
56833978c.jpg,2,0,0.007183304
56833978c.jpg,3,0,0.44665337
56833978c.jpg,4,0,0.020711377
56899a1a5.jpg,1,1,0.696156
56899a1a5.jpg,2,0,0.038182065
56899a1a5.jpg,3,0,0.22493903
56899a1a5.jpg,4,0,0.024536928
569054fe5.jpg,1,0,0.0142854415
569054fe5.jpg,2,0,0.0024812752
569054fe5.jpg,3,1,0.92406154
569054fe5.jpg,4,0,0.043203756
56a22c123.jpg,1,0,0.013388294
56a22c123.jpg,2,0,0.0027117636
56a22c123.jpg,3,1,0.94839257
56a22c123.jpg,4,0,0.009995276
56bd7c605.jpg,1,0,0.489781
56bd7c605.jpg,2,0,0.056455236
56bd7c605.jpg,3,0,0.29737744
56bd7c605.jpg,4,0,0.05935658
56bdb9e3c.jpg,1,0,0.24900979
56bdb9e3c.jpg,2,0,0.0064007775
56bdb9e3c.jpg,3,1,0.8361046
56bdb9e3c.jpg,4,0,0.013629347
56c03fa06.jpg,1,0,0.04024617
56c03fa06.jpg,2,0,0.01589348
56c03fa06.jpg,3,0,0.29227996
56c03fa06.jpg,4,0,0.5937069
56d3153f9.jpg,1,0,0.04398072
56d3153f9.jpg,2,0,0.022811377
56d3153f9.jpg,3,1,0.90317535
56d3153f9.jpg,4,0,0.0015206248
56d707102.jpg,1,0,0.2846932
56d707102.jpg,2,0,0.144171
56d707102.jpg,3,0,0.5726116
56d707102.jpg,4,0,0.06694389
56db0da36.jpg,1,0,0.4954306
56db0da36.jpg,2,0,0.12762591
56db0da36.jpg,3,0,0.29707977
56db0da36.jpg,4,0,0.013574463
56f1af1f3.jpg,1,0,0.13674402
56f1af1f3.jpg,2,1,0.6773376
56f1af1f3.jpg,3,0,0.28515086
56f1af1f3.jpg,4,0,0.0073053525
56f6544aa.jpg,1,0,0.41699275
56f6544aa.jpg,2,0,0.045511633
56f6544aa.jpg,3,0,0.44165608
56f6544aa.jpg,4,0,0.055709045
56fe04b70.jpg,1,0,0.050967734
56fe04b70.jpg,2,0,0.03972617
56fe04b70.jpg,3,1,0.88759047
56fe04b70.jpg,4,0,0.0017407117
570949932.jpg,1,0,0.2023233
570949932.jpg,2,0,0.019636093
570949932.jpg,3,0,0.5703916
570949932.jpg,4,0,0.021920921
5712b3846.jpg,1,0,0.035008866
5712b3846.jpg,2,0,0.01258907
5712b3846.jpg,3,1,0.8809495
5712b3846.jpg,4,0,0.008431221
571717724.jpg,1,0,0.029462447
571717724.jpg,2,0,0.0061915754
571717724.jpg,3,1,0.92245317
571717724.jpg,4,0,0.0034394197
571c8299c.jpg,1,0,0.42232108
571c8299c.jpg,2,0,0.06324069
571c8299c.jpg,3,0,0.50964355
571c8299c.jpg,4,0,0.03616718
571eb97b3.jpg,1,0,0.44253555
571eb97b3.jpg,2,0,0.12678438
571eb97b3.jpg,3,0,0.33015534
571eb97b3.jpg,4,0,0.04100789
573d1f811.jpg,1,1,0.64428014
573d1f811.jpg,2,0,0.0123566175
573d1f811.jpg,3,0,0.29038772
573d1f811.jpg,4,0,0.0130582
574d67053.jpg,1,0,0.05263984
574d67053.jpg,2,0,0.005589305
574d67053.jpg,3,1,0.8166043
574d67053.jpg,4,0,0.014807183
574f43979.jpg,1,0,0.12603098
574f43979.jpg,2,0,0.03115218
574f43979.jpg,3,1,0.85925055
574f43979.jpg,4,0,0.0032022295
5751be350.jpg,1,0,0.23311335
5751be350.jpg,2,0,0.050908152
5751be350.jpg,3,1,0.6505981
5751be350.jpg,4,0,0.013673138
57650f6fe.jpg,1,0,0.024017341
57650f6fe.jpg,2,0,0.003959849
57650f6fe.jpg,3,1,0.9201362
57650f6fe.jpg,4,0,0.0083785765
576f80bf8.jpg,1,1,0.633404
576f80bf8.jpg,2,0,0.026335495
576f80bf8.jpg,3,0,0.25414655
576f80bf8.jpg,4,0,0.039622106
578dc421a.jpg,1,0,0.022995437
578dc421a.jpg,2,0,0.015879627
578dc421a.jpg,3,0,0.27154765
578dc421a.jpg,4,1,0.8513909
579d97368.jpg,1,0,0.016247401
579d97368.jpg,2,0,0.002038276
579d97368.jpg,3,0,0.21471022
579d97368.jpg,4,1,0.9406453
57b1d7f73.jpg,1,0,0.36750063
57b1d7f73.jpg,2,0,0.5457866
57b1d7f73.jpg,3,0,0.2789924
57b1d7f73.jpg,4,0,0.004573857
57bd3ab37.jpg,1,1,0.75267845
57bd3ab37.jpg,2,0,0.030372525
57bd3ab37.jpg,3,0,0.16199926
57bd3ab37.jpg,4,0,0.014783348
57cabd349.jpg,1,1,0.6241614
57cabd349.jpg,2,0,0.011644223
57cabd349.jpg,3,0,0.257546
57cabd349.jpg,4,0,0.026985629
57d4f4467.jpg,1,0,0.35721365
57d4f4467.jpg,2,0,0.070614025
57d4f4467.jpg,3,0,0.53863037
57d4f4467.jpg,4,0,0.03268209
57ec0b110.jpg,1,0,0.028413057
57ec0b110.jpg,2,0,0.005778791
57ec0b110.jpg,3,1,0.848331
57ec0b110.jpg,4,0,0.0591093
57ff05dc1.jpg,1,1,0.6930873
57ff05dc1.jpg,2,0,0.0068737376
57ff05dc1.jpg,3,0,0.2684759
57ff05dc1.jpg,4,0,0.06234075
58088b30a.jpg,1,0,0.15906103
58088b30a.jpg,2,0,0.019322217
58088b30a.jpg,3,1,0.83972675
58088b30a.jpg,4,0,0.030564182
58122fe14.jpg,1,0,0.033254433
58122fe14.jpg,2,0,0.004244225
58122fe14.jpg,3,1,0.7441518
58122fe14.jpg,4,0,0.018408746
5829668fc.jpg,1,0,0.49382487
5829668fc.jpg,2,0,0.5041195
5829668fc.jpg,3,0,0.28595322
5829668fc.jpg,4,0,0.003689779
582aa5194.jpg,1,0,0.2943176
582aa5194.jpg,2,0,0.054128785
582aa5194.jpg,3,0,0.53397775
582aa5194.jpg,4,0,0.018924855
583d01b09.jpg,1,0,0.070840135
583d01b09.jpg,2,0,0.017667465
583d01b09.jpg,3,1,0.8350713
583d01b09.jpg,4,0,0.107748695
58540918c.jpg,1,0,0.10607106
58540918c.jpg,2,1,0.6646772
58540918c.jpg,3,0,0.2743294
58540918c.jpg,4,0,0.017481524
585774b65.jpg,1,0,0.32252827
585774b65.jpg,2,0,0.15815343
585774b65.jpg,3,0,0.59432846
585774b65.jpg,4,0,0.0059956587
5867aed54.jpg,1,0,0.0214172
5867aed54.jpg,2,0,0.059668764
5867aed54.jpg,3,1,0.90224046
5867aed54.jpg,4,0,0.005622326
587a9b3b2.jpg,1,0,0.06634206
587a9b3b2.jpg,2,0,0.013989163
587a9b3b2.jpg,3,1,0.837297
587a9b3b2.jpg,4,0,0.08300311
587aa203b.jpg,1,0,0.21265893
587aa203b.jpg,2,0,0.020931548
587aa203b.jpg,3,1,0.64833814
587aa203b.jpg,4,0,0.011355769
588119a67.jpg,1,0,0.06449627
588119a67.jpg,2,0,0.014894859
588119a67.jpg,3,1,0.81469536
588119a67.jpg,4,0,0.04485248
5881270f8.jpg,1,1,0.8067024
5881270f8.jpg,2,0,0.016906941
5881270f8.jpg,3,0,0.20669799
5881270f8.jpg,4,0,0.010383208
5892b97a9.jpg,1,0,0.4193903
5892b97a9.jpg,2,0,0.45947143
5892b97a9.jpg,3,0,0.29742062
5892b97a9.jpg,4,0,0.0048558
5895de1c3.jpg,1,0,0.08315564
5895de1c3.jpg,2,0,0.028821448
5895de1c3.jpg,3,1,0.86925155
5895de1c3.jpg,4,0,0.0023686388
58986e16d.jpg,1,0,0.08044682
58986e16d.jpg,2,0,0.099047065
58986e16d.jpg,3,1,0.7376108
58986e16d.jpg,4,0,0.007558202
589dd7157.jpg,1,0,0.045684706
589dd7157.jpg,2,0,0.024466624
589dd7157.jpg,3,1,0.8889063
589dd7157.jpg,4,0,0.0017936019
58a4013d8.jpg,1,0,0.012212523
58a4013d8.jpg,2,0,0.0012682119
58a4013d8.jpg,3,1,0.87365276
58a4013d8.jpg,4,0,0.14635745
58ab08172.jpg,1,0,0.07263183
58ab08172.jpg,2,0,0.013289827
58ab08172.jpg,3,0,0.3349459
58ab08172.jpg,4,0,0.027951745
58acb9b30.jpg,1,0,0.028589288
58acb9b30.jpg,2,0,0.023173086
58acb9b30.jpg,3,1,0.8714767
58acb9b30.jpg,4,0,0.063350014
58de7641c.jpg,1,0,0.03493661
58de7641c.jpg,2,0,0.0053034574
58de7641c.jpg,3,0,0.26589972
58de7641c.jpg,4,1,0.8702571
58e7a9529.jpg,1,0,0.06400462
58e7a9529.jpg,2,0,0.008931668
58e7a9529.jpg,3,1,0.630161
58e7a9529.jpg,4,0,0.10905818
58f22628e.jpg,1,0,0.016708126
58f22628e.jpg,2,0,0.0022757438
58f22628e.jpg,3,0,0.40623626
58f22628e.jpg,4,1,0.8411996
58f6093db.jpg,1,0,0.034851357
58f6093db.jpg,2,0,0.015894681
58f6093db.jpg,3,1,0.8981661
58f6093db.jpg,4,0,0.0029179484
58fbd1a0d.jpg,1,1,0.6888101
58fbd1a0d.jpg,2,0,0.0044785757
58fbd1a0d.jpg,3,0,0.35038495
58fbd1a0d.jpg,4,0,0.01750655
5900ac269.jpg,1,0,0.58341724
5900ac269.jpg,2,0,0.3920621
5900ac269.jpg,3,0,0.15061545
5900ac269.jpg,4,0,0.0075318855
590aa4bfc.jpg,1,0,0.07413879
590aa4bfc.jpg,2,0,0.0060351477
590aa4bfc.jpg,3,0,0.3968657
590aa4bfc.jpg,4,0,0.00845933
5943020f6.jpg,1,0,0.023205793
5943020f6.jpg,2,0,0.005897664
5943020f6.jpg,3,0,0.4878211
5943020f6.jpg,4,1,0.8375098
5943b12cf.jpg,1,0,0.4716394
5943b12cf.jpg,2,0,0.006904276
5943b12cf.jpg,3,0,0.47013357
5943b12cf.jpg,4,0,0.033377077
594556fb4.jpg,1,0,0.5195679
594556fb4.jpg,2,0,0.014248982
594556fb4.jpg,3,0,0.566492
594556fb4.jpg,4,0,0.012617114
5945a8248.jpg,1,0,0.25274214
5945a8248.jpg,2,0,0.00782142
5945a8248.jpg,3,1,0.6053052
5945a8248.jpg,4,0,0.024355322
594bc49fd.jpg,1,0,0.12303395
594bc49fd.jpg,2,0,0.056447476
594bc49fd.jpg,3,1,0.8090255
594bc49fd.jpg,4,0,0.005483693
595426f59.jpg,1,1,0.699019
595426f59.jpg,2,0,0.009273593
595426f59.jpg,3,0,0.23201644
595426f59.jpg,4,0,0.018373279
595bd6fcf.jpg,1,0,0.05949082
595bd6fcf.jpg,2,0,0.008673682
595bd6fcf.jpg,3,0,0.44650292
595bd6fcf.jpg,4,1,0.63659054
5976e13d9.jpg,1,0,0.050910294
5976e13d9.jpg,2,0,0.0034485068
5976e13d9.jpg,3,1,0.8191325
5976e13d9.jpg,4,0,0.017630018
5992b1f0d.jpg,1,0,0.046377834
5992b1f0d.jpg,2,0,0.02535061
5992b1f0d.jpg,3,1,0.88081914
5992b1f0d.jpg,4,0,0.002663885
5998eee37.jpg,1,1,0.6885964
5998eee37.jpg,2,0,0.1775915
5998eee37.jpg,3,0,0.26591936
5998eee37.jpg,4,0,0.005828665
599f73dd0.jpg,1,0,0.5452995
599f73dd0.jpg,2,0,0.14776398
599f73dd0.jpg,3,0,0.29578763
599f73dd0.jpg,4,0,0.08468121
59a40ecca.jpg,1,0,0.30658856
59a40ecca.jpg,2,0,0.031119594
59a40ecca.jpg,3,0,0.49916553
59a40ecca.jpg,4,0,0.019408178
59b42a129.jpg,1,1,0.7491092
59b42a129.jpg,2,0,0.20038356
59b42a129.jpg,3,0,0.22500302
59b42a129.jpg,4,0,0.003500549
59c0a3475.jpg,1,0,0.042657692
59c0a3475.jpg,2,0,0.024057671
59c0a3475.jpg,3,1,0.8827955
59c0a3475.jpg,4,0,0.0022945802
59c2fdc9e.jpg,1,0,0.5484253
59c2fdc9e.jpg,2,0,0.016889362
59c2fdc9e.jpg,3,0,0.2416931
59c2fdc9e.jpg,4,0,0.010376852
59ed4aa3d.jpg,1,0,0.13044173
59ed4aa3d.jpg,2,0,0.0052455757
59ed4aa3d.jpg,3,1,0.7051196
59ed4aa3d.jpg,4,0,0.1913511
59eff5e14.jpg,1,0,0.015132799
59eff5e14.jpg,2,0,0.0026295225
59eff5e14.jpg,3,1,0.9456692
59eff5e14.jpg,4,0,0.049849268
5a0ce7a50.jpg,1,0,0.4089856
5a0ce7a50.jpg,2,0,0.50265366
5a0ce7a50.jpg,3,0,0.19945125
5a0ce7a50.jpg,4,0,0.025829008
5a1b85353.jpg,1,0,0.12921119
5a1b85353.jpg,2,1,0.742769
5a1b85353.jpg,3,0,0.120235525
5a1b85353.jpg,4,0,0.04446222
5a25d5a5c.jpg,1,0,0.28345644
5a25d5a5c.jpg,2,0,0.12996976
5a25d5a5c.jpg,3,0,0.45246553
5a25d5a5c.jpg,4,0,0.14162289
5a2f952d9.jpg,1,0,0.044668257
5a2f952d9.jpg,2,0,0.011132537
5a2f952d9.jpg,3,1,0.8531905
5a2f952d9.jpg,4,0,0.006281598
5a6cc72c5.jpg,1,0,0.59968764
5a6cc72c5.jpg,2,0,0.024486484
5a6cc72c5.jpg,3,0,0.43929085
5a6cc72c5.jpg,4,0,0.03373277
5a72c9adc.jpg,1,0,0.0182579
5a72c9adc.jpg,2,0,0.002860383
5a72c9adc.jpg,3,1,0.9227237
5a72c9adc.jpg,4,0,0.023733981
5a7c94126.jpg,1,0,0.010954295
5a7c94126.jpg,2,0,0.0024953252
5a7c94126.jpg,3,0,0.38421908
5a7c94126.jpg,4,1,0.8127578
5a9149cad.jpg,1,0,0.037347946
5a9149cad.jpg,2,0,0.002828276
5a9149cad.jpg,3,1,0.94013494
5a9149cad.jpg,4,0,0.005785955
5a9444ea9.jpg,1,0,0.43020988
5a9444ea9.jpg,2,0,0.54442054
5a9444ea9.jpg,3,0,0.30575016
5a9444ea9.jpg,4,0,0.0045701903
5a9a84c90.jpg,1,0,0.038299244
5a9a84c90.jpg,2,0,0.058005575
5a9a84c90.jpg,3,1,0.8663725
5a9a84c90.jpg,4,0,0.0112833595
5aa035361.jpg,1,0,0.142809
5aa035361.jpg,2,0,0.16521093
5aa035361.jpg,3,1,0.70347136
5aa035361.jpg,4,0,0.0039815647
5aa3780c6.jpg,1,0,0.13936295
5aa3780c6.jpg,2,1,0.7388416
5aa3780c6.jpg,3,0,0.2464393
5aa3780c6.jpg,4,0,0.0028964507
5aac82fa3.jpg,1,0,0.1529546
5aac82fa3.jpg,2,1,0.6017216
5aac82fa3.jpg,3,0,0.38323152
5aac82fa3.jpg,4,0,0.0049101757
5aacbd81b.jpg,1,0,0.10469288
5aacbd81b.jpg,2,0,0.004248426
5aacbd81b.jpg,3,1,0.86360437
5aacbd81b.jpg,4,0,0.027939692
5abda8a7d.jpg,1,0,0.017647615
5abda8a7d.jpg,2,0,0.0070105926
5abda8a7d.jpg,3,0,0.38383427
5abda8a7d.jpg,4,1,0.7842472
5ae4f1314.jpg,1,0,0.19114952
5ae4f1314.jpg,2,0,0.03164453
5ae4f1314.jpg,3,1,0.74942774
5ae4f1314.jpg,4,0,0.023374634
5ae58f03b.jpg,1,0,0.08919639
5ae58f03b.jpg,2,0,0.30506366
5ae58f03b.jpg,3,0,0.554655
5ae58f03b.jpg,4,0,0.10079379
5aed4bb1a.jpg,1,1,0.6539901
5aed4bb1a.jpg,2,0,0.24204527
5aed4bb1a.jpg,3,0,0.18979387
5aed4bb1a.jpg,4,0,0.0042618797
5afaa1617.jpg,1,0,0.062376812
5afaa1617.jpg,2,0,0.04436345
5afaa1617.jpg,3,1,0.86424214
5afaa1617.jpg,4,0,0.002691213
5b0021aa9.jpg,1,0,0.41783765
5b0021aa9.jpg,2,0,0.0074102734
5b0021aa9.jpg,3,0,0.59061104
5b0021aa9.jpg,4,0,0.013619452
5b13f920c.jpg,1,0,0.23704381
5b13f920c.jpg,2,1,0.7084207
5b13f920c.jpg,3,0,0.186507
5b13f920c.jpg,4,0,0.008773104
5b1668f62.jpg,1,0,0.38541016
5b1668f62.jpg,2,0,0.2659981
5b1668f62.jpg,3,0,0.470471
5b1668f62.jpg,4,0,0.006801527
5b1e65973.jpg,1,0,0.34964105
5b1e65973.jpg,2,0,0.009515038
5b1e65973.jpg,3,0,0.5751314
5b1e65973.jpg,4,0,0.04383202
5b3a4b5ad.jpg,1,0,0.18826444
5b3a4b5ad.jpg,2,0,0.08484316
5b3a4b5ad.jpg,3,0,0.53812367
5b3a4b5ad.jpg,4,0,0.0083243605
5b4743e28.jpg,1,1,0.79975194
5b4743e28.jpg,2,0,0.031459797
5b4743e28.jpg,3,0,0.13246381
5b4743e28.jpg,4,0,0.007828981
5b4d84943.jpg,1,0,0.08021563
5b4d84943.jpg,2,0,0.005463438
5b4d84943.jpg,3,1,0.7303842
5b4d84943.jpg,4,0,0.021407386
5b4e2745d.jpg,1,0,0.24687113
5b4e2745d.jpg,2,0,0.12245086
5b4e2745d.jpg,3,0,0.5672329
5b4e2745d.jpg,4,0,0.04046953
5b598c70c.jpg,1,0,0.088644944
5b598c70c.jpg,2,0,0.05376677
5b598c70c.jpg,3,1,0.801481
5b598c70c.jpg,4,0,0.005394161
5b6095b41.jpg,1,0,0.29317126
5b6095b41.jpg,2,0,0.021788357
5b6095b41.jpg,3,1,0.61154324
5b6095b41.jpg,4,0,0.05135988
5b65a330b.jpg,1,0,0.25929198
5b65a330b.jpg,2,0,0.47871482
5b65a330b.jpg,3,0,0.42793703
5b65a330b.jpg,4,0,0.0037387684
5ba0fddcf.jpg,1,1,0.6424013
5ba0fddcf.jpg,2,0,0.14177655
5ba0fddcf.jpg,3,0,0.24453168
5ba0fddcf.jpg,4,0,0.01143102
5ba25ce9e.jpg,1,0,0.14824678
5ba25ce9e.jpg,2,0,0.09997892
5ba25ce9e.jpg,3,1,0.72281617
5ba25ce9e.jpg,4,0,0.0030047512
5ba631a31.jpg,1,0,0.02221556
5ba631a31.jpg,2,0,0.0019190996
5ba631a31.jpg,3,1,0.9347434
5ba631a31.jpg,4,0,0.01139689
5bb3b7c79.jpg,1,0,0.26162842
5bb3b7c79.jpg,2,0,0.06389185
5bb3b7c79.jpg,3,0,0.54177266
5bb3b7c79.jpg,4,0,0.120125465
5bbbd9386.jpg,1,0,0.028763011
5bbbd9386.jpg,2,0,0.003957526
5bbbd9386.jpg,3,1,0.7893505
5bbbd9386.jpg,4,0,0.012930018
5bbdf1b40.jpg,1,0,0.0563511
5bbdf1b40.jpg,2,0,0.005394978
5bbdf1b40.jpg,3,1,0.9009423
5bbdf1b40.jpg,4,0,0.009558842
5bbf5aa3f.jpg,1,0,0.050209284
5bbf5aa3f.jpg,2,0,0.42290902
5bbf5aa3f.jpg,3,1,0.6381197
5bbf5aa3f.jpg,4,0,0.010193233
5bbfa24f4.jpg,1,0,0.0896368
5bbfa24f4.jpg,2,0,0.004634258
5bbfa24f4.jpg,3,1,0.90018886
5bbfa24f4.jpg,4,0,0.007950831
5bc9ba9ab.jpg,1,0,0.037354812
5bc9ba9ab.jpg,2,0,0.016726414
5bc9ba9ab.jpg,3,1,0.8905327
5bc9ba9ab.jpg,4,0,0.0032414526
5be7e3153.jpg,1,1,0.6264492
5be7e3153.jpg,2,0,0.014227984
5be7e3153.jpg,3,0,0.21253927
5be7e3153.jpg,4,0,0.036565024
5bf50027a.jpg,1,0,0.027384529
5bf50027a.jpg,2,0,0.041350786
5bf50027a.jpg,3,1,0.72208095
5bf50027a.jpg,4,0,0.061790068
5c0d080ae.jpg,1,0,0.56024724
5c0d080ae.jpg,2,0,0.024191657
5c0d080ae.jpg,3,1,0.62732416
5c0d080ae.jpg,4,0,0.015914293
5c0dade54.jpg,1,0,0.043278653
5c0dade54.jpg,2,0,0.004774749
5c0dade54.jpg,3,1,0.8737406
5c0dade54.jpg,4,0,0.040000577
5c1d0f9fb.jpg,1,0,0.25682738
5c1d0f9fb.jpg,2,0,0.021224344
5c1d0f9fb.jpg,3,1,0.62004787
5c1d0f9fb.jpg,4,0,0.01058117
5c2e366c6.jpg,1,0,0.013953447
5c2e366c6.jpg,2,0,0.002427588
5c2e366c6.jpg,3,1,0.9258849
5c2e366c6.jpg,4,0,0.039401963
5c53cb0ac.jpg,1,0,0.09567744
5c53cb0ac.jpg,2,1,0.72556144
5c53cb0ac.jpg,3,0,0.22975083
5c53cb0ac.jpg,4,0,0.010814386
5c5f05ecc.jpg,1,0,0.056492183
5c5f05ecc.jpg,2,0,0.135852
5c5f05ecc.jpg,3,1,0.77850205
5c5f05ecc.jpg,4,0,0.02015438
5c64a04ee.jpg,1,0,0.4311572
5c64a04ee.jpg,2,0,0.043049604
5c64a04ee.jpg,3,0,0.59945107
5c64a04ee.jpg,4,0,0.007868026
5c6d48548.jpg,1,0,0.021202775
5c6d48548.jpg,2,0,0.15400401
5c6d48548.jpg,3,1,0.9163962
5c6d48548.jpg,4,0,0.0026247415
5c6f6dd5d.jpg,1,0,0.047529984
5c6f6dd5d.jpg,2,0,0.00588236
5c6f6dd5d.jpg,3,1,0.8610824
5c6f6dd5d.jpg,4,0,0.055159893
5c6fdc38e.jpg,1,0,0.059422165
5c6fdc38e.jpg,2,0,0.031922996
5c6fdc38e.jpg,3,1,0.88020086
5c6fdc38e.jpg,4,0,0.0024649545
5c70c3c1c.jpg,1,0,0.10265222
5c70c3c1c.jpg,2,0,0.016798088
5c70c3c1c.jpg,3,1,0.80370307
5c70c3c1c.jpg,4,0,0.055686016
5c7fe28bc.jpg,1,0,0.07826125
5c7fe28bc.jpg,2,0,0.003771631
5c7fe28bc.jpg,3,1,0.9258175
5c7fe28bc.jpg,4,0,0.008950791
5c8696dc0.jpg,1,0,0.10905745
5c8696dc0.jpg,2,0,0.106146
5c8696dc0.jpg,3,1,0.78665835
5c8696dc0.jpg,4,0,0.0071024536
5c9df14bd.jpg,1,1,0.7612112
5c9df14bd.jpg,2,0,0.036324143
5c9df14bd.jpg,3,0,0.15988456
5c9df14bd.jpg,4,0,0.009628634
5cb601d72.jpg,1,0,0.057601687
5cb601d72.jpg,2,0,0.04034285
5cb601d72.jpg,3,0,0.58146006
5cb601d72.jpg,4,0,0.35866904
5cd0e72de.jpg,1,0,0.062089935
5cd0e72de.jpg,2,0,0.026877865
5cd0e72de.jpg,3,1,0.8665553
5cd0e72de.jpg,4,0,0.0024470184
5d0f53d39.jpg,1,0,0.23037112
5d0f53d39.jpg,2,0,0.00932334
5d0f53d39.jpg,3,1,0.8101329
5d0f53d39.jpg,4,0,0.0029685257
5d2ff8441.jpg,1,0,0.1190561
5d2ff8441.jpg,2,0,0.008776654
5d2ff8441.jpg,3,1,0.8972524
5d2ff8441.jpg,4,0,0.007368952
5d304901c.jpg,1,0,0.44956854
5d304901c.jpg,2,0,0.54116565
5d304901c.jpg,3,0,0.3438395
5d304901c.jpg,4,0,0.0025627178
5d47359d4.jpg,1,0,0.29238796
5d47359d4.jpg,2,0,0.2807698
5d47359d4.jpg,3,0,0.53943163
5d47359d4.jpg,4,0,0.006570551
5d4744af7.jpg,1,0,0.068683945
5d4744af7.jpg,2,0,0.069054715
5d4744af7.jpg,3,1,0.8520071
5d4744af7.jpg,4,0,0.002703462
5d4db1af1.jpg,1,1,0.63149136
5d4db1af1.jpg,2,0,0.31188166
5d4db1af1.jpg,3,0,0.15714899
5d4db1af1.jpg,4,0,0.022764312
5d5816fc1.jpg,1,0,0.55653334
5d5816fc1.jpg,2,0,0.44676027
5d5816fc1.jpg,3,0,0.25854144
5d5816fc1.jpg,4,0,0.004071198
5d6b4e143.jpg,1,1,0.73177916
5d6b4e143.jpg,2,0,0.01032214
5d6b4e143.jpg,3,0,0.22973381
5d6b4e143.jpg,4,0,0.009511124
5d7456755.jpg,1,0,0.23203146
5d7456755.jpg,2,0,0.42985597
5d7456755.jpg,3,0,0.55840784
5d7456755.jpg,4,0,0.0024176587
5d787f403.jpg,1,0,0.31231102
5d787f403.jpg,2,0,0.41807362
5d787f403.jpg,3,0,0.26705176
5d787f403.jpg,4,0,0.01600459
5d80961c1.jpg,1,0,0.050674442
5d80961c1.jpg,2,0,0.027461959
5d80961c1.jpg,3,1,0.8945384
5d80961c1.jpg,4,0,0.002247082
5d890a5f5.jpg,1,0,0.41556993
5d890a5f5.jpg,2,1,0.644773
5d890a5f5.jpg,3,0,0.24634685
5d890a5f5.jpg,4,0,0.0046946257
5d8c56f79.jpg,1,0,0.01930577
5d8c56f79.jpg,2,0,0.0027850603
5d8c56f79.jpg,3,1,0.9279224
5d8c56f79.jpg,4,0,0.013609988
5d8ed2a33.jpg,1,1,0.6315128
5d8ed2a33.jpg,2,0,0.010348336
5d8ed2a33.jpg,3,0,0.22698261
5d8ed2a33.jpg,4,0,0.0054834806
5d990dafc.jpg,1,0,0.013271276
5d990dafc.jpg,2,0,0.0014380259
5d990dafc.jpg,3,1,0.94657063
5d990dafc.jpg,4,0,0.005110409
5d99e8568.jpg,1,1,0.6432011
5d99e8568.jpg,2,0,0.015145379
5d99e8568.jpg,3,0,0.3311492
5d99e8568.jpg,4,0,0.020932024
5d9b7753a.jpg,1,0,0.05448991
5d9b7753a.jpg,2,0,0.0020459627
5d9b7753a.jpg,3,1,0.9284919
5d9b7753a.jpg,4,0,0.008539234
5da555152.jpg,1,0,0.11368518
5da555152.jpg,2,0,0.0026583641
5da555152.jpg,3,1,0.78300023
5da555152.jpg,4,0,0.17358534
5da5cbfac.jpg,1,1,0.6008795
5da5cbfac.jpg,2,0,0.41177607
5da5cbfac.jpg,3,0,0.16942973
5da5cbfac.jpg,4,0,0.018824639
5da7403fb.jpg,1,0,0.10543668
5da7403fb.jpg,2,0,0.024137868
5da7403fb.jpg,3,0,0.5624986
5da7403fb.jpg,4,0,0.10074746
5dac94ae8.jpg,1,0,0.022787252
5dac94ae8.jpg,2,0,0.00743123
5dac94ae8.jpg,3,0,0.32734188
5dac94ae8.jpg,4,1,0.7889715
5dca8cdfb.jpg,1,0,0.0372464
5dca8cdfb.jpg,2,0,0.008158018
5dca8cdfb.jpg,3,1,0.8874801
5dca8cdfb.jpg,4,0,0.0255507
5dcf6ad07.jpg,1,0,0.033985805
5dcf6ad07.jpg,2,0,0.014618494
5dcf6ad07.jpg,3,0,0.48757353
5dcf6ad07.jpg,4,0,0.57763076
5ddc3b702.jpg,1,0,0.05551069
5ddc3b702.jpg,2,0,0.023215657
5ddc3b702.jpg,3,1,0.87521267
5ddc3b702.jpg,4,0,0.0055430667
5de7960ac.jpg,1,0,0.10200673
5de7960ac.jpg,2,0,0.0028585314
5de7960ac.jpg,3,1,0.9134266
5de7960ac.jpg,4,0,0.0043294267
5df2a3586.jpg,1,0,0.030646602
5df2a3586.jpg,2,0,0.0047026067
5df2a3586.jpg,3,1,0.8537662
5df2a3586.jpg,4,0,0.019329645
5df43c09e.jpg,1,1,0.6085277
5df43c09e.jpg,2,0,0.021149585
5df43c09e.jpg,3,0,0.28201464
5df43c09e.jpg,4,0,0.04869039
5dfcf07ea.jpg,1,0,0.016403154
5dfcf07ea.jpg,2,0,0.011877239
5dfcf07ea.jpg,3,1,0.85426325
5dfcf07ea.jpg,4,0,0.1727705
5e0167c6a.jpg,1,0,0.2107637
5e0167c6a.jpg,2,0,0.005101805
5e0167c6a.jpg,3,1,0.7024775
5e0167c6a.jpg,4,0,0.06592513
5e02471c4.jpg,1,0,0.06901176
5e02471c4.jpg,2,0,0.008503701
5e02471c4.jpg,3,1,0.653087
5e02471c4.jpg,4,0,0.016047709
5e049970d.jpg,1,0,0.5630484
5e049970d.jpg,2,0,0.040126882
5e049970d.jpg,3,0,0.529234
5e049970d.jpg,4,0,0.0054470976
5e070a325.jpg,1,0,0.05408187
5e070a325.jpg,2,0,0.008318647
5e070a325.jpg,3,0,0.5060028
5e070a325.jpg,4,0,0.50784063
5e1c6b7da.jpg,1,0,0.061960664
5e1c6b7da.jpg,2,0,0.015603437
5e1c6b7da.jpg,3,1,0.844893
5e1c6b7da.jpg,4,0,0.075741395
5e23a5dd3.jpg,1,0,0.022837847
5e23a5dd3.jpg,2,0,0.0061127287
5e23a5dd3.jpg,3,0,0.29782465
5e23a5dd3.jpg,4,1,0.87792367
5e260337f.jpg,1,0,0.06644055
5e260337f.jpg,2,0,0.0352723
5e260337f.jpg,3,1,0.80510205
5e260337f.jpg,4,0,0.069810234
5e276bb2c.jpg,1,0,0.031816576
5e276bb2c.jpg,2,0,0.036314435
5e276bb2c.jpg,3,0,0.48665547
5e276bb2c.jpg,4,1,0.649776
5e2e9fbed.jpg,1,0,0.044621278
5e2e9fbed.jpg,2,0,0.025267685
5e2e9fbed.jpg,3,1,0.8840876
5e2e9fbed.jpg,4,0,0.002577359
5e30d0033.jpg,1,0,0.012248038
5e30d0033.jpg,2,0,0.0020064088
5e30d0033.jpg,3,1,0.90743476
5e30d0033.jpg,4,0,0.055638883
5e3dcbb32.jpg,1,1,0.68525857
5e3dcbb32.jpg,2,0,0.005986918
5e3dcbb32.jpg,3,0,0.36875144
5e3dcbb32.jpg,4,0,0.038538195
5e45b4859.jpg,1,1,0.6689014
5e45b4859.jpg,2,0,0.009128089
5e45b4859.jpg,3,0,0.42810276
5e45b4859.jpg,4,0,0.018494215
5e62ce535.jpg,1,0,0.05647375
5e62ce535.jpg,2,0,0.036851782
5e62ce535.jpg,3,1,0.88143104
5e62ce535.jpg,4,0,0.0018197141
5e6bfcc72.jpg,1,0,0.54498464
5e6bfcc72.jpg,2,0,0.051674243
5e6bfcc72.jpg,3,0,0.24041317
5e6bfcc72.jpg,4,0,0.021933084
5e84e45f5.jpg,1,0,0.041582424
5e84e45f5.jpg,2,0,0.03600889
5e84e45f5.jpg,3,1,0.8367078
5e84e45f5.jpg,4,0,0.013957459
5eb2c8fbf.jpg,1,0,0.35022914
5eb2c8fbf.jpg,2,0,0.20492136
5eb2c8fbf.jpg,3,1,0.6496957
5eb2c8fbf.jpg,4,0,0.0076150596
5ed971fa8.jpg,1,1,0.6344803
5ed971fa8.jpg,2,0,0.06348203
5ed971fa8.jpg,3,0,0.3984927
5ed971fa8.jpg,4,0,0.005376183
5ee27345a.jpg,1,0,0.02736362
5ee27345a.jpg,2,0,0.004094412
5ee27345a.jpg,3,0,0.39885607
5ee27345a.jpg,4,1,0.7889967
5ee50e1bd.jpg,1,0,0.2703503
5ee50e1bd.jpg,2,0,0.43100643
5ee50e1bd.jpg,3,0,0.47828937
5ee50e1bd.jpg,4,0,0.004119623
5ee9d291a.jpg,1,0,0.04139301
5ee9d291a.jpg,2,0,0.01975079
5ee9d291a.jpg,3,1,0.8813858
5ee9d291a.jpg,4,0,0.002281632
5ef208772.jpg,1,0,0.055706564
5ef208772.jpg,2,0,0.0831793
5ef208772.jpg,3,1,0.8382303
5ef208772.jpg,4,0,0.0037888307
5ef5a701c.jpg,1,0,0.51396793
5ef5a701c.jpg,2,0,0.107232414
5ef5a701c.jpg,3,0,0.45876995
5ef5a701c.jpg,4,0,0.033021975
5f039c2bd.jpg,1,0,0.07229375
5f039c2bd.jpg,2,1,0.6075984
5f039c2bd.jpg,3,0,0.42139515
5f039c2bd.jpg,4,0,0.0052306824
5f0696eb5.jpg,1,0,0.0996288
5f0696eb5.jpg,2,0,0.15063049
5f0696eb5.jpg,3,1,0.7089331
5f0696eb5.jpg,4,0,0.060397606
5f1308e91.jpg,1,0,0.051595926
5f1308e91.jpg,2,0,0.027366625
5f1308e91.jpg,3,1,0.88550395
5f1308e91.jpg,4,0,0.0024026586
5f1bfd13a.jpg,1,0,0.14582913
5f1bfd13a.jpg,2,0,0.054032806
5f1bfd13a.jpg,3,1,0.83749896
5f1bfd13a.jpg,4,0,0.010284473
5f2f8397d.jpg,1,0,0.5244824
5f2f8397d.jpg,2,0,0.3811926
5f2f8397d.jpg,3,0,0.14776906
5f2f8397d.jpg,4,0,0.007756596
5f3a02515.jpg,1,0,0.09214208
5f3a02515.jpg,2,0,0.0062769502
5f3a02515.jpg,3,1,0.714853
5f3a02515.jpg,4,0,0.21848668
5f3e05497.jpg,1,0,0.054185014
5f3e05497.jpg,2,0,0.028246751
5f3e05497.jpg,3,1,0.9020107
5f3e05497.jpg,4,0,0.016567765
5f3fd3e51.jpg,1,0,0.41009998
5f3fd3e51.jpg,2,0,0.035084423
5f3fd3e51.jpg,3,0,0.5106575
5f3fd3e51.jpg,4,0,0.0142655065
5f5a9fbe2.jpg,1,0,0.4150518
5f5a9fbe2.jpg,2,0,0.4859374
5f5a9fbe2.jpg,3,0,0.35587144
5f5a9fbe2.jpg,4,0,0.004064639
5f5d3acd5.jpg,1,0,0.17050385
5f5d3acd5.jpg,2,0,0.018878587
5f5d3acd5.jpg,3,1,0.86641455
5f5d3acd5.jpg,4,0,0.0030373484
5f627b6b6.jpg,1,1,0.7482231
5f627b6b6.jpg,2,0,0.11049521
5f627b6b6.jpg,3,0,0.15697297
5f627b6b6.jpg,4,0,0.0049945503
5f90c4021.jpg,1,0,0.20171772
5f90c4021.jpg,2,0,0.0043642614
5f90c4021.jpg,3,1,0.86697626
5f90c4021.jpg,4,0,0.008136927
5f945be05.jpg,1,0,0.086018704
5f945be05.jpg,2,0,0.033649277
5f945be05.jpg,3,0,0.40558454
5f945be05.jpg,4,0,0.4658978
5f9833ca6.jpg,1,0,0.12403876
5f9833ca6.jpg,2,0,0.036373608
5f9833ca6.jpg,3,1,0.62422127
5f9833ca6.jpg,4,0,0.05362017
5f9e63b94.jpg,1,0,0.0076626316
5f9e63b94.jpg,2,0,0.0021362223
5f9e63b94.jpg,3,0,0.2796786
5f9e63b94.jpg,4,1,0.8757697
5f9ef35fe.jpg,1,0,0.04723972
5f9ef35fe.jpg,2,0,0.0055820965
5f9ef35fe.jpg,3,1,0.8962147
5f9ef35fe.jpg,4,0,0.02049066
5fa5c747c.jpg,1,0,0.015416176
5fa5c747c.jpg,2,0,0.0020643554
5fa5c747c.jpg,3,1,0.9392887
5fa5c747c.jpg,4,0,0.005656155
5ff740a19.jpg,1,1,0.6474825
5ff740a19.jpg,2,0,0.010618853
5ff740a19.jpg,3,0,0.3362945
5ff740a19.jpg,4,0,0.009399385
60029e885.jpg,1,0,0.13994291
60029e885.jpg,2,0,0.28947994
60029e885.jpg,3,0,0.5337253
60029e885.jpg,4,0,0.0074565834
601346ad8.jpg,1,0,0.02636987
601346ad8.jpg,2,0,0.0048300456
601346ad8.jpg,3,1,0.9130451
601346ad8.jpg,4,0,0.02170471
6016402f8.jpg,1,0,0.36504486
6016402f8.jpg,2,0,0.00578044
6016402f8.jpg,3,1,0.6193799
6016402f8.jpg,4,0,0.009593614
601fa71b9.jpg,1,1,0.73139614
601fa71b9.jpg,2,0,0.009705813
601fa71b9.jpg,3,0,0.3851384
601fa71b9.jpg,4,0,0.0031243965
6023b25e4.jpg,1,0,0.06690581
6023b25e4.jpg,2,0,0.047659844
6023b25e4.jpg,3,1,0.86798024
6023b25e4.jpg,4,0,0.002538087
602af9e96.jpg,1,0,0.045400843
602af9e96.jpg,2,0,0.023517223
602af9e96.jpg,3,1,0.88580006
602af9e96.jpg,4,0,0.010423832
602da1387.jpg,1,0,0.42168045
602da1387.jpg,2,0,0.054741148
602da1387.jpg,3,0,0.45723507
602da1387.jpg,4,0,0.021195047
60303e8e5.jpg,1,0,0.26093075
60303e8e5.jpg,2,0,0.022860968
60303e8e5.jpg,3,1,0.63393176
60303e8e5.jpg,4,0,0.011175878
6037dcb23.jpg,1,0,0.014673792
6037dcb23.jpg,2,0,0.0021768752
6037dcb23.jpg,3,1,0.93544525
6037dcb23.jpg,4,0,0.00893911
604bc60db.jpg,1,0,0.047695756
604bc60db.jpg,2,0,0.028930435
604bc60db.jpg,3,1,0.8967731
604bc60db.jpg,4,0,0.0019818982
604c09921.jpg,1,0,0.030717691
604c09921.jpg,2,0,0.011318655
604c09921.jpg,3,0,0.30951208
604c09921.jpg,4,1,0.8652075
60506409c.jpg,1,0,0.43108645
60506409c.jpg,2,0,0.117127635
60506409c.jpg,3,0,0.43822682
60506409c.jpg,4,0,0.0032524997
605bd920f.jpg,1,0,0.06330144
605bd920f.jpg,2,0,0.013966747
605bd920f.jpg,3,1,0.7258007
605bd920f.jpg,4,0,0.037658136
607b16d51.jpg,1,0,0.43927297
607b16d51.jpg,2,0,0.049797643
607b16d51.jpg,3,0,0.45176566
607b16d51.jpg,4,0,0.009510457
608032d8e.jpg,1,0,0.13162668
608032d8e.jpg,2,0,0.005699227
608032d8e.jpg,3,1,0.8206261
608032d8e.jpg,4,0,0.024453528
60a92d2d9.jpg,1,0,0.06725744
60a92d2d9.jpg,2,0,0.055200744
60a92d2d9.jpg,3,1,0.74681526
60a92d2d9.jpg,4,0,0.13847566
60aeddfa4.jpg,1,0,0.34442663
60aeddfa4.jpg,2,0,0.4112033
60aeddfa4.jpg,3,0,0.4296126
60aeddfa4.jpg,4,0,0.005535459
60b2a4e95.jpg,1,0,0.17857648
60b2a4e95.jpg,2,0,0.25124595
60b2a4e95.jpg,3,1,0.69857997
60b2a4e95.jpg,4,0,0.0040778634
60ca93e34.jpg,1,1,0.835012
60ca93e34.jpg,2,0,0.01853528
60ca93e34.jpg,3,0,0.109451465
60ca93e34.jpg,4,0,0.015498769
60d20e525.jpg,1,0,0.109672666
60d20e525.jpg,2,0,0.011399954
60d20e525.jpg,3,1,0.8290557
60d20e525.jpg,4,0,0.054903056
60dc13c8f.jpg,1,0,0.06421674
60dc13c8f.jpg,2,0,0.0343307
60dc13c8f.jpg,3,1,0.87859344
60dc13c8f.jpg,4,0,0.0015948643
6100eba6e.jpg,1,0,0.10588753
6100eba6e.jpg,2,0,0.03836664
6100eba6e.jpg,3,0,0.55333096
6100eba6e.jpg,4,0,0.123955525
6108d0184.jpg,1,0,0.5926617
6108d0184.jpg,2,0,0.063602865
6108d0184.jpg,3,0,0.3495163
6108d0184.jpg,4,0,0.030764809
611f72ff8.jpg,1,0,0.045523
611f72ff8.jpg,2,0,0.016372615
611f72ff8.jpg,3,0,0.3237575
611f72ff8.jpg,4,1,0.8396606
6121f632b.jpg,1,0,0.5835653
6121f632b.jpg,2,0,0.007373847
6121f632b.jpg,3,0,0.3916806
6121f632b.jpg,4,0,0.020356322
61243b268.jpg,1,1,0.745435
61243b268.jpg,2,0,0.080946766
61243b268.jpg,3,0,0.24731277
61243b268.jpg,4,0,0.0033722862
612e78ee5.jpg,1,0,0.040667173
612e78ee5.jpg,2,0,0.0039413795
612e78ee5.jpg,3,1,0.69153
612e78ee5.jpg,4,0,0.020816946
614c43fa9.jpg,1,0,0.06827427
614c43fa9.jpg,2,0,0.009135097
614c43fa9.jpg,3,1,0.6882933
614c43fa9.jpg,4,0,0.25843903
6157fa8c0.jpg,1,0,0.14732802
6157fa8c0.jpg,2,0,0.063815184
6157fa8c0.jpg,3,1,0.6781247
6157fa8c0.jpg,4,0,0.09131191
616204216.jpg,1,0,0.3432875
616204216.jpg,2,0,0.43371066
616204216.jpg,3,0,0.46452144
616204216.jpg,4,0,0.0041664387
616388941.jpg,1,0,0.14456901
616388941.jpg,2,0,0.12240047
616388941.jpg,3,1,0.6678315
616388941.jpg,4,0,0.0057143685
618dbf55c.jpg,1,0,0.034090064
618dbf55c.jpg,2,0,0.003096111
618dbf55c.jpg,3,0,0.42831334
618dbf55c.jpg,4,0,0.09753629
61a881e1e.jpg,1,0,0.02811938
61a881e1e.jpg,2,0,0.0048691356
61a881e1e.jpg,3,0,0.5223828
61a881e1e.jpg,4,1,0.7536552
61c4ca29e.jpg,1,0,0.3157116
61c4ca29e.jpg,2,0,0.011024792
61c4ca29e.jpg,3,1,0.76125246
61c4ca29e.jpg,4,0,0.008914062
61e98507d.jpg,1,0,0.53461343
61e98507d.jpg,2,0,0.26994523
61e98507d.jpg,3,0,0.1734312
61e98507d.jpg,4,0,0.015085686
61fc6d361.jpg,1,0,0.5424375
61fc6d361.jpg,2,0,0.21289124
61fc6d361.jpg,3,0,0.4159825
61fc6d361.jpg,4,0,0.00788034
61ffc10bd.jpg,1,0,0.07456707
61ffc10bd.jpg,2,0,0.08080779
61ffc10bd.jpg,3,1,0.8551307
61ffc10bd.jpg,4,0,0.0030001274
62072cd72.jpg,1,0,0.055730324
62072cd72.jpg,2,0,0.032184314
62072cd72.jpg,3,1,0.89687914
62072cd72.jpg,4,0,0.0016784781
6208d6324.jpg,1,0,0.06357107
6208d6324.jpg,2,0,0.036315992
6208d6324.jpg,3,1,0.8797733
6208d6324.jpg,4,0,0.002594507
62111c98d.jpg,1,0,0.24267472
62111c98d.jpg,2,0,0.008503152
62111c98d.jpg,3,0,0.45008948
62111c98d.jpg,4,0,0.30999127
6217e70bf.jpg,1,0,0.046750873
6217e70bf.jpg,2,0,0.029423593
6217e70bf.jpg,3,1,0.89072514
6217e70bf.jpg,4,0,0.0030583143
6227835a7.jpg,1,0,0.009383977
6227835a7.jpg,2,0,0.0012423671
6227835a7.jpg,3,1,0.94802886
6227835a7.jpg,4,0,0.028992983
622d08c0e.jpg,1,0,0.03703941
622d08c0e.jpg,2,0,0.020381674
622d08c0e.jpg,3,1,0.8787958
622d08c0e.jpg,4,0,0.0018431554
62329850d.jpg,1,0,0.026341021
62329850d.jpg,2,0,0.112089135
62329850d.jpg,3,1,0.7942347
62329850d.jpg,4,0,0.0044028247
623b8ca2f.jpg,1,0,0.19525139
623b8ca2f.jpg,2,0,0.22224408
623b8ca2f.jpg,3,0,0.55520004
623b8ca2f.jpg,4,0,0.07447206
623f66b73.jpg,1,0,0.17063855
623f66b73.jpg,2,0,0.36584738
623f66b73.jpg,3,0,0.5094765
623f66b73.jpg,4,0,0.07664234
62405baae.jpg,1,0,0.047194183
62405baae.jpg,2,0,0.007236839
62405baae.jpg,3,1,0.8202339
62405baae.jpg,4,0,0.048029184
624e88b69.jpg,1,0,0.049201235
624e88b69.jpg,2,0,0.029223971
624e88b69.jpg,3,1,0.8701448
624e88b69.jpg,4,0,0.002917098
625821b3f.jpg,1,0,0.09796053
625821b3f.jpg,2,0,0.015746612
625821b3f.jpg,3,1,0.81651264
625821b3f.jpg,4,0,0.01918062
625985f9f.jpg,1,0,0.32323557
625985f9f.jpg,2,0,0.1170531
625985f9f.jpg,3,0,0.42523518
625985f9f.jpg,4,0,0.0738209
6260f710b.jpg,1,0,0.08149145
6260f710b.jpg,2,0,0.020836154
6260f710b.jpg,3,1,0.83676463
6260f710b.jpg,4,0,0.08242481
626ae5ecb.jpg,1,0,0.08816999
626ae5ecb.jpg,2,0,0.011676137
626ae5ecb.jpg,3,0,0.47335246
626ae5ecb.jpg,4,0,0.5171624
627b75778.jpg,1,1,0.6093798
627b75778.jpg,2,0,0.01862648
627b75778.jpg,3,0,0.56778663
627b75778.jpg,4,0,0.01327047
628362e98.jpg,1,0,0.07488099
628362e98.jpg,2,0,0.06765796
628362e98.jpg,3,1,0.79996085
628362e98.jpg,4,0,0.011681579
6285d8d58.jpg,1,0,0.13251299
6285d8d58.jpg,2,0,0.00982936
6285d8d58.jpg,3,1,0.84764916
6285d8d58.jpg,4,0,0.0038846526
6288fa541.jpg,1,0,0.32035497
6288fa541.jpg,2,0,0.5203632
6288fa541.jpg,3,0,0.47809744
6288fa541.jpg,4,0,0.0030273006
629c72b55.jpg,1,0,0.053375572
629c72b55.jpg,2,0,0.012696162
629c72b55.jpg,3,0,0.39078453
629c72b55.jpg,4,1,0.6864324
62b6f5934.jpg,1,0,0.19847244
62b6f5934.jpg,2,0,0.33220232
62b6f5934.jpg,3,0,0.4831858
62b6f5934.jpg,4,0,0.045331154
62b8787a4.jpg,1,0,0.054330904
62b8787a4.jpg,2,0,0.017200666
62b8787a4.jpg,3,1,0.90688324
62b8787a4.jpg,4,0,0.0050808066
62be5fb44.jpg,1,1,0.6593562
62be5fb44.jpg,2,0,0.015284247
62be5fb44.jpg,3,0,0.32436684
62be5fb44.jpg,4,0,0.007917176
62c1f3d26.jpg,1,0,0.038242698
62c1f3d26.jpg,2,0,0.009534772
62c1f3d26.jpg,3,1,0.8914828
62c1f3d26.jpg,4,0,0.021164997
62c457660.jpg,1,1,0.73546696
62c457660.jpg,2,0,0.013293878
62c457660.jpg,3,0,0.23545818
62c457660.jpg,4,0,0.016200975
62c87691b.jpg,1,0,0.04123277
62c87691b.jpg,2,0,0.006773193
62c87691b.jpg,3,0,0.34892508
62c87691b.jpg,4,1,0.7883298
62cb38612.jpg,1,0,0.18390353
62cb38612.jpg,2,0,0.38370502
62cb38612.jpg,3,1,0.6228537
62cb38612.jpg,4,0,0.002573671
62dac11bd.jpg,1,0,0.46267036
62dac11bd.jpg,2,0,0.013357498
62dac11bd.jpg,3,0,0.5143708
62dac11bd.jpg,4,0,0.01696433
62f621a7b.jpg,1,0,0.23999804
62f621a7b.jpg,2,0,0.11890762
62f621a7b.jpg,3,1,0.69022083
62f621a7b.jpg,4,0,0.022489572
63061a1ca.jpg,1,0,0.07186169
63061a1ca.jpg,2,0,0.14333259
63061a1ca.jpg,3,1,0.6786485
63061a1ca.jpg,4,0,0.0093807
630bed641.jpg,1,0,0.043264005
630bed641.jpg,2,0,0.020157056
630bed641.jpg,3,1,0.86375666
630bed641.jpg,4,0,0.049002457
6314dd5da.jpg,1,0,0.12240889
6314dd5da.jpg,2,0,0.22038393
6314dd5da.jpg,3,1,0.65784794
6314dd5da.jpg,4,0,0.004518776
6316d0775.jpg,1,0,0.2757101
6316d0775.jpg,2,1,0.6486929
6316d0775.jpg,3,0,0.30499822
6316d0775.jpg,4,0,0.004591676
6329702c5.jpg,1,0,0.25885105
6329702c5.jpg,2,0,0.10185218
6329702c5.jpg,3,1,0.63946986
6329702c5.jpg,4,0,0.0089621395
632d55c7c.jpg,1,0,0.012512737
632d55c7c.jpg,2,0,0.001546848
632d55c7c.jpg,3,0,0.377995
632d55c7c.jpg,4,1,0.7145243
635c52e1b.jpg,1,0,0.26957592
635c52e1b.jpg,2,0,0.0064169248
635c52e1b.jpg,3,1,0.6807763
635c52e1b.jpg,4,0,0.0068345447
638c1ccaf.jpg,1,0,0.46420208
638c1ccaf.jpg,2,0,0.071104296
638c1ccaf.jpg,3,0,0.4702809
638c1ccaf.jpg,4,0,0.021396017
638cec26c.jpg,1,0,0.17133407
638cec26c.jpg,2,0,0.080247246
638cec26c.jpg,3,1,0.694999
638cec26c.jpg,4,0,0.032416966
639f1d658.jpg,1,1,0.6383354
639f1d658.jpg,2,0,0.3090773
639f1d658.jpg,3,0,0.15986048
639f1d658.jpg,4,0,0.0065650675
63a381f9c.jpg,1,0,0.039979998
63a381f9c.jpg,2,0,0.0053762216
63a381f9c.jpg,3,0,0.16138275
63a381f9c.jpg,4,0,0.03146871
63b4c5c2b.jpg,1,0,0.20144129
63b4c5c2b.jpg,2,0,0.028608112
63b4c5c2b.jpg,3,1,0.7801606
63b4c5c2b.jpg,4,0,0.023520352
63bf4132b.jpg,1,0,0.48691154
63bf4132b.jpg,2,0,0.4288657
63bf4132b.jpg,3,0,0.33483818
63bf4132b.jpg,4,0,0.0058859233
63c6321df.jpg,1,0,0.33461365
63c6321df.jpg,2,0,0.14785023
63c6321df.jpg,3,0,0.5255247
63c6321df.jpg,4,0,0.03280807
63d096591.jpg,1,0,0.23580985
63d096591.jpg,2,0,0.15384427
63d096591.jpg,3,0,0.5665827
63d096591.jpg,4,0,0.0055924226
63e619100.jpg,1,1,0.74886554
63e619100.jpg,2,0,0.012148202
63e619100.jpg,3,0,0.35783258
63e619100.jpg,4,0,0.030724287
63e8fd4d7.jpg,1,0,0.070348464
63e8fd4d7.jpg,2,0,0.0030787305
63e8fd4d7.jpg,3,0,0.422246
63e8fd4d7.jpg,4,0,0.5953901
63eccbd9a.jpg,1,1,0.74616855
63eccbd9a.jpg,2,0,0.0031855984
63eccbd9a.jpg,3,0,0.2685552
63eccbd9a.jpg,4,0,0.009612585
63f794e33.jpg,1,0,0.051464926
63f794e33.jpg,2,0,0.011411681
63f794e33.jpg,3,1,0.86512834
63f794e33.jpg,4,0,0.0141272
63f7b3a5f.jpg,1,0,0.09411973
63f7b3a5f.jpg,2,0,0.10218652
63f7b3a5f.jpg,3,1,0.62155145
63f7b3a5f.jpg,4,0,0.015016685
6401b4e8b.jpg,1,0,0.32718083
6401b4e8b.jpg,2,0,0.5785906
6401b4e8b.jpg,3,0,0.31470624
6401b4e8b.jpg,4,0,0.004991787
641175d57.jpg,1,0,0.06371001
641175d57.jpg,2,0,0.038889807
641175d57.jpg,3,1,0.85408646
641175d57.jpg,4,0,0.010638331
641d49f77.jpg,1,0,0.14229493
641d49f77.jpg,2,0,0.12793668
641d49f77.jpg,3,0,0.49624124
641d49f77.jpg,4,0,0.003956574
641d5aa44.jpg,1,0,0.08946372
641d5aa44.jpg,2,0,0.049940903
641d5aa44.jpg,3,1,0.75133395
641d5aa44.jpg,4,0,0.021598307
64273b706.jpg,1,0,0.22121267
64273b706.jpg,2,0,0.16046534
64273b706.jpg,3,0,0.53279555
64273b706.jpg,4,0,0.09598741
6437b230a.jpg,1,0,0.21401484
6437b230a.jpg,2,0,0.095166534
6437b230a.jpg,3,0,0.4844241
6437b230a.jpg,4,0,0.07111236
644178023.jpg,1,0,0.035701886
644178023.jpg,2,0,0.023359722
644178023.jpg,3,1,0.9015816
644178023.jpg,4,0,0.006815191
644707b9b.jpg,1,0,0.51683426
644707b9b.jpg,2,0,0.01906634
644707b9b.jpg,3,0,0.4469857
644707b9b.jpg,4,0,0.012707688
644a6db9a.jpg,1,1,0.7157448
644a6db9a.jpg,2,0,0.00837098
644a6db9a.jpg,3,0,0.18224154
644a6db9a.jpg,4,0,0.014042623
6463cc692.jpg,1,0,0.065171026
6463cc692.jpg,2,0,0.03749791
6463cc692.jpg,3,1,0.8745961
6463cc692.jpg,4,0,0.0040746178
646643cf3.jpg,1,0,0.022278413
646643cf3.jpg,2,0,0.002302302
646643cf3.jpg,3,1,0.93216324
646643cf3.jpg,4,0,0.009404006
6466d57b2.jpg,1,0,0.28236067
6466d57b2.jpg,2,0,0.50636715
6466d57b2.jpg,3,0,0.3215282
6466d57b2.jpg,4,0,0.005107716
646d52bd6.jpg,1,0,0.044971216
646d52bd6.jpg,2,0,0.03432005
646d52bd6.jpg,3,1,0.82666373
646d52bd6.jpg,4,0,0.010386373
64740e639.jpg,1,1,0.7742111
64740e639.jpg,2,0,0.016348077
64740e639.jpg,3,0,0.23626204
64740e639.jpg,4,0,0.0142289875
64754f077.jpg,1,0,0.069501646
64754f077.jpg,2,0,0.016374176
64754f077.jpg,3,1,0.7883876
64754f077.jpg,4,0,0.1524953
64a125236.jpg,1,0,0.059720904
64a125236.jpg,2,0,0.03854911
64a125236.jpg,3,1,0.87440246
64a125236.jpg,4,0,0.002421288
64a5153e0.jpg,1,0,0.10491892
64a5153e0.jpg,2,0,0.36066696
64a5153e0.jpg,3,1,0.6220531
64a5153e0.jpg,4,0,0.0031695415
64be1959f.jpg,1,0,0.085516475
64be1959f.jpg,2,0,0.016720703
64be1959f.jpg,3,1,0.6240112
64be1959f.jpg,4,0,0.42142758
64c0f4596.jpg,1,0,0.40973616
64c0f4596.jpg,2,0,0.22433335
64c0f4596.jpg,3,0,0.3700874
64c0f4596.jpg,4,0,0.035961147
64cae9fbb.jpg,1,0,0.17060548
64cae9fbb.jpg,2,0,0.19876844
64cae9fbb.jpg,3,1,0.64322764
64cae9fbb.jpg,4,0,0.00889597
64d1f29e0.jpg,1,0,0.08048684
64d1f29e0.jpg,2,0,0.37934706
64d1f29e0.jpg,3,0,0.59684044
64d1f29e0.jpg,4,0,0.0045621307
64dd56b9a.jpg,1,0,0.019835804
64dd56b9a.jpg,2,0,0.0027706567
64dd56b9a.jpg,3,1,0.9207852
64dd56b9a.jpg,4,0,0.0071443687
64e0c5535.jpg,1,0,0.45140705
64e0c5535.jpg,2,0,0.37771973
64e0c5535.jpg,3,0,0.402355
64e0c5535.jpg,4,0,0.0037272898
64e741b4d.jpg,1,0,0.015080166
64e741b4d.jpg,2,0,0.00308252
64e741b4d.jpg,3,1,0.63284916
64e741b4d.jpg,4,1,0.7635154
64fd0f766.jpg,1,0,0.04851075
64fd0f766.jpg,2,0,0.005064565
64fd0f766.jpg,3,1,0.9063582
64fd0f766.jpg,4,0,0.010493242
650dc1057.jpg,1,0,0.48109958
650dc1057.jpg,2,0,0.4237732
650dc1057.jpg,3,0,0.3618307
650dc1057.jpg,4,0,0.005628317
651ddac0b.jpg,1,0,0.3195136
651ddac0b.jpg,2,0,0.019418722
651ddac0b.jpg,3,1,0.660354
651ddac0b.jpg,4,0,0.0018615703
6537a9fac.jpg,1,0,0.17498375
6537a9fac.jpg,2,0,0.020253276
6537a9fac.jpg,3,1,0.6683536
6537a9fac.jpg,4,0,0.0132607175
6537c12e1.jpg,1,0,0.32873082
6537c12e1.jpg,2,0,0.014682799
6537c12e1.jpg,3,1,0.771198
6537c12e1.jpg,4,0,0.018386329
6548e970c.jpg,1,0,0.16536184
6548e970c.jpg,2,0,0.013325597
6548e970c.jpg,3,1,0.70892096
6548e970c.jpg,4,0,0.027230695
655f28956.jpg,1,0,0.13442218
655f28956.jpg,2,0,0.013056231
655f28956.jpg,3,1,0.65630585
655f28956.jpg,4,0,0.1802662
656b2014f.jpg,1,0,0.09292772
656b2014f.jpg,2,0,0.22312136
656b2014f.jpg,3,1,0.79455376
656b2014f.jpg,4,0,0.0027041612
656c235e7.jpg,1,0,0.307636
656c235e7.jpg,2,0,0.05140299
656c235e7.jpg,3,1,0.6415661
656c235e7.jpg,4,0,0.015670912
656fd8ac7.jpg,1,0,0.13760115
656fd8ac7.jpg,2,0,0.1894101
656fd8ac7.jpg,3,1,0.6942056
656fd8ac7.jpg,4,0,0.10157701
657bc3dab.jpg,1,0,0.061590716
657bc3dab.jpg,2,0,0.11639178
657bc3dab.jpg,3,1,0.84698015
657bc3dab.jpg,4,0,0.0011379225
6583c7755.jpg,1,0,0.09203023
6583c7755.jpg,2,0,0.24415882
6583c7755.jpg,3,1,0.76402694
6583c7755.jpg,4,0,0.0015788521
65847f83e.jpg,1,0,0.17644243
65847f83e.jpg,2,0,0.010359623
65847f83e.jpg,3,0,0.47362408
65847f83e.jpg,4,0,0.052132826
658cc2360.jpg,1,1,0.6247024
658cc2360.jpg,2,0,0.016455999
658cc2360.jpg,3,0,0.3613747
658cc2360.jpg,4,0,0.050014358
659351d6e.jpg,1,0,0.2159366
659351d6e.jpg,2,0,0.16693224
659351d6e.jpg,3,1,0.6486473
659351d6e.jpg,4,0,0.0038924746
65a28f93e.jpg,1,0,0.028633447
65a28f93e.jpg,2,0,0.004258136
65a28f93e.jpg,3,1,0.9113071
65a28f93e.jpg,4,0,0.0055493377
65aeb5c2d.jpg,1,0,0.05760443
65aeb5c2d.jpg,2,0,0.005821731
65aeb5c2d.jpg,3,1,0.6014739
65aeb5c2d.jpg,4,0,0.020402601
65bb87731.jpg,1,0,0.027873402
65bb87731.jpg,2,0,0.005203555
65bb87731.jpg,3,0,0.25175434
65bb87731.jpg,4,1,0.78537446
65de19b8e.jpg,1,1,0.6328782
65de19b8e.jpg,2,0,0.26887962
65de19b8e.jpg,3,0,0.33689868
65de19b8e.jpg,4,0,0.0044931993
65e0e85fc.jpg,1,0,0.025625164
65e0e85fc.jpg,2,0,0.039382238
65e0e85fc.jpg,3,1,0.7670422
65e0e85fc.jpg,4,0,0.16431333
663554e0a.jpg,1,0,0.040477145
663554e0a.jpg,2,0,0.0034874156
663554e0a.jpg,3,1,0.932926
663554e0a.jpg,4,0,0.010983991
663bc6085.jpg,1,0,0.051377494
663bc6085.jpg,2,0,0.03666921
663bc6085.jpg,3,1,0.88038206
663bc6085.jpg,4,0,0.0016861154
665585fa7.jpg,1,1,0.6858432
665585fa7.jpg,2,0,0.0073049143
665585fa7.jpg,3,0,0.32449865
665585fa7.jpg,4,0,0.04194681
66559fd84.jpg,1,0,0.090745516
66559fd84.jpg,2,0,0.010177204
66559fd84.jpg,3,1,0.77798253
66559fd84.jpg,4,0,0.068395495
665b0f161.jpg,1,0,0.054051865
665b0f161.jpg,2,0,0.025796026
665b0f161.jpg,3,1,0.8716838
665b0f161.jpg,4,0,0.005816977
666567e46.jpg,1,1,0.67655724
666567e46.jpg,2,0,0.25442368
666567e46.jpg,3,0,0.13933104
666567e46.jpg,4,0,0.01751102
666ca7516.jpg,1,0,0.4901025
666ca7516.jpg,2,0,0.011605069
666ca7516.jpg,3,0,0.29523155
666ca7516.jpg,4,0,0.039683547
668152c3d.jpg,1,0,0.02212738
668152c3d.jpg,2,0,0.003167459
668152c3d.jpg,3,0,0.52115256
668152c3d.jpg,4,1,0.65603954
6682439cc.jpg,1,0,0.02478262
6682439cc.jpg,2,0,0.004465847
6682439cc.jpg,3,1,0.9025919
6682439cc.jpg,4,0,0.05766673
6686b7448.jpg,1,0,0.40450653
6686b7448.jpg,2,0,0.4783
6686b7448.jpg,3,0,0.3658493
6686b7448.jpg,4,0,0.0042336793
668fed093.jpg,1,0,0.15409045
668fed093.jpg,2,0,0.008496989
668fed093.jpg,3,1,0.78757185
668fed093.jpg,4,0,0.009906892
66a2b6b8c.jpg,1,0,0.012750071
66a2b6b8c.jpg,2,0,0.0012442508
66a2b6b8c.jpg,3,1,0.84607786
66a2b6b8c.jpg,4,0,0.19461198
66c24365d.jpg,1,1,0.7497584
66c24365d.jpg,2,0,0.036604133
66c24365d.jpg,3,0,0.13627307
66c24365d.jpg,4,0,0.02928105
66d62df71.jpg,1,0,0.35811517
66d62df71.jpg,2,0,0.079872414
66d62df71.jpg,3,0,0.5041509
66d62df71.jpg,4,0,0.013342425
66e074eba.jpg,1,0,0.07417215
66e074eba.jpg,2,0,0.024818866
66e074eba.jpg,3,1,0.8777602
66e074eba.jpg,4,0,0.0024040984
66e24b327.jpg,1,0,0.28070202
66e24b327.jpg,2,0,0.109844595
66e24b327.jpg,3,1,0.6780122
66e24b327.jpg,4,0,0.01598355
66e6f9fdb.jpg,1,0,0.18361461
66e6f9fdb.jpg,2,0,0.003519952
66e6f9fdb.jpg,3,1,0.6768107
66e6f9fdb.jpg,4,0,0.057985753
66ec1cc9f.jpg,1,0,0.04036066
66ec1cc9f.jpg,2,0,0.0050724577
66ec1cc9f.jpg,3,1,0.894412
66ec1cc9f.jpg,4,0,0.011818676
66f228f13.jpg,1,0,0.49832407
66f228f13.jpg,2,0,0.010234798
66f228f13.jpg,3,0,0.45908853
66f228f13.jpg,4,0,0.008687337
6709ad4ae.jpg,1,0,0.55387354
6709ad4ae.jpg,2,0,0.008460521
6709ad4ae.jpg,3,1,0.6179495
6709ad4ae.jpg,4,0,0.010412898
670dda82e.jpg,1,0,0.43530992
670dda82e.jpg,2,0,0.4372257
670dda82e.jpg,3,0,0.1731652
670dda82e.jpg,4,0,0.008429001
670f306c5.jpg,1,0,0.019151209
670f306c5.jpg,2,0,0.0024160615
670f306c5.jpg,3,1,0.78924435
670f306c5.jpg,4,0,0.33465424
67276cbc3.jpg,1,0,0.035667315
67276cbc3.jpg,2,0,0.007973593
67276cbc3.jpg,3,1,0.9011161
67276cbc3.jpg,4,0,0.014809123
674544933.jpg,1,0,0.5054438
674544933.jpg,2,0,0.1350081
674544933.jpg,3,0,0.25672296
674544933.jpg,4,0,0.08589118
674d0865d.jpg,1,1,0.6648864
674d0865d.jpg,2,0,0.0060386066
674d0865d.jpg,3,0,0.5044073
674d0865d.jpg,4,0,0.009493712
674ecec48.jpg,1,0,0.25685477
674ecec48.jpg,2,0,0.020247942
674ecec48.jpg,3,1,0.633128
674ecec48.jpg,4,0,0.011299963
67529c1c7.jpg,1,0,0.04563913
67529c1c7.jpg,2,0,0.021822818
67529c1c7.jpg,3,1,0.8117997
67529c1c7.jpg,4,0,0.11441675
675747a8e.jpg,1,0,0.011188003
675747a8e.jpg,2,0,0.0026980543
675747a8e.jpg,3,1,0.6903396
675747a8e.jpg,4,1,0.6701296
676518b85.jpg,1,0,0.1303848
676518b85.jpg,2,0,0.008421525
676518b85.jpg,3,0,0.5314193
676518b85.jpg,4,0,0.39990357
676744197.jpg,1,0,0.5806927
676744197.jpg,2,0,0.04570277
676744197.jpg,3,0,0.36275694
676744197.jpg,4,0,0.024232028
676e41fea.jpg,1,0,0.044738095
676e41fea.jpg,2,0,0.009345046
676e41fea.jpg,3,1,0.8402765
676e41fea.jpg,4,0,0.021211542
6777f88a3.jpg,1,1,0.7641213
6777f88a3.jpg,2,0,0.015343628
6777f88a3.jpg,3,0,0.19385122
6777f88a3.jpg,4,0,0.029983124
6785b89b5.jpg,1,0,0.025723772
6785b89b5.jpg,2,0,0.004219786
6785b89b5.jpg,3,1,0.92491287
6785b89b5.jpg,4,0,0.0041828756
678b2f283.jpg,1,0,0.06070545
678b2f283.jpg,2,0,0.028284296
678b2f283.jpg,3,1,0.89560056
678b2f283.jpg,4,0,0.0021574795
679c7d8df.jpg,1,0,0.43913698
679c7d8df.jpg,2,0,0.48273572
679c7d8df.jpg,3,0,0.32463667
679c7d8df.jpg,4,0,0.005827771
679e092e6.jpg,1,0,0.0520251
679e092e6.jpg,2,0,0.031618983
679e092e6.jpg,3,1,0.8427364
679e092e6.jpg,4,0,0.033244874
67a345551.jpg,1,0,0.118293345
67a345551.jpg,2,0,0.033143554
67a345551.jpg,3,1,0.8279554
67a345551.jpg,4,0,0.006037993
67a48df5f.jpg,1,1,0.7856727
67a48df5f.jpg,2,0,0.010669363
67a48df5f.jpg,3,0,0.17187534
67a48df5f.jpg,4,0,0.030999392
67e4f56ea.jpg,1,1,0.7504087
67e4f56ea.jpg,2,0,0.004987678
67e4f56ea.jpg,3,0,0.16888005
67e4f56ea.jpg,4,0,0.015647924
67f3733e1.jpg,1,0,0.021306189
67f3733e1.jpg,2,0,0.0015284643
67f3733e1.jpg,3,1,0.94635874
67f3733e1.jpg,4,0,0.0020878373
67f4768b7.jpg,1,0,0.04443716
67f4768b7.jpg,2,0,0.01720975
67f4768b7.jpg,3,1,0.89641714
67f4768b7.jpg,4,0,0.006699762
67f8b0f1b.jpg,1,0,0.12718384
67f8b0f1b.jpg,2,0,0.006327579
67f8b0f1b.jpg,3,0,0.51043546
67f8b0f1b.jpg,4,0,0.035164196
67fa9b372.jpg,1,0,0.33913457
67fa9b372.jpg,2,0,0.19399405
67fa9b372.jpg,3,0,0.45352995
67fa9b372.jpg,4,0,0.0075224135
67fd6ce4d.jpg,1,0,0.19810033
67fd6ce4d.jpg,2,0,0.01327061
67fd6ce4d.jpg,3,1,0.7801333
67fd6ce4d.jpg,4,0,0.011040746
681775be8.jpg,1,0,0.057319682
681775be8.jpg,2,0,0.036557637
681775be8.jpg,3,1,0.8827173
681775be8.jpg,4,0,0.0020591363
681d2c161.jpg,1,0,0.29071733
681d2c161.jpg,2,0,0.33402982
681d2c161.jpg,3,0,0.5750086
681d2c161.jpg,4,0,0.003390627
68281b5f0.jpg,1,0,0.053058922
68281b5f0.jpg,2,0,0.005825713
68281b5f0.jpg,3,1,0.6672242
68281b5f0.jpg,4,0,0.15044491
684aabcc3.jpg,1,1,0.6836323
684aabcc3.jpg,2,0,0.027481437
684aabcc3.jpg,3,0,0.3244405
684aabcc3.jpg,4,0,0.014761362
68510d353.jpg,1,0,0.13645875
68510d353.jpg,2,0,0.012176652
68510d353.jpg,3,1,0.8056102
68510d353.jpg,4,0,0.10011668
68574541a.jpg,1,0,0.40080056
68574541a.jpg,2,0,0.24451472
68574541a.jpg,3,0,0.5439095
68574541a.jpg,4,0,0.0076460037
686ac1474.jpg,1,1,0.6613392
686ac1474.jpg,2,0,0.03962517
686ac1474.jpg,3,0,0.19697814
686ac1474.jpg,4,0,0.0062993295
687c0d177.jpg,1,0,0.015937394
687c0d177.jpg,2,0,0.0052796486
687c0d177.jpg,3,1,0.92806786
687c0d177.jpg,4,0,0.01826728
687fb3fb1.jpg,1,0,0.3455234
687fb3fb1.jpg,2,0,0.0027432747
687fb3fb1.jpg,3,1,0.6903248
687fb3fb1.jpg,4,0,0.108416684
68970691d.jpg,1,0,0.39438376
68970691d.jpg,2,0,0.019894063
68970691d.jpg,3,0,0.5190524
68970691d.jpg,4,0,0.0072703157
68a86566f.jpg,1,0,0.27484074
68a86566f.jpg,2,0,0.114541054
68a86566f.jpg,3,0,0.50393814
68a86566f.jpg,4,0,0.111813605
68a8b4ff8.jpg,1,0,0.097447544
68a8b4ff8.jpg,2,0,0.02565181
68a8b4ff8.jpg,3,1,0.7963975
68a8b4ff8.jpg,4,0,0.00460733
68afa072c.jpg,1,0,0.14062874
68afa072c.jpg,2,0,0.008218234
68afa072c.jpg,3,1,0.8779276
68afa072c.jpg,4,0,0.007951583
68ba10868.jpg,1,1,0.61092615
68ba10868.jpg,2,0,0.0089094965
68ba10868.jpg,3,0,0.5771012
68ba10868.jpg,4,0,0.034087997
68ba3ef8c.jpg,1,0,0.088994145
68ba3ef8c.jpg,2,0,0.004075561
68ba3ef8c.jpg,3,0,0.3741792
68ba3ef8c.jpg,4,0,0.033317678
68c89e9c2.jpg,1,0,0.08842457
68c89e9c2.jpg,2,0,0.5377439
68c89e9c2.jpg,3,0,0.40970883
68c89e9c2.jpg,4,0,0.022477323
68cc58d65.jpg,1,0,0.31047004
68cc58d65.jpg,2,0,0.015243627
68cc58d65.jpg,3,1,0.6013126
68cc58d65.jpg,4,0,0.040621657
68d1c6f63.jpg,1,0,0.017812073
68d1c6f63.jpg,2,0,0.0026791692
68d1c6f63.jpg,3,0,0.37585554
68d1c6f63.jpg,4,1,0.77775574
68d7d7a6d.jpg,1,0,0.39960787
68d7d7a6d.jpg,2,0,0.54005444
68d7d7a6d.jpg,3,0,0.2974317
68d7d7a6d.jpg,4,0,0.0038510857
68dae80a2.jpg,1,0,0.012673132
68dae80a2.jpg,2,0,0.002048024
68dae80a2.jpg,3,1,0.91381127
68dae80a2.jpg,4,0,0.020737207
68ebba40c.jpg,1,0,0.5005141
68ebba40c.jpg,2,0,0.27002487
68ebba40c.jpg,3,0,0.30040595
68ebba40c.jpg,4,0,0.007740421
68f152bb2.jpg,1,0,0.07859839
68f152bb2.jpg,2,0,0.055915046
68f152bb2.jpg,3,1,0.85642546
68f152bb2.jpg,4,0,0.0023257763
690fbb138.jpg,1,0,0.06553554
690fbb138.jpg,2,0,0.034083147
690fbb138.jpg,3,1,0.88638777
690fbb138.jpg,4,0,0.003837267
691a64f10.jpg,1,1,0.77343386
691a64f10.jpg,2,0,0.010502447
691a64f10.jpg,3,0,0.1601756
691a64f10.jpg,4,0,0.018209575
691c0cb65.jpg,1,0,0.041471552
691c0cb65.jpg,2,0,0.027142664
691c0cb65.jpg,3,1,0.89542836
691c0cb65.jpg,4,0,0.0015638093
694f1ac9f.jpg,1,0,0.03974274
694f1ac9f.jpg,2,0,0.0062375083
694f1ac9f.jpg,3,1,0.7170946
694f1ac9f.jpg,4,0,0.015711803
695fe876d.jpg,1,0,0.04716066
695fe876d.jpg,2,0,0.0034322
695fe876d.jpg,3,1,0.9082481
695fe876d.jpg,4,0,0.010897831
6961c8b27.jpg,1,0,0.06203075
6961c8b27.jpg,2,0,0.02438557
6961c8b27.jpg,3,0,0.34113154
6961c8b27.jpg,4,0,0.53550845
6974b3175.jpg,1,0,0.17461742
6974b3175.jpg,2,0,0.031882014
6974b3175.jpg,3,1,0.7130576
6974b3175.jpg,4,0,0.04821154
69813a9e5.jpg,1,0,0.42726326
69813a9e5.jpg,2,0,0.013759323
69813a9e5.jpg,3,0,0.4082612
69813a9e5.jpg,4,0,0.04322267
698d16bfb.jpg,1,0,0.07377647
698d16bfb.jpg,2,0,0.009785104
698d16bfb.jpg,3,1,0.8447807
698d16bfb.jpg,4,0,0.00974936
699159df8.jpg,1,1,0.71033835
699159df8.jpg,2,0,0.015191016
699159df8.jpg,3,0,0.22212084
699159df8.jpg,4,0,0.046108562
69abec4f0.jpg,1,0,0.43645284
69abec4f0.jpg,2,0,0.005573535
69abec4f0.jpg,3,1,0.74739265
69abec4f0.jpg,4,0,0.024342688
69b313a77.jpg,1,0,0.036246005
69b313a77.jpg,2,0,0.004019868
69b313a77.jpg,3,0,0.5337262
69b313a77.jpg,4,0,0.0203501
69b5d605e.jpg,1,0,0.018166048
69b5d605e.jpg,2,0,0.002446326
69b5d605e.jpg,3,1,0.9299696
69b5d605e.jpg,4,0,0.013084416
69b6bf4d8.jpg,1,0,0.076208
69b6bf4d8.jpg,2,0,0.00900017
69b6bf4d8.jpg,3,1,0.73134685
69b6bf4d8.jpg,4,0,0.14390777
69bc8326c.jpg,1,0,0.17742383
69bc8326c.jpg,2,0,0.020866381
69bc8326c.jpg,3,1,0.8272183
69bc8326c.jpg,4,0,0.015037328
69beeec9a.jpg,1,0,0.38887691
69beeec9a.jpg,2,0,0.21537901
69beeec9a.jpg,3,0,0.5691949
69beeec9a.jpg,4,0,0.006692083
69c75598b.jpg,1,0,0.22562633
69c75598b.jpg,2,0,0.040696546
69c75598b.jpg,3,1,0.7184065
69c75598b.jpg,4,0,0.015567678
69d2fe769.jpg,1,0,0.026201801
69d2fe769.jpg,2,0,0.0016794106
69d2fe769.jpg,3,1,0.9310432
69d2fe769.jpg,4,0,0.0063397684
69d691e69.jpg,1,0,0.46115866
69d691e69.jpg,2,0,0.004183984
69d691e69.jpg,3,0,0.5180803
69d691e69.jpg,4,0,0.012086841
69d9e3b5b.jpg,1,0,0.034738347
69d9e3b5b.jpg,2,0,0.029055389
69d9e3b5b.jpg,3,1,0.8871784
69d9e3b5b.jpg,4,0,0.0030899534
69f4515de.jpg,1,0,0.20633328
69f4515de.jpg,2,0,0.02172023
69f4515de.jpg,3,0,0.3067616
69f4515de.jpg,4,0,0.48600432
69f7a50a4.jpg,1,0,0.111164324
69f7a50a4.jpg,2,1,0.7208307
69f7a50a4.jpg,3,0,0.2256996
69f7a50a4.jpg,4,0,0.028169036
69fa9cb00.jpg,1,0,0.00611133
69fa9cb00.jpg,2,0,0.00080966874
69fa9cb00.jpg,3,1,0.9193823
69fa9cb00.jpg,4,0,0.031260297
6a0229e31.jpg,1,0,0.28820583
6a0229e31.jpg,2,0,0.5238151
6a0229e31.jpg,3,0,0.45575356
6a0229e31.jpg,4,0,0.0035932667
6a054faac.jpg,1,0,0.04119019
6a054faac.jpg,2,0,0.0107230665
6a054faac.jpg,3,1,0.881005
6a054faac.jpg,4,0,0.008083581
6a080891e.jpg,1,0,0.03945322
6a080891e.jpg,2,0,0.021119663
6a080891e.jpg,3,1,0.9002122
6a080891e.jpg,4,0,0.003250462
6a1b98627.jpg,1,0,0.12927172
6a1b98627.jpg,2,0,0.3116605
6a1b98627.jpg,3,0,0.49136594
6a1b98627.jpg,4,0,0.0023450274
6a1ffbe59.jpg,1,0,0.44995543
6a1ffbe59.jpg,2,0,0.25967088
6a1ffbe59.jpg,3,0,0.49669763
6a1ffbe59.jpg,4,0,0.014124412
6a2c1fa3d.jpg,1,0,0.044484463
6a2c1fa3d.jpg,2,0,0.023873275
6a2c1fa3d.jpg,3,1,0.8726234
6a2c1fa3d.jpg,4,0,0.0037119214
6a2f44a67.jpg,1,0,0.038976382
6a2f44a67.jpg,2,0,0.018395873
6a2f44a67.jpg,3,1,0.8911298
6a2f44a67.jpg,4,0,0.003918635
6a38180d6.jpg,1,0,0.04965553
6a38180d6.jpg,2,0,0.0068024513
6a38180d6.jpg,3,1,0.85058117
6a38180d6.jpg,4,0,0.07376065
6a41e9c80.jpg,1,0,0.117069334
6a41e9c80.jpg,2,0,0.13950363
6a41e9c80.jpg,3,1,0.66318816
6a41e9c80.jpg,4,0,0.013709807
6a45da8e9.jpg,1,0,0.1735931
6a45da8e9.jpg,2,0,0.2532622
6a45da8e9.jpg,3,1,0.6304142
6a45da8e9.jpg,4,0,0.0054749553
6a59795d3.jpg,1,0,0.12773386
6a59795d3.jpg,2,0,0.016279576
6a59795d3.jpg,3,1,0.8521917
6a59795d3.jpg,4,0,0.0036703728
6a73abf2d.jpg,1,0,0.063215576
6a73abf2d.jpg,2,0,0.010534515
6a73abf2d.jpg,3,1,0.6070716
6a73abf2d.jpg,4,0,0.35553208
6a746d53b.jpg,1,0,0.29734084
6a746d53b.jpg,2,0,0.50359625
6a746d53b.jpg,3,0,0.2656475
6a746d53b.jpg,4,0,0.015815787
6a75462f9.jpg,1,0,0.048855234
6a75462f9.jpg,2,0,0.03533784
6a75462f9.jpg,3,1,0.86298394
6a75462f9.jpg,4,0,0.0026243487
6a7ef312c.jpg,1,0,0.04248357
6a7ef312c.jpg,2,0,0.028348997
6a7ef312c.jpg,3,1,0.8889816
6a7ef312c.jpg,4,0,0.0024051606
6a98ce140.jpg,1,1,0.6190136
6a98ce140.jpg,2,0,0.0061720163
6a98ce140.jpg,3,0,0.4141117
6a98ce140.jpg,4,0,0.0077751223
6a9924fe8.jpg,1,0,0.084157646
6a9924fe8.jpg,2,0,0.17348053
6a9924fe8.jpg,3,1,0.72473437
6a9924fe8.jpg,4,0,0.0016588873
6ab065fba.jpg,1,0,0.046254594
6ab065fba.jpg,2,0,0.022280907
6ab065fba.jpg,3,1,0.89826876
6ab065fba.jpg,4,0,0.0011771349
6ac40e321.jpg,1,0,0.16783458
6ac40e321.jpg,2,0,0.07789988
6ac40e321.jpg,3,1,0.6605392
6ac40e321.jpg,4,0,0.027573163
6ad0e93f3.jpg,1,0,0.26128384
6ad0e93f3.jpg,2,0,0.027829701
6ad0e93f3.jpg,3,1,0.7697546
6ad0e93f3.jpg,4,0,0.0039872644
6ad0fc82b.jpg,1,0,0.053791266
6ad0fc82b.jpg,2,0,0.0054563712
6ad0fc82b.jpg,3,1,0.8688233
6ad0fc82b.jpg,4,0,0.008998478
6ad67784c.jpg,1,0,0.046355385
6ad67784c.jpg,2,0,0.025238842
6ad67784c.jpg,3,1,0.88031024
6ad67784c.jpg,4,0,0.0045697023
6af0ca454.jpg,1,0,0.037458103
6af0ca454.jpg,2,0,0.0046566143
6af0ca454.jpg,3,1,0.92536116
6af0ca454.jpg,4,0,0.014253317
6af6c4335.jpg,1,0,0.019955015
6af6c4335.jpg,2,0,0.0062016523
6af6c4335.jpg,3,1,0.8813955
6af6c4335.jpg,4,0,0.0044062543
6af785236.jpg,1,0,0.36686942
6af785236.jpg,2,0,0.55885464
6af785236.jpg,3,0,0.30963886
6af785236.jpg,4,0,0.004619015
6b028ed80.jpg,1,0,0.16971074
6b028ed80.jpg,2,0,0.4468354
6b028ed80.jpg,3,0,0.4028674
6b028ed80.jpg,4,0,0.013041164
6b2e438f1.jpg,1,0,0.031214984
6b2e438f1.jpg,2,0,0.012073138
6b2e438f1.jpg,3,0,0.22714733
6b2e438f1.jpg,4,0,0.5877194
6b3f45fc4.jpg,1,0,0.19835444
6b3f45fc4.jpg,2,0,0.13969555
6b3f45fc4.jpg,3,1,0.7400718
6b3f45fc4.jpg,4,0,0.0047968444
6b414548c.jpg,1,1,0.776037
6b414548c.jpg,2,0,0.045616273
6b414548c.jpg,3,0,0.14533643
6b414548c.jpg,4,0,0.0058290386
6b534290d.jpg,1,0,0.3518332
6b534290d.jpg,2,0,0.34364113
6b534290d.jpg,3,0,0.4861405
6b534290d.jpg,4,0,0.0045831404
6b5b020e7.jpg,1,0,0.027884414
6b5b020e7.jpg,2,0,0.029652668
6b5b020e7.jpg,3,1,0.85981697
6b5b020e7.jpg,4,0,0.056461558
6b5c466a8.jpg,1,0,0.2134851
6b5c466a8.jpg,2,0,0.017227255
6b5c466a8.jpg,3,0,0.335713
6b5c466a8.jpg,4,1,0.60460955
6b7864ff3.jpg,1,0,0.062184215
6b7864ff3.jpg,2,0,0.00997223
6b7864ff3.jpg,3,1,0.83033544
6b7864ff3.jpg,4,0,0.0732167
6b7dc5166.jpg,1,0,0.2185689
6b7dc5166.jpg,2,0,0.07444745
6b7dc5166.jpg,3,0,0.29784715
6b7dc5166.jpg,4,0,0.30656195
6b8090f1d.jpg,1,0,0.11438849
6b8090f1d.jpg,2,0,0.050916255
6b8090f1d.jpg,3,1,0.6509749
6b8090f1d.jpg,4,0,0.19109762
6b8b34d8a.jpg,1,0,0.3324482
6b8b34d8a.jpg,2,0,0.10236325
6b8b34d8a.jpg,3,0,0.5240415
6b8b34d8a.jpg,4,0,0.035001382
6b92af39f.jpg,1,0,0.30175868
6b92af39f.jpg,2,0,0.012579351
6b92af39f.jpg,3,1,0.619988
6b92af39f.jpg,4,0,0.095537044
6b984a374.jpg,1,0,0.02118521
6b984a374.jpg,2,0,0.00633305
6b984a374.jpg,3,0,0.43213287
6b984a374.jpg,4,1,0.77454025
6b9d0b108.jpg,1,0,0.07112863
6b9d0b108.jpg,2,0,0.030447923
6b9d0b108.jpg,3,1,0.87313914
6b9d0b108.jpg,4,0,0.002906049
6bda73259.jpg,1,0,0.58912665
6bda73259.jpg,2,0,0.002273092
6bda73259.jpg,3,0,0.5941388
6bda73259.jpg,4,0,0.016707951
6bf294f5d.jpg,1,0,0.017744923
6bf294f5d.jpg,2,0,0.0035475877
6bf294f5d.jpg,3,0,0.36692402
6bf294f5d.jpg,4,1,0.8681617
6bf4c86f1.jpg,1,0,0.24522115
6bf4c86f1.jpg,2,0,0.03607902
6bf4c86f1.jpg,3,1,0.75767356
6bf4c86f1.jpg,4,0,0.020350864
6c0a9fe46.jpg,1,0,0.36733115
6c0a9fe46.jpg,2,0,0.09535425
6c0a9fe46.jpg,3,1,0.65251756
6c0a9fe46.jpg,4,0,0.008305063
6c1621d11.jpg,1,0,0.31210133
6c1621d11.jpg,2,0,0.031188643
6c1621d11.jpg,3,0,0.5139548
6c1621d11.jpg,4,0,0.0050359317
6c1f9471a.jpg,1,0,0.32003653
6c1f9471a.jpg,2,0,0.015013187
6c1f9471a.jpg,3,1,0.62850636
6c1f9471a.jpg,4,0,0.037326556
6c26471b8.jpg,1,0,0.17404531
6c26471b8.jpg,2,1,0.69348794
6c26471b8.jpg,3,0,0.22185855
6c26471b8.jpg,4,0,0.0036435437
6c3361f5a.jpg,1,0,0.039895628
6c3361f5a.jpg,2,0,0.13878396
6c3361f5a.jpg,3,1,0.81826735
6c3361f5a.jpg,4,0,0.0040152124
6c45a7db6.jpg,1,0,0.027373562
6c45a7db6.jpg,2,0,0.015580664
6c45a7db6.jpg,3,1,0.8992972
6c45a7db6.jpg,4,0,0.0064814375
6c4b43ee0.jpg,1,0,0.051069546
6c4b43ee0.jpg,2,0,0.032024443
6c4b43ee0.jpg,3,1,0.8813782
6c4b43ee0.jpg,4,0,0.0022849368
6c5f141fc.jpg,1,0,0.1797251
6c5f141fc.jpg,2,0,0.006268717
6c5f141fc.jpg,3,1,0.7283091
6c5f141fc.jpg,4,0,0.020077577
6c6978dec.jpg,1,0,0.11278657
6c6978dec.jpg,2,0,0.0066186157
6c6978dec.jpg,3,1,0.780749
6c6978dec.jpg,4,0,0.008535179
6c76d2dce.jpg,1,0,0.015863393
6c76d2dce.jpg,2,0,0.0014867536
6c76d2dce.jpg,3,1,0.874515
6c76d2dce.jpg,4,0,0.12140429
6c831f4d2.jpg,1,0,0.09962276
6c831f4d2.jpg,2,0,0.014925052
6c831f4d2.jpg,3,1,0.8237385
6c831f4d2.jpg,4,0,0.051463027
6c92395fc.jpg,1,0,0.035019297
6c92395fc.jpg,2,0,0.01828591
6c92395fc.jpg,3,1,0.8819125
6c92395fc.jpg,4,0,0.002935935
6c972aef5.jpg,1,0,0.07740267
6c972aef5.jpg,2,0,0.024182491
6c972aef5.jpg,3,1,0.7855246
6c972aef5.jpg,4,0,0.05433242
6c9db53a5.jpg,1,0,0.05421105
6c9db53a5.jpg,2,0,0.029334875
6c9db53a5.jpg,3,1,0.8776786
6c9db53a5.jpg,4,0,0.008419953
6cb33adca.jpg,1,0,0.58936447
6cb33adca.jpg,2,0,0.48020053
6cb33adca.jpg,3,0,0.23841251
6cb33adca.jpg,4,0,0.004538387
6cb73e5f5.jpg,1,0,0.04526773
6cb73e5f5.jpg,2,0,0.015210267
6cb73e5f5.jpg,3,1,0.9021461
6cb73e5f5.jpg,4,0,0.022621727
6cc1407fb.jpg,1,0,0.29810652
6cc1407fb.jpg,2,0,0.350974
6cc1407fb.jpg,3,0,0.42991152
6cc1407fb.jpg,4,0,0.046931937
6cc6f6248.jpg,1,1,0.72217244
6cc6f6248.jpg,2,0,0.004885117
6cc6f6248.jpg,3,0,0.33575925
6cc6f6248.jpg,4,0,0.008123203
6cd1b07ca.jpg,1,0,0.05909033
6cd1b07ca.jpg,2,0,0.041890692
6cd1b07ca.jpg,3,1,0.8758052
6cd1b07ca.jpg,4,0,0.002014114
6cd244b35.jpg,1,1,0.7997492
6cd244b35.jpg,2,0,0.012301635
6cd244b35.jpg,3,0,0.13778323
6cd244b35.jpg,4,0,0.012863196
6ce149f0d.jpg,1,0,0.3458167
6ce149f0d.jpg,2,0,0.16766174
6ce149f0d.jpg,3,1,0.6492805
6ce149f0d.jpg,4,0,0.0072847065
6ce80f81d.jpg,1,0,0.30347767
6ce80f81d.jpg,2,0,0.56300026
6ce80f81d.jpg,3,0,0.33129427
6ce80f81d.jpg,4,0,0.0038457513
6ce9c205b.jpg,1,0,0.03619715
6ce9c205b.jpg,2,0,0.002280807
6ce9c205b.jpg,3,1,0.8406156
6ce9c205b.jpg,4,0,0.38415554
6cee97ec8.jpg,1,0,0.17913748
6cee97ec8.jpg,2,0,0.009708761
6cee97ec8.jpg,3,1,0.807295
6cee97ec8.jpg,4,0,0.008816027
6cf74c1d9.jpg,1,0,0.04664829
6cf74c1d9.jpg,2,0,0.03174385
6cf74c1d9.jpg,3,1,0.8666037
6cf74c1d9.jpg,4,0,0.0039619
6d0102129.jpg,1,1,0.6110496
6d0102129.jpg,2,0,0.31534687
6d0102129.jpg,3,0,0.33164862
6d0102129.jpg,4,0,0.0063715805
6d0bcc474.jpg,1,0,0.3926222
6d0bcc474.jpg,2,0,0.017577535
6d0bcc474.jpg,3,1,0.60705733
6d0bcc474.jpg,4,0,0.007182348
6d0bd0a2d.jpg,1,0,0.24343066
6d0bd0a2d.jpg,2,0,0.11650001
6d0bd0a2d.jpg,3,0,0.534591
6d0bd0a2d.jpg,4,0,0.030731345
6d1b0740c.jpg,1,0,0.07476658
6d1b0740c.jpg,2,0,0.029816346
6d1b0740c.jpg,3,1,0.8836393
6d1b0740c.jpg,4,0,0.0021190352
6d1c2d227.jpg,1,1,0.6954321
6d1c2d227.jpg,2,0,0.007823028
6d1c2d227.jpg,3,0,0.22240375
6d1c2d227.jpg,4,0,0.06670558
6d23a589f.jpg,1,0,0.42049024
6d23a589f.jpg,2,0,0.088284306
6d23a589f.jpg,3,0,0.38457885
6d23a589f.jpg,4,0,0.04541023
6d29df253.jpg,1,0,0.23189068
6d29df253.jpg,2,0,0.08525286
6d29df253.jpg,3,0,0.48749742
6d29df253.jpg,4,0,0.20193009
6d2a4005f.jpg,1,0,0.026545295
6d2a4005f.jpg,2,0,0.009401355
6d2a4005f.jpg,3,0,0.378278
6d2a4005f.jpg,4,1,0.79281074
6d34dd2f9.jpg,1,0,0.5132405
6d34dd2f9.jpg,2,0,0.017915627
6d34dd2f9.jpg,3,0,0.35228673
6d34dd2f9.jpg,4,0,0.009798408
6d422b814.jpg,1,1,0.61761504
6d422b814.jpg,2,0,0.35610297
6d422b814.jpg,3,0,0.13535894
6d422b814.jpg,4,0,0.017278925
6d422d496.jpg,1,0,0.030610273
6d422d496.jpg,2,0,0.0028612483
6d422d496.jpg,3,1,0.9042935
6d422d496.jpg,4,0,0.020573644
6d478efdb.jpg,1,1,0.7975859
6d478efdb.jpg,2,0,0.013050544
6d478efdb.jpg,3,0,0.20059443
6d478efdb.jpg,4,0,0.031904843
6d56c7d91.jpg,1,0,0.016113728
6d56c7d91.jpg,2,0,0.004244742
6d56c7d91.jpg,3,0,0.4067254
6d56c7d91.jpg,4,1,0.88120455
6d5731630.jpg,1,0,0.06258997
6d5731630.jpg,2,0,0.033760082
6d5731630.jpg,3,1,0.8734371
6d5731630.jpg,4,0,0.0026961488
6d6cec1a3.jpg,1,0,0.5183633
6d6cec1a3.jpg,2,0,0.006109603
6d6cec1a3.jpg,3,1,0.6730792
6d6cec1a3.jpg,4,0,0.0070808027
6d6d37196.jpg,1,0,0.31980315
6d6d37196.jpg,2,0,0.008755383
6d6d37196.jpg,3,0,0.5383196
6d6d37196.jpg,4,0,0.02998229
6d841409e.jpg,1,0,0.023383373
6d841409e.jpg,2,0,0.009620787
6d841409e.jpg,3,1,0.9197754
6d841409e.jpg,4,0,0.005140264
6d876bc2f.jpg,1,0,0.23122744
6d876bc2f.jpg,2,0,0.50009924
6d876bc2f.jpg,3,0,0.5041823
6d876bc2f.jpg,4,0,0.003915076
6d8982b51.jpg,1,0,0.043988507
6d8982b51.jpg,2,0,0.0047333553
6d8982b51.jpg,3,1,0.91571516
6d8982b51.jpg,4,0,0.007612956
6da9d0fa7.jpg,1,1,0.77128893
6da9d0fa7.jpg,2,0,0.0127141485
6da9d0fa7.jpg,3,0,0.16234587
6da9d0fa7.jpg,4,0,0.023866804
6dadde3b9.jpg,1,0,0.3373226
6dadde3b9.jpg,2,0,0.501592
6dadde3b9.jpg,3,0,0.49873376
6dadde3b9.jpg,4,0,0.005196161
6db35f6e2.jpg,1,0,0.050612956
6db35f6e2.jpg,2,0,0.008112839
6db35f6e2.jpg,3,1,0.7399869
6db35f6e2.jpg,4,0,0.1245426
6dc0f0256.jpg,1,0,0.020574355
6dc0f0256.jpg,2,0,0.006414963
6dc0f0256.jpg,3,1,0.89725333
6dc0f0256.jpg,4,0,0.017926648
6de551652.jpg,1,0,0.10614526
6de551652.jpg,2,0,0.031368665
6de551652.jpg,3,1,0.63647646
6de551652.jpg,4,0,0.107017525
6dee56da7.jpg,1,0,0.5728081
6dee56da7.jpg,2,0,0.077005364
6dee56da7.jpg,3,0,0.36258432
6dee56da7.jpg,4,0,0.0064966884
6e0a0050c.jpg,1,0,0.023711024
6e0a0050c.jpg,2,0,0.0011950877
6e0a0050c.jpg,3,0,0.38202992
6e0a0050c.jpg,4,1,0.82282275
6e116ffa8.jpg,1,0,0.044189047
6e116ffa8.jpg,2,0,0.0031225197
6e116ffa8.jpg,3,1,0.78523105
6e116ffa8.jpg,4,0,0.020533605
6e1715d95.jpg,1,0,0.07066656
6e1715d95.jpg,2,0,0.039453153
6e1715d95.jpg,3,1,0.86542445
6e1715d95.jpg,4,0,0.0020102712
6e1ef7bef.jpg,1,0,0.034995902
6e1ef7bef.jpg,2,0,0.034471996
6e1ef7bef.jpg,3,1,0.6990516
6e1ef7bef.jpg,4,0,0.1681884
6e266a1eb.jpg,1,0,0.01685587
6e266a1eb.jpg,2,0,0.0035995475
6e266a1eb.jpg,3,0,0.3543956
6e266a1eb.jpg,4,1,0.7749501
6e27b1c64.jpg,1,0,0.08956096
6e27b1c64.jpg,2,0,0.025372917
6e27b1c64.jpg,3,1,0.8789754
6e27b1c64.jpg,4,0,0.0030078955
6e32f7e61.jpg,1,0,0.43588457
6e32f7e61.jpg,2,0,0.027843283
6e32f7e61.jpg,3,0,0.51154566
6e32f7e61.jpg,4,0,0.12683891
6e33e7465.jpg,1,0,0.09927256
6e33e7465.jpg,2,0,0.027265958
6e33e7465.jpg,3,1,0.89251465
6e33e7465.jpg,4,0,0.0013170206
6e37d9f25.jpg,1,0,0.5373214
6e37d9f25.jpg,2,0,0.036360737
6e37d9f25.jpg,3,0,0.34992078
6e37d9f25.jpg,4,0,0.044655025
6e4b3b319.jpg,1,0,0.039316736
6e4b3b319.jpg,2,0,0.0046920343
6e4b3b319.jpg,3,0,0.43027428
6e4b3b319.jpg,4,0,0.017149324
6e527c578.jpg,1,1,0.77262306
6e527c578.jpg,2,0,0.0072965105
6e527c578.jpg,3,0,0.282743
6e527c578.jpg,4,0,0.019736303
6e6130d3b.jpg,1,0,0.5719227
6e6130d3b.jpg,2,0,0.039558142
6e6130d3b.jpg,3,0,0.3902775
6e6130d3b.jpg,4,0,0.08441421
6e652672c.jpg,1,0,0.08089005
6e652672c.jpg,2,0,0.024307936
6e652672c.jpg,3,1,0.6707366
6e652672c.jpg,4,0,0.20668004
6e6f82188.jpg,1,0,0.39570192
6e6f82188.jpg,2,0,0.19696517
6e6f82188.jpg,3,0,0.55068064
6e6f82188.jpg,4,0,0.004595169
6e892887e.jpg,1,0,0.39677992
6e892887e.jpg,2,0,0.2722635
6e892887e.jpg,3,1,0.61557275
6e892887e.jpg,4,0,0.009028654
6e8b36bc6.jpg,1,0,0.5231982
6e8b36bc6.jpg,2,0,0.060102623
6e8b36bc6.jpg,3,0,0.52433735
6e8b36bc6.jpg,4,0,0.045878362
6e9bf11c0.jpg,1,0,0.27122006
6e9bf11c0.jpg,2,0,0.021392748
6e9bf11c0.jpg,3,1,0.72749686
6e9bf11c0.jpg,4,0,0.019892948
6ead29619.jpg,1,1,0.7146225
6ead29619.jpg,2,0,0.256277
6ead29619.jpg,3,0,0.22162254
6ead29619.jpg,4,0,0.0047454727
6eb8caa4a.jpg,1,0,0.08707285
6eb8caa4a.jpg,2,0,0.009060545
6eb8caa4a.jpg,3,1,0.84481597
6eb8caa4a.jpg,4,0,0.016282186
6eba02cd9.jpg,1,0,0.029009968
6eba02cd9.jpg,2,0,0.0039390447
6eba02cd9.jpg,3,1,0.6872739
6eba02cd9.jpg,4,0,0.35554576
6ec0efcf3.jpg,1,0,0.25744233
6ec0efcf3.jpg,2,0,0.02437912
6ec0efcf3.jpg,3,1,0.7979205
6ec0efcf3.jpg,4,0,0.0029029485
6ed28df8e.jpg,1,0,0.060705762
6ed28df8e.jpg,2,0,0.042414907
6ed28df8e.jpg,3,1,0.88004464
6ed28df8e.jpg,4,0,0.0028649413
6edb49569.jpg,1,0,0.06420088
6edb49569.jpg,2,0,0.0062764273
6edb49569.jpg,3,1,0.83092517
6edb49569.jpg,4,0,0.036495212
6edde1c34.jpg,1,0,0.09776414
6edde1c34.jpg,2,0,0.038430646
6edde1c34.jpg,3,1,0.81884724
6edde1c34.jpg,4,0,0.004359655
6ee58e663.jpg,1,0,0.01574677
6ee58e663.jpg,2,0,0.0025775295
6ee58e663.jpg,3,0,0.3081342
6ee58e663.jpg,4,1,0.8294725
6eeb2c1e3.jpg,1,0,0.030947315
6eeb2c1e3.jpg,2,0,0.0044411747
6eeb2c1e3.jpg,3,1,0.7245009
6eeb2c1e3.jpg,4,0,0.21841513
6eec49a0b.jpg,1,0,0.079128
6eec49a0b.jpg,2,0,0.038079638
6eec49a0b.jpg,3,1,0.87364054
6eec49a0b.jpg,4,0,0.0024112377
6ef6001e9.jpg,1,0,0.04196469
6ef6001e9.jpg,2,0,0.0037071712
6ef6001e9.jpg,3,1,0.81189466
6ef6001e9.jpg,4,0,0.018051289
6ef75490b.jpg,1,0,0.012952645
6ef75490b.jpg,2,0,0.0060130362
6ef75490b.jpg,3,1,0.9330234
6ef75490b.jpg,4,0,0.0073152506
6f0358b25.jpg,1,0,0.3968837
6f0358b25.jpg,2,0,0.5453213
6f0358b25.jpg,3,0,0.34586465
6f0358b25.jpg,4,0,0.0045511625
6f0647c4e.jpg,1,0,0.03496312
6f0647c4e.jpg,2,0,0.021829827
6f0647c4e.jpg,3,1,0.8575836
6f0647c4e.jpg,4,0,0.027283452
6f12a26e0.jpg,1,0,0.04413369
6f12a26e0.jpg,2,0,0.09698361
6f12a26e0.jpg,3,1,0.82892066
6f12a26e0.jpg,4,0,0.00544668
6f18c587b.jpg,1,0,0.34275973
6f18c587b.jpg,2,0,0.31568405
6f18c587b.jpg,3,0,0.5572994
6f18c587b.jpg,4,0,0.005232845
6f1b804af.jpg,1,1,0.66294914
6f1b804af.jpg,2,0,0.120482475
6f1b804af.jpg,3,0,0.18628913
6f1b804af.jpg,4,0,0.04215822
6f3527745.jpg,1,0,0.11847961
6f3527745.jpg,2,0,0.0768858
6f3527745.jpg,3,1,0.7191984
6f3527745.jpg,4,0,0.021442479
6f377b22a.jpg,1,1,0.77725834
6f377b22a.jpg,2,0,0.0072019617
6f377b22a.jpg,3,0,0.22019595
6f377b22a.jpg,4,0,0.031503186
6f3bd83c8.jpg,1,1,0.60546166
6f3bd83c8.jpg,2,0,0.020577705
6f3bd83c8.jpg,3,0,0.51402754
6f3bd83c8.jpg,4,0,0.01158598
6f5e81ff8.jpg,1,0,0.37548542
6f5e81ff8.jpg,2,0,0.03362848
6f5e81ff8.jpg,3,0,0.28717336
6f5e81ff8.jpg,4,0,0.008099859
6f6753eb7.jpg,1,0,0.20033841
6f6753eb7.jpg,2,0,0.024650076
6f6753eb7.jpg,3,1,0.78328675
6f6753eb7.jpg,4,0,0.031350344
6f7f8d8a8.jpg,1,0,0.03921404
6f7f8d8a8.jpg,2,0,0.005513575
6f7f8d8a8.jpg,3,1,0.8256321
6f7f8d8a8.jpg,4,0,0.01613505
6f808d1d1.jpg,1,0,0.41581842
6f808d1d1.jpg,2,0,0.08988991
6f808d1d1.jpg,3,0,0.29781035
6f808d1d1.jpg,4,0,0.2501339
6f88c6d64.jpg,1,0,0.38529173
6f88c6d64.jpg,2,0,0.009230631
6f88c6d64.jpg,3,0,0.584192
6f88c6d64.jpg,4,0,0.05537841
6f8f7489b.jpg,1,0,0.2741442
6f8f7489b.jpg,2,0,0.110854276
6f8f7489b.jpg,3,0,0.5035444
6f8f7489b.jpg,4,0,0.13492234
6f95d5d44.jpg,1,0,0.30528668
6f95d5d44.jpg,2,0,0.58182853
6f95d5d44.jpg,3,0,0.28590992
6f95d5d44.jpg,4,0,0.005461551
6fa8c306d.jpg,1,0,0.49886551
6fa8c306d.jpg,2,0,0.1338073
6fa8c306d.jpg,3,0,0.2308027
6fa8c306d.jpg,4,0,0.002128914
6fae55fc7.jpg,1,0,0.047351945
6fae55fc7.jpg,2,0,0.02790155
6fae55fc7.jpg,3,1,0.8931485
6fae55fc7.jpg,4,0,0.0021464203
6faf02aec.jpg,1,0,0.5895949
6faf02aec.jpg,2,0,0.42036843
6faf02aec.jpg,3,0,0.2818893
6faf02aec.jpg,4,0,0.0048892363
6fc70467c.jpg,1,0,0.025273576
6fc70467c.jpg,2,0,0.0012701015
6fc70467c.jpg,3,1,0.95998317
6fc70467c.jpg,4,0,0.00083386136
6fcc14128.jpg,1,0,0.04913668
6fcc14128.jpg,2,0,0.008104577
6fcc14128.jpg,3,1,0.86328393
6fcc14128.jpg,4,0,0.032727227
6fd029d4d.jpg,1,0,0.0139034875
6fd029d4d.jpg,2,0,0.0012075413
6fd029d4d.jpg,3,1,0.9547823
6fd029d4d.jpg,4,0,0.00884436
6fdb86bdf.jpg,1,0,0.030846253
6fdb86bdf.jpg,2,0,0.020635804
6fdb86bdf.jpg,3,1,0.8794432
6fdb86bdf.jpg,4,0,0.004587542
6fe34f1ef.jpg,1,0,0.0137546
6fe34f1ef.jpg,2,0,0.0015693
6fe34f1ef.jpg,3,1,0.7309124
6fe34f1ef.jpg,4,1,0.7317248
6fe8dbcbb.jpg,1,0,0.040609166
6fe8dbcbb.jpg,2,0,0.006073858
6fe8dbcbb.jpg,3,1,0.8126705
6fe8dbcbb.jpg,4,0,0.051260527
7015966f2.jpg,1,0,0.5915943
7015966f2.jpg,2,0,0.01848247
7015966f2.jpg,3,0,0.19069614
7015966f2.jpg,4,0,0.03731512
701d9155f.jpg,1,0,0.056586977
701d9155f.jpg,2,0,0.028113628
701d9155f.jpg,3,1,0.8882938
701d9155f.jpg,4,0,0.0019646883
7021b1976.jpg,1,0,0.06548705
7021b1976.jpg,2,0,0.04011804
7021b1976.jpg,3,0,0.35969839
7021b1976.jpg,4,1,0.6467722
702d70516.jpg,1,0,0.48452583
702d70516.jpg,2,0,0.47729573
702d70516.jpg,3,0,0.28429678
702d70516.jpg,4,0,0.0071095456
703977991.jpg,1,0,0.32497653
703977991.jpg,2,0,0.008173126
703977991.jpg,3,1,0.67977065
703977991.jpg,4,0,0.030230075
706930f56.jpg,1,0,0.026201293
706930f56.jpg,2,0,0.00476757
706930f56.jpg,3,1,0.7294572
706930f56.jpg,4,0,0.010240461
706f2b2c9.jpg,1,0,0.17743371
706f2b2c9.jpg,2,0,0.1757773
706f2b2c9.jpg,3,1,0.70364124
706f2b2c9.jpg,4,0,0.019075494
7080127e8.jpg,1,0,0.1056745
7080127e8.jpg,2,0,0.0030178232
7080127e8.jpg,3,0,0.5563137
7080127e8.jpg,4,0,0.5136993
7081b8507.jpg,1,0,0.18513983
7081b8507.jpg,2,0,0.54064757
7081b8507.jpg,3,0,0.40316892
7081b8507.jpg,4,0,0.0030254123
70853595b.jpg,1,1,0.7665178
70853595b.jpg,2,0,0.010883098
70853595b.jpg,3,0,0.25709713
70853595b.jpg,4,0,0.045603435
708f5f3ba.jpg,1,0,0.20123607
708f5f3ba.jpg,2,0,0.0108458465
708f5f3ba.jpg,3,1,0.8473807
708f5f3ba.jpg,4,0,0.0060228147
708faeb3c.jpg,1,0,0.016170656
708faeb3c.jpg,2,0,0.0017259255
708faeb3c.jpg,3,1,0.89293236
708faeb3c.jpg,4,0,0.2022854
70a822722.jpg,1,0,0.17316651
70a822722.jpg,2,0,0.10011327
70a822722.jpg,3,1,0.79441077
70a822722.jpg,4,0,0.004965659
70aca6bc2.jpg,1,0,0.40340886
70aca6bc2.jpg,2,1,0.7024505
70aca6bc2.jpg,3,0,0.27741215
70aca6bc2.jpg,4,0,0.0039753118
70b6b9ce6.jpg,1,0,0.24017859
70b6b9ce6.jpg,2,0,0.421842
70b6b9ce6.jpg,3,0,0.3992044
70b6b9ce6.jpg,4,0,0.009012739
70fb25903.jpg,1,0,0.06730636
70fb25903.jpg,2,0,0.022342108
70fb25903.jpg,3,1,0.8298733
70fb25903.jpg,4,0,0.029101042
70fb7e23e.jpg,1,0,0.054885875
70fb7e23e.jpg,2,0,0.029347247
70fb7e23e.jpg,3,1,0.7394643
70fb7e23e.jpg,4,0,0.014389433
71069d6a0.jpg,1,0,0.05565475
71069d6a0.jpg,2,0,0.0335659
71069d6a0.jpg,3,1,0.87726617
71069d6a0.jpg,4,0,0.0019484729
7117d7c5f.jpg,1,0,0.36520886
7117d7c5f.jpg,2,0,0.2790315
7117d7c5f.jpg,3,0,0.54740685
7117d7c5f.jpg,4,0,0.0046428265
711b970e7.jpg,1,0,0.21461469
711b970e7.jpg,2,1,0.71963745
711b970e7.jpg,3,0,0.23238806
711b970e7.jpg,4,0,0.0036859673
711ff290f.jpg,1,0,0.086489014
711ff290f.jpg,2,0,0.08371503
711ff290f.jpg,3,1,0.79655284
711ff290f.jpg,4,0,0.0028707113
713cf05f1.jpg,1,0,0.13153812
713cf05f1.jpg,2,0,0.024675159
713cf05f1.jpg,3,1,0.8285225
713cf05f1.jpg,4,0,0.008222283
7146e52ed.jpg,1,0,0.091541685
7146e52ed.jpg,2,0,0.006319122
7146e52ed.jpg,3,1,0.891258
7146e52ed.jpg,4,0,0.021413842
714f9d00b.jpg,1,0,0.50976384
714f9d00b.jpg,2,0,0.04229182
714f9d00b.jpg,3,0,0.42636478
714f9d00b.jpg,4,0,0.002552742
7153ebb7f.jpg,1,0,0.04071228
7153ebb7f.jpg,2,0,0.022154776
7153ebb7f.jpg,3,1,0.8700021
7153ebb7f.jpg,4,0,0.002675159
7162b42a0.jpg,1,0,0.022252476
7162b42a0.jpg,2,0,0.0036035061
7162b42a0.jpg,3,1,0.8265874
7162b42a0.jpg,4,0,0.49230897
71898a2f3.jpg,1,0,0.061901
71898a2f3.jpg,2,0,0.026574185
71898a2f3.jpg,3,1,0.884602
71898a2f3.jpg,4,0,0.0027349975
718ac2f98.jpg,1,0,0.027001522
718ac2f98.jpg,2,0,0.019549325
718ac2f98.jpg,3,1,0.9006417
718ac2f98.jpg,4,0,0.007577269
719090053.jpg,1,0,0.051694635
719090053.jpg,2,0,0.031522173
719090053.jpg,3,1,0.8962629
719090053.jpg,4,0,0.0022370045
719272d9c.jpg,1,0,0.31950846
719272d9c.jpg,2,0,0.13930507
719272d9c.jpg,3,0,0.27843055
719272d9c.jpg,4,0,0.03830641
719b97967.jpg,1,1,0.6715451
719b97967.jpg,2,0,0.07632543
719b97967.jpg,3,0,0.22044605
719b97967.jpg,4,0,0.062416032
71a4e7382.jpg,1,1,0.77142674
71a4e7382.jpg,2,0,0.01934825
71a4e7382.jpg,3,0,0.19284998
71a4e7382.jpg,4,0,0.014335611
71a6b1990.jpg,1,0,0.029584587
71a6b1990.jpg,2,0,0.0059922966
71a6b1990.jpg,3,1,0.8567638
71a6b1990.jpg,4,0,0.0143285515
71b59f3ac.jpg,1,0,0.104278184
71b59f3ac.jpg,2,1,0.69072294
71b59f3ac.jpg,3,0,0.1814435
71b59f3ac.jpg,4,0,0.045374233
71c02e852.jpg,1,0,0.44964108
71c02e852.jpg,2,0,0.08434383
71c02e852.jpg,3,0,0.5763641
71c02e852.jpg,4,0,0.0051581385
71d07e143.jpg,1,0,0.050183054
71d07e143.jpg,2,0,0.011485997
71d07e143.jpg,3,1,0.8691477
71d07e143.jpg,4,0,0.0096295355
71e2a9868.jpg,1,0,0.27812147
71e2a9868.jpg,2,0,0.0052730762
71e2a9868.jpg,3,0,0.44204095
71e2a9868.jpg,4,0,0.017819477
71e3a4a62.jpg,1,0,0.0072825397
71e3a4a62.jpg,2,0,0.0012736968
71e3a4a62.jpg,3,1,0.9531804
71e3a4a62.jpg,4,0,0.029569054
71f8c87bd.jpg,1,0,0.010059709
71f8c87bd.jpg,2,0,0.0022036375
71f8c87bd.jpg,3,0,0.58200276
71f8c87bd.jpg,4,1,0.78050953
71f92133a.jpg,1,0,0.22304313
71f92133a.jpg,2,0,0.40987468
71f92133a.jpg,3,0,0.4902222
71f92133a.jpg,4,0,0.0042349566
71fa60ddf.jpg,1,0,0.06769318
71fa60ddf.jpg,2,0,0.0057901554
71fa60ddf.jpg,3,1,0.85237914
71fa60ddf.jpg,4,0,0.009363852
71feed174.jpg,1,0,0.022345355
71feed174.jpg,2,0,0.0045129363
71feed174.jpg,3,0,0.56443435
71feed174.jpg,4,1,0.69169664
7202dd83d.jpg,1,1,0.7931637
7202dd83d.jpg,2,0,0.037031513
7202dd83d.jpg,3,0,0.13295913
7202dd83d.jpg,4,0,0.007972407
720c7f5cd.jpg,1,0,0.0740047
720c7f5cd.jpg,2,0,0.0110863
720c7f5cd.jpg,3,1,0.8634437
720c7f5cd.jpg,4,0,0.023255914
720d6daa1.jpg,1,0,0.29518458
720d6daa1.jpg,2,0,0.026995545
720d6daa1.jpg,3,1,0.69805145
720d6daa1.jpg,4,0,0.025778279
721859029.jpg,1,0,0.04551941
721859029.jpg,2,0,0.056873005
721859029.jpg,3,1,0.8199548
721859029.jpg,4,0,0.035294786
721df49ab.jpg,1,0,0.05432521
721df49ab.jpg,2,0,0.03513472
721df49ab.jpg,3,1,0.8800977
721df49ab.jpg,4,0,0.0024914548
72215fa7d.jpg,1,0,0.010820574
72215fa7d.jpg,2,0,0.0024101066
72215fa7d.jpg,3,1,0.94099504
72215fa7d.jpg,4,0,0.03995043
722c39287.jpg,1,0,0.10769549
722c39287.jpg,2,0,0.017237345
722c39287.jpg,3,1,0.8243704
722c39287.jpg,4,0,0.0072573093
7233ff77a.jpg,1,0,0.04209997
7233ff77a.jpg,2,0,0.025768751
7233ff77a.jpg,3,1,0.8496232
7233ff77a.jpg,4,0,0.023561053
72341723f.jpg,1,0,0.051265046
72341723f.jpg,2,0,0.0291337
72341723f.jpg,3,1,0.8819142
72341723f.jpg,4,0,0.0032344854
725a68ef6.jpg,1,0,0.23197283
725a68ef6.jpg,2,0,0.02897071
725a68ef6.jpg,3,1,0.65028495
725a68ef6.jpg,4,0,0.010969269
7261c324c.jpg,1,0,0.048316214
7261c324c.jpg,2,0,0.031828966
7261c324c.jpg,3,1,0.875156
7261c324c.jpg,4,0,0.0034203262
7266c2998.jpg,1,0,0.058752503
7266c2998.jpg,2,0,0.03468125
7266c2998.jpg,3,1,0.8820832
7266c2998.jpg,4,0,0.004369925
72736492d.jpg,1,1,0.75308466
72736492d.jpg,2,0,0.03483921
72736492d.jpg,3,0,0.27561492
72736492d.jpg,4,0,0.027673138
728098bf8.jpg,1,0,0.096895635
728098bf8.jpg,2,0,0.008350094
728098bf8.jpg,3,0,0.486745
728098bf8.jpg,4,0,0.4807925
7286d03ef.jpg,1,0,0.019989308
7286d03ef.jpg,2,0,0.12050786
7286d03ef.jpg,3,1,0.9077895
7286d03ef.jpg,4,0,0.0031052174
728b17aaa.jpg,1,0,0.054869458
728b17aaa.jpg,2,0,0.029390758
728b17aaa.jpg,3,1,0.8489425
728b17aaa.jpg,4,0,0.0022504414
7296df1d1.jpg,1,1,0.626036
7296df1d1.jpg,2,0,0.12924705
7296df1d1.jpg,3,0,0.2730313
7296df1d1.jpg,4,0,0.018151954
72b469fab.jpg,1,0,0.019781832
72b469fab.jpg,2,0,0.0039504725
72b469fab.jpg,3,0,0.30294803
72b469fab.jpg,4,1,0.80615765
72c4a1ee8.jpg,1,0,0.34460118
72c4a1ee8.jpg,2,0,0.26263276
72c4a1ee8.jpg,3,0,0.3686107
72c4a1ee8.jpg,4,0,0.0047983113
72cc40d29.jpg,1,0,0.20016001
72cc40d29.jpg,2,0,0.08513176
72cc40d29.jpg,3,1,0.6099254
72cc40d29.jpg,4,0,0.13089518
72df472c0.jpg,1,0,0.2509834
72df472c0.jpg,2,0,0.06086145
72df472c0.jpg,3,0,0.5691107
72df472c0.jpg,4,0,0.03871649
72e4395cb.jpg,1,0,0.19698204
72e4395cb.jpg,2,0,0.38332328
72e4395cb.jpg,3,0,0.4037405
72e4395cb.jpg,4,0,0.0061361226
72e6038c2.jpg,1,0,0.17964715
72e6038c2.jpg,2,0,0.006615127
72e6038c2.jpg,3,0,0.44784808
72e6038c2.jpg,4,0,0.5711883
72ed9c3d8.jpg,1,0,0.05156893
72ed9c3d8.jpg,2,0,0.028103398
72ed9c3d8.jpg,3,1,0.88578725
72ed9c3d8.jpg,4,0,0.0027959477
72fac6e8f.jpg,1,0,0.030478353
72fac6e8f.jpg,2,0,0.010720171
72fac6e8f.jpg,3,0,0.51575
72fac6e8f.jpg,4,1,0.6359287
72fe93118.jpg,1,0,0.08572862
72fe93118.jpg,2,0,0.05016746
72fe93118.jpg,3,1,0.8325804
72fe93118.jpg,4,0,0.0046132295
73251a886.jpg,1,0,0.038353298
73251a886.jpg,2,0,0.0027907162
73251a886.jpg,3,1,0.9123338
73251a886.jpg,4,0,0.010630821
732f9ff8b.jpg,1,0,0.0123136
732f9ff8b.jpg,2,0,0.002950916
732f9ff8b.jpg,3,1,0.9200173
732f9ff8b.jpg,4,0,0.034338783
734e9b744.jpg,1,0,0.04961954
734e9b744.jpg,2,0,0.005374171
734e9b744.jpg,3,1,0.8537085
734e9b744.jpg,4,0,0.012199681
735aed3ac.jpg,1,0,0.050921988
735aed3ac.jpg,2,0,0.03305391
735aed3ac.jpg,3,1,0.8831007
735aed3ac.jpg,4,0,0.002211389
735c93c20.jpg,1,0,0.021405647
735c93c20.jpg,2,0,0.0051461444
735c93c20.jpg,3,1,0.8708059
735c93c20.jpg,4,0,0.058135364
7372d83e4.jpg,1,1,0.6601773
7372d83e4.jpg,2,0,0.0043522096
7372d83e4.jpg,3,0,0.4010625
7372d83e4.jpg,4,0,0.003060934
73779d0e5.jpg,1,0,0.13043036
73779d0e5.jpg,2,0,0.030925667
73779d0e5.jpg,3,1,0.8606999
73779d0e5.jpg,4,0,0.0033725128
73850514e.jpg,1,0,0.3758756
73850514e.jpg,2,0,0.009237117
73850514e.jpg,3,0,0.39347127
73850514e.jpg,4,0,0.23368295
7392cb034.jpg,1,0,0.044376183
7392cb034.jpg,2,0,0.039810326
7392cb034.jpg,3,1,0.88050866
7392cb034.jpg,4,0,0.0021549799
73aef6a73.jpg,1,0,0.06298637
73aef6a73.jpg,2,0,0.03417642
73aef6a73.jpg,3,1,0.8840132
73aef6a73.jpg,4,0,0.0016629677
73b429d0e.jpg,1,0,0.014409092
73b429d0e.jpg,2,0,0.109812856
73b429d0e.jpg,3,0,0.47837457
73b429d0e.jpg,4,0,0.36500737
73c0c8b9a.jpg,1,0,0.04790167
73c0c8b9a.jpg,2,0,0.02969957
73c0c8b9a.jpg,3,1,0.8964958
73c0c8b9a.jpg,4,0,0.0020050432
73d60f24f.jpg,1,0,0.025065474
73d60f24f.jpg,2,0,0.004629161
73d60f24f.jpg,3,1,0.8510687
73d60f24f.jpg,4,0,0.011069021
73dc4afeb.jpg,1,0,0.012751649
73dc4afeb.jpg,2,0,0.0022303902
73dc4afeb.jpg,3,1,0.9342945
73dc4afeb.jpg,4,0,0.00602874
73f9579dd.jpg,1,0,0.037622515
73f9579dd.jpg,2,0,0.0070184804
73f9579dd.jpg,3,1,0.8126979
73f9579dd.jpg,4,0,0.035180535
73fd3cda4.jpg,1,0,0.059621137
73fd3cda4.jpg,2,0,0.0088203
73fd3cda4.jpg,3,1,0.8448462
73fd3cda4.jpg,4,0,0.079476036
73ff8efef.jpg,1,0,0.05827069
73ff8efef.jpg,2,0,0.038585775
73ff8efef.jpg,3,1,0.8739807
73ff8efef.jpg,4,0,0.0024407736
7407ec053.jpg,1,0,0.51525706
7407ec053.jpg,2,0,0.08297395
7407ec053.jpg,3,0,0.2918603
7407ec053.jpg,4,0,0.04572319
7433d71ea.jpg,1,0,0.10323775
7433d71ea.jpg,2,0,0.0069704787
7433d71ea.jpg,3,1,0.8610533
7433d71ea.jpg,4,0,0.018164255
7438ee577.jpg,1,0,0.24857633
7438ee577.jpg,2,0,0.036252335
7438ee577.jpg,3,1,0.73712444
7438ee577.jpg,4,0,0.008283595
74425150f.jpg,1,0,0.047854844
74425150f.jpg,2,0,0.027139226
74425150f.jpg,3,1,0.8869691
74425150f.jpg,4,0,0.0033990953
7442fd2b2.jpg,1,0,0.024388334
7442fd2b2.jpg,2,0,0.018031085
7442fd2b2.jpg,3,1,0.9028763
7442fd2b2.jpg,4,0,0.011345245
74569bd5c.jpg,1,0,0.15771781
74569bd5c.jpg,2,1,0.6476746
74569bd5c.jpg,3,0,0.27836695
74569bd5c.jpg,4,0,0.024769763
745a63c97.jpg,1,0,0.2852309
745a63c97.jpg,2,0,0.1814092
745a63c97.jpg,3,0,0.34931147
745a63c97.jpg,4,0,0.10128596
7464b8146.jpg,1,0,0.029315332
7464b8146.jpg,2,0,0.0040778858
7464b8146.jpg,3,1,0.680459
7464b8146.jpg,4,1,0.7275846
746f0d70c.jpg,1,1,0.71975756
746f0d70c.jpg,2,0,0.07873661
746f0d70c.jpg,3,0,0.27206454
746f0d70c.jpg,4,0,0.0055439714
74709a1af.jpg,1,0,0.030494718
74709a1af.jpg,2,0,0.0053645447
74709a1af.jpg,3,1,0.82472324
74709a1af.jpg,4,0,0.013937063
747d079f5.jpg,1,1,0.7738063
747d079f5.jpg,2,0,0.0034340601
747d079f5.jpg,3,0,0.18477291
747d079f5.jpg,4,0,0.0216629
749906b7c.jpg,1,0,0.30037028
749906b7c.jpg,2,0,0.018246004
749906b7c.jpg,3,1,0.76334125
749906b7c.jpg,4,0,0.004561785
749be19f6.jpg,1,0,0.5543987
749be19f6.jpg,2,0,0.02434864
749be19f6.jpg,3,0,0.5274154
749be19f6.jpg,4,0,0.013222095
74a57a20a.jpg,1,0,0.08899637
74a57a20a.jpg,2,0,0.079272285
74a57a20a.jpg,3,1,0.7860723
74a57a20a.jpg,4,0,0.0040755044
74b307da3.jpg,1,0,0.062528394
74b307da3.jpg,2,0,0.036206663
74b307da3.jpg,3,1,0.8892041
74b307da3.jpg,4,0,0.0020086535
74beabb1d.jpg,1,0,0.22510083
74beabb1d.jpg,2,0,0.019905442
74beabb1d.jpg,3,1,0.76340866
74beabb1d.jpg,4,0,0.004993076
74c779912.jpg,1,0,0.06503905
74c779912.jpg,2,0,0.24325097
74c779912.jpg,3,0,0.5555364
74c779912.jpg,4,0,0.01955721
74e87af65.jpg,1,1,0.697867
74e87af65.jpg,2,0,0.023105195
74e87af65.jpg,3,0,0.35912645
74e87af65.jpg,4,0,0.012275238
74f951ca4.jpg,1,0,0.03546598
74f951ca4.jpg,2,0,0.012272619
74f951ca4.jpg,3,1,0.9047347
74f951ca4.jpg,4,0,0.0074404404
7506dd95d.jpg,1,1,0.7479293
7506dd95d.jpg,2,0,0.13454147
7506dd95d.jpg,3,0,0.13886587
7506dd95d.jpg,4,0,0.0062064207
750c7fec6.jpg,1,0,0.23988366
750c7fec6.jpg,2,0,0.0856869
750c7fec6.jpg,3,1,0.6568778
750c7fec6.jpg,4,0,0.023847887
751013ead.jpg,1,0,0.018572876
751013ead.jpg,2,0,0.0020224063
751013ead.jpg,3,1,0.9104342
751013ead.jpg,4,0,0.036407057
751147906.jpg,1,0,0.07268137
751147906.jpg,2,0,0.0077954703
751147906.jpg,3,1,0.8562506
751147906.jpg,4,0,0.048006672
7517217e9.jpg,1,0,0.11029797
7517217e9.jpg,2,0,0.026731519
7517217e9.jpg,3,1,0.70322204
7517217e9.jpg,4,0,0.0038720034
751cdf0a2.jpg,1,0,0.05265047
751cdf0a2.jpg,2,0,0.019277865
751cdf0a2.jpg,3,1,0.85415095
751cdf0a2.jpg,4,0,0.0064449064
7521c2550.jpg,1,1,0.7994415
7521c2550.jpg,2,0,0.025455207
7521c2550.jpg,3,0,0.12713955
7521c2550.jpg,4,0,0.0052586175
7525e850a.jpg,1,0,0.022965988
7525e850a.jpg,2,0,0.11741374
7525e850a.jpg,3,1,0.93327826
7525e850a.jpg,4,0,0.004334507
754267fb2.jpg,1,0,0.16738372
754267fb2.jpg,2,0,0.035901025
754267fb2.jpg,3,1,0.83671016
754267fb2.jpg,4,0,0.0066632684
7543c591f.jpg,1,0,0.08803647
7543c591f.jpg,2,0,0.0061516277
7543c591f.jpg,3,1,0.70450824
7543c591f.jpg,4,0,0.0938583
75779fab1.jpg,1,0,0.013717788
75779fab1.jpg,2,0,0.002826243
75779fab1.jpg,3,0,0.5654586
75779fab1.jpg,4,1,0.72223514
758437094.jpg,1,0,0.053045247
758437094.jpg,2,0,0.0150830895
758437094.jpg,3,1,0.85049635
758437094.jpg,4,0,0.012579371
75913bf92.jpg,1,0,0.19736518
75913bf92.jpg,2,0,0.06808619
75913bf92.jpg,3,0,0.4795476
75913bf92.jpg,4,0,0.096692435
7591723ff.jpg,1,0,0.34509405
7591723ff.jpg,2,0,0.37952507
7591723ff.jpg,3,0,0.4767017
7591723ff.jpg,4,0,0.003645947
759c2cea9.jpg,1,0,0.53308815
759c2cea9.jpg,2,0,0.046016444
759c2cea9.jpg,3,0,0.41776696
759c2cea9.jpg,4,0,0.011638336
759f3cdd5.jpg,1,0,0.18812402
759f3cdd5.jpg,2,0,0.009522892
759f3cdd5.jpg,3,1,0.8105631
759f3cdd5.jpg,4,0,0.011321071
75a486cd3.jpg,1,0,0.20181336
75a486cd3.jpg,2,0,0.025029331
75a486cd3.jpg,3,1,0.72939044
75a486cd3.jpg,4,0,0.028003747
75a881b42.jpg,1,0,0.123615466
75a881b42.jpg,2,0,0.10983314
75a881b42.jpg,3,1,0.798551
75a881b42.jpg,4,0,0.00488459
75b24ab86.jpg,1,0,0.019987134
75b24ab86.jpg,2,0,0.0052560666
75b24ab86.jpg,3,0,0.1939977
75b24ab86.jpg,4,1,0.89679843
75b7ed7e5.jpg,1,1,0.65320003
75b7ed7e5.jpg,2,0,0.020798055
75b7ed7e5.jpg,3,0,0.40113375
75b7ed7e5.jpg,4,0,0.064306594
75d262036.jpg,1,0,0.110022336
75d262036.jpg,2,0,0.48685634
75d262036.jpg,3,0,0.5426211
75d262036.jpg,4,0,0.010952855
75e4cf240.jpg,1,0,0.21772009
75e4cf240.jpg,2,0,0.12388754
75e4cf240.jpg,3,1,0.61097443
75e4cf240.jpg,4,0,0.0024642295
75eb584f4.jpg,1,0,0.39316288
75eb584f4.jpg,2,0,0.5235688
75eb584f4.jpg,3,0,0.32044068
75eb584f4.jpg,4,0,0.004529588
75edeb9f9.jpg,1,0,0.0339825
75edeb9f9.jpg,2,0,0.019308887
75edeb9f9.jpg,3,1,0.86730456
75edeb9f9.jpg,4,0,0.0023983163
75eef9343.jpg,1,0,0.12034384
75eef9343.jpg,2,0,0.0045258584
75eef9343.jpg,3,1,0.87670463
75eef9343.jpg,4,0,0.0055978694
75ef3cb42.jpg,1,0,0.05430627
75ef3cb42.jpg,2,0,0.03176227
75ef3cb42.jpg,3,1,0.89738804
75ef3cb42.jpg,4,0,0.0016951693
75efd5e42.jpg,1,0,0.018633733
75efd5e42.jpg,2,0,0.0009925176
75efd5e42.jpg,3,1,0.95276076
75efd5e42.jpg,4,0,0.0021396114
75f0c1e00.jpg,1,0,0.099255376
75f0c1e00.jpg,2,0,0.026981346
75f0c1e00.jpg,3,1,0.8716578
75f0c1e00.jpg,4,0,0.0022904866
75f574b5c.jpg,1,0,0.04633255
75f574b5c.jpg,2,0,0.006672092
75f574b5c.jpg,3,0,0.26717743
75f574b5c.jpg,4,1,0.875819
760aae1ec.jpg,1,0,0.56963086
760aae1ec.jpg,2,0,0.14911973
760aae1ec.jpg,3,0,0.28280327
760aae1ec.jpg,4,0,0.023112161
7615c3669.jpg,1,0,0.026651824
7615c3669.jpg,2,0,0.010104209
7615c3669.jpg,3,1,0.7276799
7615c3669.jpg,4,0,0.37532985
761bb8777.jpg,1,0,0.19775908
761bb8777.jpg,2,0,0.09312964
761bb8777.jpg,3,1,0.63655597
761bb8777.jpg,4,0,0.025511237
76288fc9c.jpg,1,0,0.35411975
76288fc9c.jpg,2,0,0.015377805
76288fc9c.jpg,3,0,0.54233235
76288fc9c.jpg,4,0,0.053023074
7628fd1f1.jpg,1,0,0.018958008
7628fd1f1.jpg,2,0,0.0036421039
7628fd1f1.jpg,3,1,0.6315705
7628fd1f1.jpg,4,1,0.7899851
762d825cd.jpg,1,0,0.48153362
762d825cd.jpg,2,0,0.010483404
762d825cd.jpg,3,1,0.6578148
762d825cd.jpg,4,0,0.0100349
7648af745.jpg,1,0,0.2245407
7648af745.jpg,2,0,0.034054294
7648af745.jpg,3,1,0.6668594
7648af745.jpg,4,0,0.013699698
7650de528.jpg,1,0,0.13575591
7650de528.jpg,2,0,0.015774906
7650de528.jpg,3,1,0.71060175
7650de528.jpg,4,0,0.039480682
765371a6e.jpg,1,0,0.26103657
765371a6e.jpg,2,0,0.48395357
765371a6e.jpg,3,0,0.48748127
765371a6e.jpg,4,0,0.0039887126
76540684e.jpg,1,0,0.043167222
76540684e.jpg,2,0,0.12191921
76540684e.jpg,3,1,0.69011325
76540684e.jpg,4,0,0.09961785
766466327.jpg,1,1,0.79894596
766466327.jpg,2,0,0.02155673
766466327.jpg,3,0,0.19914778
766466327.jpg,4,0,0.011404629
76805328f.jpg,1,0,0.06925561
76805328f.jpg,2,0,0.0269891
76805328f.jpg,3,1,0.87565756
76805328f.jpg,4,0,0.010292978
768e90b47.jpg,1,0,0.0204444
768e90b47.jpg,2,0,0.0022763687
768e90b47.jpg,3,0,0.45202526
768e90b47.jpg,4,1,0.8107832
769754137.jpg,1,1,0.6404074
769754137.jpg,2,0,0.044142257
769754137.jpg,3,0,0.25788403
769754137.jpg,4,0,0.012619447
76ac4afde.jpg,1,1,0.654796
76ac4afde.jpg,2,0,0.011312451
76ac4afde.jpg,3,0,0.48343787
76ac4afde.jpg,4,0,0.013062528
76c331edc.jpg,1,0,0.19092043
76c331edc.jpg,2,0,0.10318913
76c331edc.jpg,3,1,0.7101779
76c331edc.jpg,4,0,0.007021897
76c46a185.jpg,1,1,0.6408786
76c46a185.jpg,2,0,0.013918516
76c46a185.jpg,3,0,0.37621
76c46a185.jpg,4,0,0.034417365
76d8f3847.jpg,1,0,0.07007742
76d8f3847.jpg,2,0,0.0073359865
76d8f3847.jpg,3,1,0.8707037
76d8f3847.jpg,4,0,0.03544344
76e84f09c.jpg,1,0,0.03626715
76e84f09c.jpg,2,0,0.0051094326
76e84f09c.jpg,3,1,0.6003337
76e84f09c.jpg,4,0,0.023403957
76ee7f36f.jpg,1,0,0.05517164
76ee7f36f.jpg,2,0,0.031813446
76ee7f36f.jpg,3,1,0.8863954
76ee7f36f.jpg,4,0,0.0030915516
76fa2b27b.jpg,1,0,0.03471067
76fa2b27b.jpg,2,0,0.05720439
76fa2b27b.jpg,3,1,0.8564887
76fa2b27b.jpg,4,0,0.0049992446
77005f2f4.jpg,1,0,0.046771128
77005f2f4.jpg,2,0,0.028343583
77005f2f4.jpg,3,1,0.8882709
77005f2f4.jpg,4,0,0.005291914
7708968a2.jpg,1,1,0.62970346
7708968a2.jpg,2,0,0.24693292
7708968a2.jpg,3,0,0.28826144
7708968a2.jpg,4,0,0.007139985
7727f40e1.jpg,1,0,0.061929736
7727f40e1.jpg,2,0,0.028014958
7727f40e1.jpg,3,1,0.88033146
7727f40e1.jpg,4,0,0.0046103816
773b2283e.jpg,1,1,0.6695237
773b2283e.jpg,2,0,0.008123336
773b2283e.jpg,3,0,0.35127345
773b2283e.jpg,4,0,0.020626813
773cf2e6c.jpg,1,0,0.019422604
773cf2e6c.jpg,2,0,0.0046700384
773cf2e6c.jpg,3,1,0.8998046
773cf2e6c.jpg,4,0,0.025108559
773e5ef59.jpg,1,0,0.22085404
773e5ef59.jpg,2,0,0.017908895
773e5ef59.jpg,3,1,0.7343568
773e5ef59.jpg,4,0,0.005673226
774938077.jpg,1,0,0.30210447
774938077.jpg,2,0,0.043463737
774938077.jpg,3,0,0.5045896
774938077.jpg,4,0,0.04358798
7758e7e93.jpg,1,0,0.048026547
7758e7e93.jpg,2,0,0.18972981
7758e7e93.jpg,3,1,0.8408691
7758e7e93.jpg,4,0,0.0022193624
7766e055c.jpg,1,1,0.6846052
7766e055c.jpg,2,0,0.032483265
7766e055c.jpg,3,0,0.4095006
7766e055c.jpg,4,0,0.01939827
776e074cc.jpg,1,0,0.3086762
776e074cc.jpg,2,0,0.004609999
776e074cc.jpg,3,1,0.8091709
776e074cc.jpg,4,0,0.00821096
777c11083.jpg,1,0,0.05708291
777c11083.jpg,2,0,0.005523637
777c11083.jpg,3,0,0.5459371
777c11083.jpg,4,0,0.024924213
77839c20f.jpg,1,0,0.3065304
77839c20f.jpg,2,0,0.06482025
77839c20f.jpg,3,1,0.64405316
77839c20f.jpg,4,0,0.015797967
7798666c5.jpg,1,0,0.020847546
7798666c5.jpg,2,0,0.011202906
7798666c5.jpg,3,0,0.54603285
7798666c5.jpg,4,0,0.0031117192
77a6e39f5.jpg,1,0,0.07111198
77a6e39f5.jpg,2,0,0.020784246
77a6e39f5.jpg,3,1,0.85882396
77a6e39f5.jpg,4,0,0.012225229
77a753794.jpg,1,0,0.2120323
77a753794.jpg,2,0,0.10975412
77a753794.jpg,3,0,0.5706503
77a753794.jpg,4,0,0.043008875
77b0310b6.jpg,1,0,0.011800763
77b0310b6.jpg,2,0,0.0017260058
77b0310b6.jpg,3,1,0.9057637
77b0310b6.jpg,4,0,0.027046872
77b3236c0.jpg,1,0,0.5524501
77b3236c0.jpg,2,0,0.008906285
77b3236c0.jpg,3,0,0.46713373
77b3236c0.jpg,4,0,0.0064039864
77b51ed67.jpg,1,0,0.11098235
77b51ed67.jpg,2,0,0.09304639
77b51ed67.jpg,3,1,0.82204956
77b51ed67.jpg,4,0,0.0048834407
77b680228.jpg,1,0,0.04326689
77b680228.jpg,2,0,0.03589581
77b680228.jpg,3,1,0.78590304
77b680228.jpg,4,0,0.04179887
77d55791f.jpg,1,0,0.067664094
77d55791f.jpg,2,0,0.004086492
77d55791f.jpg,3,1,0.83604974
77d55791f.jpg,4,0,0.033790827
77df76da3.jpg,1,0,0.22331525
77df76da3.jpg,2,0,0.15078509
77df76da3.jpg,3,1,0.6788611
77df76da3.jpg,4,0,0.005955164
77e6c28ab.jpg,1,0,0.1210319
77e6c28ab.jpg,2,0,0.016385434
77e6c28ab.jpg,3,1,0.8426811
77e6c28ab.jpg,4,0,0.008620594
77f10ecf3.jpg,1,0,0.08995244
77f10ecf3.jpg,2,0,0.052574214
77f10ecf3.jpg,3,1,0.7756968
77f10ecf3.jpg,4,0,0.02751779
78080f705.jpg,1,0,0.06442956
78080f705.jpg,2,0,0.078026004
78080f705.jpg,3,1,0.8456308
78080f705.jpg,4,0,0.0017746729
780900e4c.jpg,1,0,0.5856704
780900e4c.jpg,2,0,0.034638926
780900e4c.jpg,3,0,0.2871409
780900e4c.jpg,4,0,0.015396989
781b2b452.jpg,1,0,0.023125693
781b2b452.jpg,2,0,0.0029106422
781b2b452.jpg,3,1,0.7970292
781b2b452.jpg,4,0,0.41808164
781b78af7.jpg,1,1,0.7492288
781b78af7.jpg,2,0,0.07847356
781b78af7.jpg,3,0,0.15386054
781b78af7.jpg,4,0,0.0062017604
782702578.jpg,1,0,0.26765653
782702578.jpg,2,0,0.019143166
782702578.jpg,3,1,0.6857109
782702578.jpg,4,0,0.016646767
782c9966e.jpg,1,0,0.019535935
782c9966e.jpg,2,0,0.005832912
782c9966e.jpg,3,0,0.4375434
782c9966e.jpg,4,1,0.8146009
783a00d04.jpg,1,0,0.13143189
783a00d04.jpg,2,0,0.0088930195
783a00d04.jpg,3,1,0.87522966
783a00d04.jpg,4,0,0.0043158173
783ff5f7e.jpg,1,0,0.016472517
783ff5f7e.jpg,2,0,0.0030153748
783ff5f7e.jpg,3,0,0.49357697
783ff5f7e.jpg,4,1,0.7078349
78470959e.jpg,1,0,0.049185812
78470959e.jpg,2,0,0.011711777
78470959e.jpg,3,1,0.7289782
78470959e.jpg,4,0,0.23054062
784ac3b22.jpg,1,0,0.021206407
784ac3b22.jpg,2,0,0.0047911145
784ac3b22.jpg,3,1,0.9416345
784ac3b22.jpg,4,0,0.03625697
78560fd1c.jpg,1,0,0.052043784
78560fd1c.jpg,2,0,0.0031016376
78560fd1c.jpg,3,1,0.8712167
78560fd1c.jpg,4,0,0.020941293
7859e9043.jpg,1,0,0.015953774
7859e9043.jpg,2,0,0.0058743614
7859e9043.jpg,3,0,0.323438
7859e9043.jpg,4,1,0.8479228
785d22d2b.jpg,1,0,0.09894196
785d22d2b.jpg,2,0,0.031171745
785d22d2b.jpg,3,1,0.8154432
785d22d2b.jpg,4,0,0.019394858
7870fb563.jpg,1,0,0.0308226
7870fb563.jpg,2,0,0.005925697
7870fb563.jpg,3,0,0.37362275
7870fb563.jpg,4,1,0.8484721
787aab953.jpg,1,0,0.05707553
787aab953.jpg,2,0,0.035439767
787aab953.jpg,3,1,0.87627834
787aab953.jpg,4,0,0.0029794201
7890a5c21.jpg,1,0,0.12557395
7890a5c21.jpg,2,0,0.11605513
7890a5c21.jpg,3,1,0.7953083
7890a5c21.jpg,4,0,0.0035433837
789a65a46.jpg,1,0,0.06733182
789a65a46.jpg,2,0,0.0066210516
789a65a46.jpg,3,1,0.60575056
789a65a46.jpg,4,0,0.016435785
78a9569a2.jpg,1,0,0.017931815
78a9569a2.jpg,2,0,0.007481279
78a9569a2.jpg,3,1,0.83279705
78a9569a2.jpg,4,0,0.1136493
78b58ecf5.jpg,1,0,0.037095677
78b58ecf5.jpg,2,0,0.015580933
78b58ecf5.jpg,3,1,0.88246423
78b58ecf5.jpg,4,0,0.0036902248
78cf7c335.jpg,1,0,0.3650016
78cf7c335.jpg,2,0,0.22033422
78cf7c335.jpg,3,0,0.3974245
78cf7c335.jpg,4,0,0.010108151
78d372e5f.jpg,1,0,0.1265995
78d372e5f.jpg,2,1,0.6651926
78d372e5f.jpg,3,0,0.26781926
78d372e5f.jpg,4,0,0.031186553
78e04eec1.jpg,1,0,0.33011508
78e04eec1.jpg,2,0,0.015089404
78e04eec1.jpg,3,1,0.678792
78e04eec1.jpg,4,0,0.06744083
78fd79c06.jpg,1,0,0.052307293
78fd79c06.jpg,2,0,0.029647572
78fd79c06.jpg,3,1,0.88581276
78fd79c06.jpg,4,0,0.0022822444
790318b4a.jpg,1,0,0.07441012
790318b4a.jpg,2,0,0.3799123
790318b4a.jpg,3,0,0.44217494
790318b4a.jpg,4,0,0.022792002
790dfdc07.jpg,1,0,0.18196444
790dfdc07.jpg,2,0,0.011940509
790dfdc07.jpg,3,1,0.82709455
790dfdc07.jpg,4,0,0.015874082
791817223.jpg,1,0,0.15075892
791817223.jpg,2,0,0.023217814
791817223.jpg,3,1,0.70324326
791817223.jpg,4,0,0.022219405
792038159.jpg,1,0,0.021520391
792038159.jpg,2,0,0.0075488817
792038159.jpg,3,0,0.5007054
792038159.jpg,4,1,0.7389064
7935f32da.jpg,1,0,0.009951839
7935f32da.jpg,2,0,0.0024795895
7935f32da.jpg,3,1,0.602573
7935f32da.jpg,4,1,0.74697524
794a9e0a2.jpg,1,0,0.025168268
794a9e0a2.jpg,2,0,0.0073328014
794a9e0a2.jpg,3,1,0.8938999
794a9e0a2.jpg,4,0,0.023519022
794b44f39.jpg,1,0,0.2609214
794b44f39.jpg,2,0,0.0115990685
794b44f39.jpg,3,1,0.70399994
794b44f39.jpg,4,0,0.05703937
794df34ba.jpg,1,0,0.08467215
794df34ba.jpg,2,0,0.20891027
794df34ba.jpg,3,1,0.6681748
794df34ba.jpg,4,0,0.006500736
7963573a1.jpg,1,0,0.024664203
7963573a1.jpg,2,0,0.0103480285
7963573a1.jpg,3,0,0.37536037
7963573a1.jpg,4,1,0.82270765
7979e93cd.jpg,1,0,0.056161832
7979e93cd.jpg,2,0,0.062178273
7979e93cd.jpg,3,1,0.857897
7979e93cd.jpg,4,0,0.0027018748
797c3d52d.jpg,1,0,0.44198737
797c3d52d.jpg,2,0,0.101590015
797c3d52d.jpg,3,0,0.31269202
797c3d52d.jpg,4,0,0.12017002
799ba19da.jpg,1,1,0.601422
799ba19da.jpg,2,0,0.24808203
799ba19da.jpg,3,0,0.22386889
799ba19da.jpg,4,0,0.015741399
799c6243f.jpg,1,0,0.20415892
799c6243f.jpg,2,0,0.04009509
799c6243f.jpg,3,0,0.52670175
799c6243f.jpg,4,0,0.003102907
79a1f746b.jpg,1,0,0.02866532
79a1f746b.jpg,2,0,0.005728491
79a1f746b.jpg,3,0,0.57233626
79a1f746b.jpg,4,1,0.71613175
79c7da757.jpg,1,1,0.70122814
79c7da757.jpg,2,0,0.013714773
79c7da757.jpg,3,0,0.27377117
79c7da757.jpg,4,0,0.016369207
79c93fa6e.jpg,1,0,0.13451873
79c93fa6e.jpg,2,0,0.010974399
79c93fa6e.jpg,3,0,0.57611686
79c93fa6e.jpg,4,0,0.10852143
79d9ff869.jpg,1,0,0.0259166
79d9ff869.jpg,2,0,0.0047136187
79d9ff869.jpg,3,0,0.16620578
79d9ff869.jpg,4,1,0.91580707
79dae5a25.jpg,1,0,0.024979467
79dae5a25.jpg,2,0,0.012611532
79dae5a25.jpg,3,0,0.15126352
79dae5a25.jpg,4,1,0.92569256
79e25e186.jpg,1,0,0.24352933
79e25e186.jpg,2,0,0.14824514
79e25e186.jpg,3,1,0.61047953
79e25e186.jpg,4,0,0.010552059
79e309e7b.jpg,1,0,0.010853584
79e309e7b.jpg,2,0,0.0011374602
79e309e7b.jpg,3,1,0.94632536
79e309e7b.jpg,4,0,0.0041962415
79e6f2b42.jpg,1,0,0.019911466
79e6f2b42.jpg,2,0,0.00875976
79e6f2b42.jpg,3,0,0.42066622
79e6f2b42.jpg,4,1,0.84394425
79ea45aa1.jpg,1,0,0.5822651
79ea45aa1.jpg,2,0,0.0039366107
79ea45aa1.jpg,3,0,0.42910877
79ea45aa1.jpg,4,0,0.037850767
79f04909e.jpg,1,0,0.30975983
79f04909e.jpg,2,0,0.05989793
79f04909e.jpg,3,0,0.5230735
79f04909e.jpg,4,0,0.0060362015
79f612ebd.jpg,1,0,0.026203861
79f612ebd.jpg,2,0,0.010672167
79f612ebd.jpg,3,1,0.90667176
79f612ebd.jpg,4,0,0.029358277
79feaa863.jpg,1,0,0.014669511
79feaa863.jpg,2,0,0.0030883353
79feaa863.jpg,3,0,0.43054795
79feaa863.jpg,4,1,0.8616577
7a0b5ab05.jpg,1,0,0.081137754
7a0b5ab05.jpg,2,0,0.013102315
7a0b5ab05.jpg,3,1,0.6106977
7a0b5ab05.jpg,4,0,0.3549432
7a0c4dcf4.jpg,1,0,0.01917467
7a0c4dcf4.jpg,2,0,0.0029759463
7a0c4dcf4.jpg,3,0,0.5929832
7a0c4dcf4.jpg,4,1,0.7723636
7a1918144.jpg,1,0,0.3438681
7a1918144.jpg,2,0,0.22536969
7a1918144.jpg,3,0,0.401364
7a1918144.jpg,4,0,0.00831177
7a1986428.jpg,1,0,0.051064298
7a1986428.jpg,2,0,0.002746898
7a1986428.jpg,3,1,0.9240417
7a1986428.jpg,4,0,0.0018979063
7a1b6aa41.jpg,1,0,0.039451856
7a1b6aa41.jpg,2,0,0.019585457
7a1b6aa41.jpg,3,1,0.8748577
7a1b6aa41.jpg,4,0,0.0064747646
7a1c520b9.jpg,1,0,0.33785704
7a1c520b9.jpg,2,0,0.25221768
7a1c520b9.jpg,3,0,0.58766687
7a1c520b9.jpg,4,0,0.0058905897
7a36cf0fc.jpg,1,0,0.017446043
7a36cf0fc.jpg,2,0,0.002313175
7a36cf0fc.jpg,3,1,0.93088436
7a36cf0fc.jpg,4,0,0.008373865
7a4c0d805.jpg,1,0,0.26220408
7a4c0d805.jpg,2,0,0.009382178
7a4c0d805.jpg,3,0,0.5794485
7a4c0d805.jpg,4,0,0.019652098
7a4d250ab.jpg,1,0,0.21248221
7a4d250ab.jpg,2,0,0.09332386
7a4d250ab.jpg,3,0,0.4015436
7a4d250ab.jpg,4,0,0.025428953
7a4e42374.jpg,1,0,0.07682537
7a4e42374.jpg,2,0,0.02774176
7a4e42374.jpg,3,1,0.8759206
7a4e42374.jpg,4,0,0.0020787008
7a50a0a16.jpg,1,1,0.6067397
7a50a0a16.jpg,2,0,0.009499765
7a50a0a16.jpg,3,0,0.26887003
7a50a0a16.jpg,4,0,0.012875711
7a512ca2c.jpg,1,0,0.019556573
7a512ca2c.jpg,2,0,0.011899244
7a512ca2c.jpg,3,1,0.8974107
7a512ca2c.jpg,4,0,0.03289728
7a5288cb8.jpg,1,1,0.6366481
7a5288cb8.jpg,2,0,0.035929296
7a5288cb8.jpg,3,0,0.2891913
7a5288cb8.jpg,4,0,0.051976174
7a699c0b8.jpg,1,0,0.031667557
7a699c0b8.jpg,2,0,0.017801732
7a699c0b8.jpg,3,1,0.8838034
7a699c0b8.jpg,4,0,0.002602327
7a8e0ed7a.jpg,1,0,0.018361451
7a8e0ed7a.jpg,2,0,0.003939568
7a8e0ed7a.jpg,3,1,0.8653505
7a8e0ed7a.jpg,4,0,0.017817646
7a98a39d4.jpg,1,1,0.6736091
7a98a39d4.jpg,2,0,0.014471953
7a98a39d4.jpg,3,0,0.29918882
7a98a39d4.jpg,4,0,0.018473625
7aa2ea01a.jpg,1,0,0.27826527
7aa2ea01a.jpg,2,0,0.013600916
7aa2ea01a.jpg,3,1,0.65700287
7aa2ea01a.jpg,4,0,0.005361736
7aadfcdc4.jpg,1,0,0.42492065
7aadfcdc4.jpg,2,0,0.09459423
7aadfcdc4.jpg,3,0,0.37787208
7aadfcdc4.jpg,4,0,0.011256863
7ad89a732.jpg,1,0,0.04850925
7ad89a732.jpg,2,0,0.007623814
7ad89a732.jpg,3,1,0.9062603
7ad89a732.jpg,4,0,0.00922796
7add4314d.jpg,1,0,0.076008596
7add4314d.jpg,2,0,0.03408051
7add4314d.jpg,3,1,0.89174324
7add4314d.jpg,4,0,0.0017022854
7ae21e551.jpg,1,0,0.09444355
7ae21e551.jpg,2,0,0.41706526
7ae21e551.jpg,3,1,0.6494576
7ae21e551.jpg,4,0,0.0067262216
7aed1cd14.jpg,1,0,0.55723864
7aed1cd14.jpg,2,0,0.017127017
7aed1cd14.jpg,3,0,0.37145093
7aed1cd14.jpg,4,0,0.008977909
7af1ebcf0.jpg,1,0,0.029359499
7af1ebcf0.jpg,2,0,0.0023170921
7af1ebcf0.jpg,3,1,0.6483713
7af1ebcf0.jpg,4,0,0.05695479
7afb9e3bd.jpg,1,0,0.030559247
7afb9e3bd.jpg,2,0,0.06529152
7afb9e3bd.jpg,3,1,0.90670675
7afb9e3bd.jpg,4,0,0.002641481
7b0435807.jpg,1,0,0.059226066
7b0435807.jpg,2,0,0.07207171
7b0435807.jpg,3,1,0.871232
7b0435807.jpg,4,0,0.0021997434
7b0e5d1c0.jpg,1,0,0.28550228
7b0e5d1c0.jpg,2,0,0.0038138218
7b0e5d1c0.jpg,3,1,0.7513464
7b0e5d1c0.jpg,4,0,0.017539106
7b1a9d481.jpg,1,0,0.031069884
7b1a9d481.jpg,2,0,0.003697327
7b1a9d481.jpg,3,1,0.8296916
7b1a9d481.jpg,4,0,0.024519728
7b1e64652.jpg,1,0,0.2264095
7b1e64652.jpg,2,0,0.28004128
7b1e64652.jpg,3,0,0.5792931
7b1e64652.jpg,4,0,0.0043028146
7b1ed2ad7.jpg,1,0,0.051742945
7b1ed2ad7.jpg,2,0,0.031642545
7b1ed2ad7.jpg,3,1,0.88157195
7b1ed2ad7.jpg,4,0,0.0024220652
7b3bb39d1.jpg,1,0,0.056997597
7b3bb39d1.jpg,2,0,0.035260838
7b3bb39d1.jpg,3,1,0.8813403
7b3bb39d1.jpg,4,0,0.0016057839
7b455e37c.jpg,1,0,0.062371787
7b455e37c.jpg,2,0,0.05551541
7b455e37c.jpg,3,1,0.85982347
7b455e37c.jpg,4,0,0.0033743866
7b46486f0.jpg,1,0,0.3438132
7b46486f0.jpg,2,0,0.5664186
7b46486f0.jpg,3,0,0.35895202
7b46486f0.jpg,4,0,0.003882589
7b5049c7e.jpg,1,0,0.5630189
7b5049c7e.jpg,2,0,0.1504577
7b5049c7e.jpg,3,0,0.21821435
7b5049c7e.jpg,4,0,0.07341669
7b5164e00.jpg,1,0,0.2994447
7b5164e00.jpg,2,0,0.054541353
7b5164e00.jpg,3,0,0.53369004
7b5164e00.jpg,4,0,0.14233291
7b5cdc832.jpg,1,0,0.18587928
7b5cdc832.jpg,2,0,0.07632339
7b5cdc832.jpg,3,0,0.5821013
7b5cdc832.jpg,4,0,0.064176045
7b75c6da8.jpg,1,0,0.035876084
7b75c6da8.jpg,2,0,0.0049179588
7b75c6da8.jpg,3,1,0.7634781
7b75c6da8.jpg,4,0,0.018282728
7b7c0c469.jpg,1,0,0.27151144
7b7c0c469.jpg,2,0,0.03264903
7b7c0c469.jpg,3,0,0.532889
7b7c0c469.jpg,4,0,0.030959085
7b84cb8f0.jpg,1,0,0.030525303
7b84cb8f0.jpg,2,0,0.0050244383
7b84cb8f0.jpg,3,1,0.7821458
7b84cb8f0.jpg,4,0,0.023888642
7b88645b7.jpg,1,0,0.05721882
7b88645b7.jpg,2,0,0.049193386
7b88645b7.jpg,3,1,0.87070084
7b88645b7.jpg,4,0,0.0019472456
7b8ac2c44.jpg,1,0,0.027402796
7b8ac2c44.jpg,2,0,0.0027564268
7b8ac2c44.jpg,3,1,0.9016711
7b8ac2c44.jpg,4,0,0.0076653617
7b91ce7db.jpg,1,0,0.0266932
7b91ce7db.jpg,2,0,0.0029590747
7b91ce7db.jpg,3,1,0.7085956
7b91ce7db.jpg,4,1,0.6479858
7bad5f279.jpg,1,0,0.23688662
7bad5f279.jpg,2,0,0.011720427
7bad5f279.jpg,3,0,0.58767915
7bad5f279.jpg,4,0,0.20497155
7bafb4469.jpg,1,0,0.14222094
7bafb4469.jpg,2,0,0.013876093
7bafb4469.jpg,3,1,0.8558907
7bafb4469.jpg,4,0,0.019648334
7bb538eee.jpg,1,0,0.46074045
7bb538eee.jpg,2,0,0.24963658
7bb538eee.jpg,3,0,0.51884913
7bb538eee.jpg,4,0,0.01131809
7bc436397.jpg,1,0,0.08789116
7bc436397.jpg,2,0,0.022510158
7bc436397.jpg,3,1,0.80997914
7bc436397.jpg,4,0,0.031635556
7bc7d5449.jpg,1,0,0.043123517
7bc7d5449.jpg,2,0,0.016165758
7bc7d5449.jpg,3,0,0.3880427
7bc7d5449.jpg,4,1,0.6338092
7be8cd98d.jpg,1,0,0.26116735
7be8cd98d.jpg,2,0,0.04060172
7be8cd98d.jpg,3,0,0.5250065
7be8cd98d.jpg,4,0,0.009829465
7be8ffa5f.jpg,1,1,0.6136506
7be8ffa5f.jpg,2,0,0.09023533
7be8ffa5f.jpg,3,0,0.2795668
7be8ffa5f.jpg,4,0,0.0031301647
7bed4da05.jpg,1,0,0.47588137
7bed4da05.jpg,2,0,0.057813775
7bed4da05.jpg,3,0,0.43134308
7bed4da05.jpg,4,0,0.023015318
7bfa422df.jpg,1,0,0.06307129
7bfa422df.jpg,2,0,0.045347307
7bfa422df.jpg,3,1,0.8688583
7bfa422df.jpg,4,0,0.002461776
7bfbd2c89.jpg,1,0,0.3581239
7bfbd2c89.jpg,2,0,0.019538041
7bfbd2c89.jpg,3,0,0.55723816
7bfbd2c89.jpg,4,0,0.0080123395
7c011e673.jpg,1,0,0.047375727
7c011e673.jpg,2,0,0.026503965
7c011e673.jpg,3,0,0.4029299
7c011e673.jpg,4,1,0.65506
7c0c3c5a1.jpg,1,0,0.56304556
7c0c3c5a1.jpg,2,0,0.0151704
7c0c3c5a1.jpg,3,0,0.41202268
7c0c3c5a1.jpg,4,0,0.018768793
7c1543f80.jpg,1,0,0.12687552
7c1543f80.jpg,2,0,0.013649255
7c1543f80.jpg,3,1,0.8455837
7c1543f80.jpg,4,0,0.0055938936
7c1874095.jpg,1,0,0.0739385
7c1874095.jpg,2,0,0.062845625
7c1874095.jpg,3,1,0.77661484
7c1874095.jpg,4,0,0.038146447
7c3efde41.jpg,1,0,0.23240717
7c3efde41.jpg,2,0,0.014167763
7c3efde41.jpg,3,1,0.80867106
7c3efde41.jpg,4,0,0.004641648
7c46d8f79.jpg,1,0,0.050753105
7c46d8f79.jpg,2,0,0.033788208
7c46d8f79.jpg,3,1,0.88828284
7c46d8f79.jpg,4,0,0.0024555118
7c5534db1.jpg,1,0,0.48139653
7c5534db1.jpg,2,0,0.085900545
7c5534db1.jpg,3,0,0.2763126
7c5534db1.jpg,4,0,0.018043011
7c5bbf1c9.jpg,1,0,0.31125996
7c5bbf1c9.jpg,2,0,0.004507353
7c5bbf1c9.jpg,3,1,0.77300096
7c5bbf1c9.jpg,4,0,0.02618157
7c769bc25.jpg,1,0,0.5737735
7c769bc25.jpg,2,0,0.013322543
7c769bc25.jpg,3,0,0.4382753
7c769bc25.jpg,4,0,0.016522026
7c76d1774.jpg,1,0,0.5851754
7c76d1774.jpg,2,0,0.019041173
7c76d1774.jpg,3,0,0.26174188
7c76d1774.jpg,4,0,0.017411921
7c870fe4b.jpg,1,0,0.10831344
7c870fe4b.jpg,2,0,0.25307754
7c870fe4b.jpg,3,0,0.5707522
7c870fe4b.jpg,4,0,0.007603664
7c8cec8d3.jpg,1,0,0.10965466
7c8cec8d3.jpg,2,0,0.027391985
7c8cec8d3.jpg,3,1,0.8537651
7c8cec8d3.jpg,4,0,0.0154000195
7c9031fc4.jpg,1,0,0.11066726
7c9031fc4.jpg,2,1,0.6992156
7c9031fc4.jpg,3,0,0.2376595
7c9031fc4.jpg,4,0,0.020020213
7cae7719c.jpg,1,0,0.02505253
7cae7719c.jpg,2,0,0.08431954
7cae7719c.jpg,3,1,0.8730603
7cae7719c.jpg,4,0,0.027431073
7cc1fb6ee.jpg,1,0,0.01434568
7cc1fb6ee.jpg,2,0,0.0024256918
7cc1fb6ee.jpg,3,1,0.89812714
7cc1fb6ee.jpg,4,0,0.11022992
7cccf944b.jpg,1,0,0.076147676
7cccf944b.jpg,2,0,0.037456546
7cccf944b.jpg,3,1,0.8781793
7cccf944b.jpg,4,0,0.0020374504
7cd146e5e.jpg,1,0,0.13910925
7cd146e5e.jpg,2,0,0.017369678
7cd146e5e.jpg,3,0,0.51560444
7cd146e5e.jpg,4,0,0.23480362
7cd36890a.jpg,1,0,0.013069101
7cd36890a.jpg,2,0,0.001937218
7cd36890a.jpg,3,1,0.8803564
7cd36890a.jpg,4,0,0.1011782
7cd5eaea4.jpg,1,0,0.50734353
7cd5eaea4.jpg,2,0,0.12466996
7cd5eaea4.jpg,3,0,0.3679004
7cd5eaea4.jpg,4,0,0.025167463
7cd86fd14.jpg,1,0,0.0781077
7cd86fd14.jpg,2,0,0.18020938
7cd86fd14.jpg,3,1,0.83504796
7cd86fd14.jpg,4,0,0.0024419182
7cda61a73.jpg,1,0,0.08115654
7cda61a73.jpg,2,0,0.0065662176
7cda61a73.jpg,3,1,0.8916602
7cda61a73.jpg,4,0,0.019616487
7ce0f3487.jpg,1,0,0.046348616
7ce0f3487.jpg,2,0,0.025718017
7ce0f3487.jpg,3,1,0.89930254
7ce0f3487.jpg,4,0,0.00241908
7cecb348f.jpg,1,0,0.049908787
7cecb348f.jpg,2,0,0.0033147505
7cecb348f.jpg,3,1,0.78967446
7cecb348f.jpg,4,0,0.019980012
7cfa7bd62.jpg,1,0,0.14941533
7cfa7bd62.jpg,2,0,0.16504434
7cfa7bd62.jpg,3,1,0.7511336
7cfa7bd62.jpg,4,0,0.011142033
7d02f8eb4.jpg,1,0,0.08513406
7d02f8eb4.jpg,2,0,0.006271673
7d02f8eb4.jpg,3,1,0.7921107
7d02f8eb4.jpg,4,0,0.016131774
7d09276e5.jpg,1,0,0.38306332
7d09276e5.jpg,2,1,0.6504874
7d09276e5.jpg,3,0,0.20265563
7d09276e5.jpg,4,0,0.0037880305
7d2d71d77.jpg,1,0,0.03442594
7d2d71d77.jpg,2,0,0.004413419
7d2d71d77.jpg,3,1,0.89843947
7d2d71d77.jpg,4,0,0.031247137
7d305d852.jpg,1,0,0.2959095
7d305d852.jpg,2,1,0.66510445
7d305d852.jpg,3,0,0.29542786
7d305d852.jpg,4,0,0.005440163
7d33979ff.jpg,1,0,0.06449169
7d33979ff.jpg,2,0,0.013085469
7d33979ff.jpg,3,0,0.52857035
7d33979ff.jpg,4,0,0.49111247
7d34eb7e1.jpg,1,0,0.31011003
7d34eb7e1.jpg,2,0,0.07980491
7d34eb7e1.jpg,3,0,0.53573346
7d34eb7e1.jpg,4,0,0.019815756
7d3b7bbd2.jpg,1,1,0.80695313
7d3b7bbd2.jpg,2,0,0.02590471
7d3b7bbd2.jpg,3,0,0.14309794
7d3b7bbd2.jpg,4,0,0.007086661
7d4053dfe.jpg,1,0,0.05379356
7d4053dfe.jpg,2,0,0.005323879
7d4053dfe.jpg,3,1,0.7351815
7d4053dfe.jpg,4,0,0.12367519
7d43c2756.jpg,1,0,0.30351415
7d43c2756.jpg,2,0,0.032455895
7d43c2756.jpg,3,0,0.5723292
7d43c2756.jpg,4,0,0.014603446
7d49fd550.jpg,1,1,0.7123434
7d49fd550.jpg,2,0,0.07388193
7d49fd550.jpg,3,0,0.1325019
7d49fd550.jpg,4,0,0.0068858094
7d5d01606.jpg,1,0,0.17756145
7d5d01606.jpg,2,0,0.020907754
7d5d01606.jpg,3,1,0.8272586
7d5d01606.jpg,4,0,0.015034184
7d625f491.jpg,1,0,0.04280824
7d625f491.jpg,2,0,0.022845065
7d625f491.jpg,3,1,0.8889174
7d625f491.jpg,4,0,0.002758087
7d62939af.jpg,1,0,0.10988313
7d62939af.jpg,2,0,0.014872824
7d62939af.jpg,3,1,0.786263
7d62939af.jpg,4,0,0.0064519565
7d69b7564.jpg,1,1,0.7461168
7d69b7564.jpg,2,0,0.012509142
7d69b7564.jpg,3,0,0.21773826
7d69b7564.jpg,4,0,0.05036576
7d806dcd4.jpg,1,1,0.63198555
7d806dcd4.jpg,2,0,0.0071288976
7d806dcd4.jpg,3,0,0.37034234
7d806dcd4.jpg,4,0,0.010343637
7d8a83b45.jpg,1,1,0.7615766
7d8a83b45.jpg,2,0,0.00410603
7d8a83b45.jpg,3,0,0.19532424
7d8a83b45.jpg,4,0,0.029226452
7d9041837.jpg,1,0,0.534741
7d9041837.jpg,2,0,0.008874873
7d9041837.jpg,3,0,0.3460234
7d9041837.jpg,4,0,0.120728135
7da002e13.jpg,1,0,0.2302816
7da002e13.jpg,2,0,0.32186136
7da002e13.jpg,3,0,0.54064494
7da002e13.jpg,4,0,0.0037597846
7db48c87c.jpg,1,0,0.18426071
7db48c87c.jpg,2,0,0.008231982
7db48c87c.jpg,3,1,0.785656
7db48c87c.jpg,4,0,0.018798174
7dd388867.jpg,1,0,0.47920778
7dd388867.jpg,2,0,0.033536747
7dd388867.jpg,3,0,0.57339936
7dd388867.jpg,4,0,0.04652642
7dd7fc396.jpg,1,1,0.6308418
7dd7fc396.jpg,2,0,0.19648443
7dd7fc396.jpg,3,0,0.4071834
7dd7fc396.jpg,4,0,0.007610988
7deb90272.jpg,1,0,0.041784793
7deb90272.jpg,2,0,0.011527042
7deb90272.jpg,3,1,0.77723736
7deb90272.jpg,4,0,0.14546245
7e104caad.jpg,1,0,0.23909754
7e104caad.jpg,2,0,0.008012175
7e104caad.jpg,3,1,0.73831624
7e104caad.jpg,4,0,0.034806743
7e1d18b03.jpg,1,0,0.42938328
7e1d18b03.jpg,2,0,0.11648577
7e1d18b03.jpg,3,0,0.29271027
7e1d18b03.jpg,4,0,0.009576552
7e1d4e3fd.jpg,1,0,0.18255852
7e1d4e3fd.jpg,2,0,0.0087649925
7e1d4e3fd.jpg,3,1,0.8545274
7e1d4e3fd.jpg,4,0,0.030053586
7e2c97697.jpg,1,0,0.1970994
7e2c97697.jpg,2,0,0.024000855
7e2c97697.jpg,3,1,0.7307438
7e2c97697.jpg,4,0,0.002516533
7e41ed9b0.jpg,1,0,0.03776549
7e41ed9b0.jpg,2,0,0.024213871
7e41ed9b0.jpg,3,0,0.19311637
7e41ed9b0.jpg,4,0,0.38744
7e4ab9d3c.jpg,1,1,0.7759537
7e4ab9d3c.jpg,2,0,0.010718922
7e4ab9d3c.jpg,3,0,0.12474444
7e4ab9d3c.jpg,4,0,0.029617867
7e4bd4081.jpg,1,0,0.054094795
7e4bd4081.jpg,2,0,0.004677151
7e4bd4081.jpg,3,1,0.89377594
7e4bd4081.jpg,4,0,0.014843196
7e54bcfd5.jpg,1,0,0.034959532
7e54bcfd5.jpg,2,0,0.017456489
7e54bcfd5.jpg,3,1,0.8699232
7e54bcfd5.jpg,4,0,0.010879721
7e586aedf.jpg,1,0,0.09818864
7e586aedf.jpg,2,0,0.0062613226
7e586aedf.jpg,3,1,0.90311956
7e586aedf.jpg,4,0,0.0058653415
7e639a487.jpg,1,0,0.5754936
7e639a487.jpg,2,0,0.09670272
7e639a487.jpg,3,0,0.21710372
7e639a487.jpg,4,0,0.04257545
7e6c1b300.jpg,1,0,0.4051485
7e6c1b300.jpg,2,0,0.12981574
7e6c1b300.jpg,3,0,0.4388168
7e6c1b300.jpg,4,0,0.008429459
7e6d54154.jpg,1,0,0.1692013
7e6d54154.jpg,2,0,0.052130144
7e6d54154.jpg,3,1,0.65535265
7e6d54154.jpg,4,0,0.0049320986
7e7631439.jpg,1,0,0.23742048
7e7631439.jpg,2,0,0.16937828
7e7631439.jpg,3,0,0.49991462
7e7631439.jpg,4,0,0.06727124
7e8904c22.jpg,1,0,0.039005782
7e8904c22.jpg,2,0,0.0054293014
7e8904c22.jpg,3,1,0.9298227
7e8904c22.jpg,4,0,0.010138714
7e8d7ecc4.jpg,1,0,0.051539388
7e8d7ecc4.jpg,2,0,0.0076867626
7e8d7ecc4.jpg,3,0,0.2502832
7e8d7ecc4.jpg,4,0,0.040541727
7e99c9be8.jpg,1,0,0.40523383
7e99c9be8.jpg,2,0,0.0051429537
7e99c9be8.jpg,3,1,0.7520845
7e99c9be8.jpg,4,0,0.017642628
7ea2ff7db.jpg,1,0,0.051913932
7ea2ff7db.jpg,2,0,0.0252205
7ea2ff7db.jpg,3,1,0.8851879
7ea2ff7db.jpg,4,0,0.0040124413
7ea6ef91a.jpg,1,0,0.10355421
7ea6ef91a.jpg,2,0,0.024913458
7ea6ef91a.jpg,3,1,0.7976718
7ea6ef91a.jpg,4,0,0.031773485
7eb199869.jpg,1,0,0.3414919
7eb199869.jpg,2,0,0.029077342
7eb199869.jpg,3,0,0.5664843
7eb199869.jpg,4,0,0.05728713
7eeb6c7c2.jpg,1,1,0.7479689
7eeb6c7c2.jpg,2,0,0.03493708
7eeb6c7c2.jpg,3,0,0.19935687
7eeb6c7c2.jpg,4,0,0.0223447
7ef378c92.jpg,1,0,0.040049095
7ef378c92.jpg,2,0,0.018697688
7ef378c92.jpg,3,1,0.8865809
7ef378c92.jpg,4,0,0.004324041
7f0220198.jpg,1,0,0.023022426
7f0220198.jpg,2,0,0.0038352215
7f0220198.jpg,3,1,0.9233677
7f0220198.jpg,4,0,0.003750852
7f1d12f80.jpg,1,0,0.061127946
7f1d12f80.jpg,2,0,0.027478673
7f1d12f80.jpg,3,1,0.8732068
7f1d12f80.jpg,4,0,0.008538391
7f1d3ec5e.jpg,1,0,0.31360355
7f1d3ec5e.jpg,2,0,0.15925705
7f1d3ec5e.jpg,3,0,0.5617996
7f1d3ec5e.jpg,4,0,0.0077158096
7f2f06ce3.jpg,1,0,0.3385574
7f2f06ce3.jpg,2,0,0.27694774
7f2f06ce3.jpg,3,0,0.40260038
7f2f06ce3.jpg,4,0,0.015478621
7f511f55f.jpg,1,0,0.22920108
7f511f55f.jpg,2,0,0.13079242
7f511f55f.jpg,3,0,0.48318306
7f511f55f.jpg,4,0,0.19349688
7f55e92c7.jpg,1,1,0.6951773
7f55e92c7.jpg,2,0,0.018475654
7f55e92c7.jpg,3,0,0.25387678
7f55e92c7.jpg,4,0,0.008788303
7f59826a8.jpg,1,1,0.6549178
7f59826a8.jpg,2,0,0.2102682
7f59826a8.jpg,3,0,0.34029832
7f59826a8.jpg,4,0,0.005953631
7f5b884c4.jpg,1,0,0.035827827
7f5b884c4.jpg,2,0,0.015177579
7f5b884c4.jpg,3,1,0.88142014
7f5b884c4.jpg,4,0,0.004263842
7f5df02c9.jpg,1,0,0.013902602
7f5df02c9.jpg,2,0,0.004602859
7f5df02c9.jpg,3,0,0.53298396
7f5df02c9.jpg,4,1,0.77611357
7f5f7ea4b.jpg,1,0,0.06164545
7f5f7ea4b.jpg,2,0,0.03961228
7f5f7ea4b.jpg,3,1,0.8800726
7f5f7ea4b.jpg,4,0,0.0013980375
7f7901508.jpg,1,0,0.1987999
7f7901508.jpg,2,0,0.5362748
7f7901508.jpg,3,0,0.2955222
7f7901508.jpg,4,0,0.0050926977
7f8b8a3c6.jpg,1,0,0.055265587
7f8b8a3c6.jpg,2,0,0.0093578845
7f8b8a3c6.jpg,3,1,0.8990417
7f8b8a3c6.jpg,4,0,0.0046989513
7f9ea512e.jpg,1,0,0.04936401
7f9ea512e.jpg,2,0,0.029394649
7f9ea512e.jpg,3,1,0.88407546
7f9ea512e.jpg,4,0,0.0020098418
7fa5a8890.jpg,1,0,0.067615375
7fa5a8890.jpg,2,0,0.009202439
7fa5a8890.jpg,3,0,0.4814407
7fa5a8890.jpg,4,1,0.70213324
7fabe497e.jpg,1,0,0.59750503
7fabe497e.jpg,2,0,0.0391168
7fabe497e.jpg,3,0,0.53005314
7fabe497e.jpg,4,0,0.0057057817
7fb1f710e.jpg,1,0,0.40215263
7fb1f710e.jpg,2,0,0.06369113
7fb1f710e.jpg,3,0,0.5940985
7fb1f710e.jpg,4,0,0.0045327856
7fb7489b6.jpg,1,0,0.5675516
7fb7489b6.jpg,2,0,0.0062404815
7fb7489b6.jpg,3,0,0.3888215
7fb7489b6.jpg,4,0,0.016917855
7fb883c43.jpg,1,0,0.14191897
7fb883c43.jpg,2,0,0.0076448875
7fb883c43.jpg,3,1,0.84666246
7fb883c43.jpg,4,0,0.0075491234
7fdd81591.jpg,1,0,0.011922921
7fdd81591.jpg,2,0,0.0018438204
7fdd81591.jpg,3,1,0.9169161
7fdd81591.jpg,4,0,0.016971363
7fe57c4cf.jpg,1,0,0.32019904
7fe57c4cf.jpg,2,0,0.10087504
7fe57c4cf.jpg,3,0,0.43603384
7fe57c4cf.jpg,4,0,0.10410812
7ffbb41ff.jpg,1,0,0.016688185
7ffbb41ff.jpg,2,0,0.0023258585
7ffbb41ff.jpg,3,1,0.9380464
7ffbb41ff.jpg,4,0,0.011237423
8007e1897.jpg,1,0,0.049402665
8007e1897.jpg,2,0,0.002759443
8007e1897.jpg,3,1,0.9234421
8007e1897.jpg,4,0,0.008715823
80111d56e.jpg,1,0,0.015792133
80111d56e.jpg,2,0,0.005896704
80111d56e.jpg,3,1,0.91455656
80111d56e.jpg,4,0,0.015069567
804ec4aa7.jpg,1,0,0.04050191
804ec4aa7.jpg,2,0,0.023931555
804ec4aa7.jpg,3,1,0.89874524
804ec4aa7.jpg,4,0,0.0014311955
8058364da.jpg,1,0,0.02364307
8058364da.jpg,2,0,0.0040691076
8058364da.jpg,3,1,0.64390236
8058364da.jpg,4,1,0.6315846
8058b2dd2.jpg,1,0,0.018525155
8058b2dd2.jpg,2,0,0.0036853533
8058b2dd2.jpg,3,0,0.40477934
8058b2dd2.jpg,4,1,0.8395423
80657f706.jpg,1,0,0.10645389
80657f706.jpg,2,0,0.03163232
80657f706.jpg,3,1,0.84720343
80657f706.jpg,4,0,0.004082336
80813065e.jpg,1,1,0.7694397
80813065e.jpg,2,0,0.03355849
80813065e.jpg,3,0,0.17847599
80813065e.jpg,4,0,0.029672613
808359bda.jpg,1,0,0.05568403
808359bda.jpg,2,0,0.03258288
808359bda.jpg,3,1,0.88694435
808359bda.jpg,4,0,0.0017076299
808c8e4fe.jpg,1,0,0.029892208
808c8e4fe.jpg,2,0,0.004518707
808c8e4fe.jpg,3,1,0.82657236
808c8e4fe.jpg,4,0,0.07838128
8096b5c0b.jpg,1,1,0.777723
8096b5c0b.jpg,2,0,0.00557673
8096b5c0b.jpg,3,0,0.19772248
8096b5c0b.jpg,4,0,0.03185624
80c2aaaa3.jpg,1,0,0.048990056
80c2aaaa3.jpg,2,0,0.007647922
80c2aaaa3.jpg,3,1,0.8292375
80c2aaaa3.jpg,4,0,0.029859195
80cbe5d35.jpg,1,0,0.10750025
80cbe5d35.jpg,2,0,0.003721066
80cbe5d35.jpg,3,0,0.5111692
80cbe5d35.jpg,4,0,0.50764865
80d489d3f.jpg,1,0,0.09160187
80d489d3f.jpg,2,0,0.0019136538
80d489d3f.jpg,3,1,0.93499476
80d489d3f.jpg,4,0,0.0027049494
80d4f7a25.jpg,1,1,0.69086003
80d4f7a25.jpg,2,0,0.018049011
80d4f7a25.jpg,3,0,0.26771566
80d4f7a25.jpg,4,0,0.008646102
80e315aae.jpg,1,0,0.2679068
80e315aae.jpg,2,0,0.012566663
80e315aae.jpg,3,1,0.67866606
80e315aae.jpg,4,0,0.06886291
80f14e5ba.jpg,1,0,0.03183686
80f14e5ba.jpg,2,0,0.0039048174
80f14e5ba.jpg,3,1,0.6100146
80f14e5ba.jpg,4,1,0.67187375
81058250a.jpg,1,0,0.05256082
81058250a.jpg,2,0,0.029968426
81058250a.jpg,3,1,0.86641115
81058250a.jpg,4,0,0.0015369081
810d0b688.jpg,1,0,0.04191658
810d0b688.jpg,2,0,0.0053130947
810d0b688.jpg,3,1,0.72015643
810d0b688.jpg,4,0,0.20358334
810e4cc20.jpg,1,0,0.12942885
810e4cc20.jpg,2,0,0.012187141
810e4cc20.jpg,3,1,0.84276193
810e4cc20.jpg,4,0,0.0055362913
811aacab9.jpg,1,0,0.14317521
811aacab9.jpg,2,0,0.024003917
811aacab9.jpg,3,0,0.56377524
811aacab9.jpg,4,0,0.0020348097
81230df11.jpg,1,0,0.09902218
81230df11.jpg,2,0,0.025133112
81230df11.jpg,3,1,0.7624827
81230df11.jpg,4,0,0.09136519
814181ea6.jpg,1,0,0.31524512
814181ea6.jpg,2,0,0.5643788
814181ea6.jpg,3,0,0.24144775
814181ea6.jpg,4,0,0.014881656
8159d2267.jpg,1,0,0.32757553
8159d2267.jpg,2,0,0.064182065
8159d2267.jpg,3,0,0.5736162
8159d2267.jpg,4,0,0.09434694
815a82a36.jpg,1,0,0.40012863
815a82a36.jpg,2,0,0.05680363
815a82a36.jpg,3,0,0.45012876
815a82a36.jpg,4,0,0.0166849
81652c0fd.jpg,1,1,0.74317056
81652c0fd.jpg,2,0,0.012510433
81652c0fd.jpg,3,0,0.29673976
81652c0fd.jpg,4,0,0.010643107
81729effb.jpg,1,0,0.14224963
81729effb.jpg,2,0,0.20593597
81729effb.jpg,3,1,0.603167
81729effb.jpg,4,0,0.003375722
817b8e204.jpg,1,1,0.71206784
817b8e204.jpg,2,0,0.015622615
817b8e204.jpg,3,0,0.2967392
817b8e204.jpg,4,0,0.013125059
817d399e2.jpg,1,0,0.1268994
817d399e2.jpg,2,0,0.090373166
817d399e2.jpg,3,1,0.8012164
817d399e2.jpg,4,0,0.0042908355
817fa3c75.jpg,1,0,0.031879194
817fa3c75.jpg,2,0,0.006323501
817fa3c75.jpg,3,1,0.63713145
817fa3c75.jpg,4,0,0.5999551
8187f1b45.jpg,1,0,0.52922505
8187f1b45.jpg,2,0,0.1316848
8187f1b45.jpg,3,0,0.24852853
8187f1b45.jpg,4,0,0.023409447
8191a7b5f.jpg,1,0,0.044502508
8191a7b5f.jpg,2,0,0.015950467
8191a7b5f.jpg,3,1,0.902018
8191a7b5f.jpg,4,0,0.005496267
81977df67.jpg,1,1,0.7724077
81977df67.jpg,2,0,0.0115265995
81977df67.jpg,3,0,0.1287073
81977df67.jpg,4,0,0.023017013
81a5138eb.jpg,1,0,0.210725
81a5138eb.jpg,2,0,0.06726929
81a5138eb.jpg,3,0,0.53763443
81a5138eb.jpg,4,0,0.0077985167
81ab9ba70.jpg,1,0,0.35940894
81ab9ba70.jpg,2,0,0.47206053
81ab9ba70.jpg,3,0,0.43781528
81ab9ba70.jpg,4,0,0.0036998831
81da020a0.jpg,1,0,0.038409486
81da020a0.jpg,2,0,0.007756571
81da020a0.jpg,3,0,0.32139245
81da020a0.jpg,4,1,0.8311236
81dadbdc9.jpg,1,0,0.3337972
81dadbdc9.jpg,2,0,0.007811705
81dadbdc9.jpg,3,1,0.6777411
81dadbdc9.jpg,4,0,0.095368125
81ec61775.jpg,1,0,0.21272188
81ec61775.jpg,2,0,0.006470133
81ec61775.jpg,3,1,0.8666691
81ec61775.jpg,4,0,0.00394568
81f24d28c.jpg,1,0,0.019627748
81f24d28c.jpg,2,0,0.003511659
81f24d28c.jpg,3,1,0.7558852
81f24d28c.jpg,4,0,0.25731823
81f463b4d.jpg,1,0,0.2696457
81f463b4d.jpg,2,1,0.62856466
81f463b4d.jpg,3,0,0.30842844
81f463b4d.jpg,4,0,0.0040473724
8202207ce.jpg,1,1,0.6197277
8202207ce.jpg,2,0,0.012677169
8202207ce.jpg,3,0,0.4666225
8202207ce.jpg,4,0,0.0063533913
82403fd7a.jpg,1,0,0.040022705
82403fd7a.jpg,2,0,0.005154235
82403fd7a.jpg,3,0,0.33284625
82403fd7a.jpg,4,1,0.81048244
824e882f3.jpg,1,0,0.5657921
824e882f3.jpg,2,0,0.5043724
824e882f3.jpg,3,0,0.27452812
824e882f3.jpg,4,0,0.0044981907
825f8fddc.jpg,1,0,0.22733451
825f8fddc.jpg,2,0,0.4937
825f8fddc.jpg,3,0,0.4008831
825f8fddc.jpg,4,0,0.008748693
82779b17d.jpg,1,0,0.19157636
82779b17d.jpg,2,0,0.0071444106
82779b17d.jpg,3,0,0.51975256
82779b17d.jpg,4,0,0.39957568
8279b4706.jpg,1,0,0.36120963
8279b4706.jpg,2,0,0.0069710873
8279b4706.jpg,3,0,0.57020915
8279b4706.jpg,4,0,0.03562237
8285262cc.jpg,1,0,0.020891711
8285262cc.jpg,2,0,0.0035644665
8285262cc.jpg,3,1,0.7454496
8285262cc.jpg,4,0,0.3183619
828a7eba8.jpg,1,0,0.049441498
828a7eba8.jpg,2,0,0.003918237
828a7eba8.jpg,3,1,0.81955266
828a7eba8.jpg,4,0,0.05005698
82c8fbab8.jpg,1,0,0.34937486
82c8fbab8.jpg,2,0,0.08449072
82c8fbab8.jpg,3,1,0.62765545
82c8fbab8.jpg,4,0,0.01658188
82ed0b96f.jpg,1,0,0.050477397
82ed0b96f.jpg,2,0,0.032683793
82ed0b96f.jpg,3,1,0.8771219
82ed0b96f.jpg,4,0,0.017152274
830421da9.jpg,1,0,0.018293245
830421da9.jpg,2,0,0.007817434
830421da9.jpg,3,1,0.87441874
830421da9.jpg,4,0,0.03184715
830ebda8b.jpg,1,0,0.46603417
830ebda8b.jpg,2,0,0.0049068313
830ebda8b.jpg,3,1,0.6318883
830ebda8b.jpg,4,0,0.025559766
83125fa81.jpg,1,0,0.11295279
83125fa81.jpg,2,0,0.014190964
83125fa81.jpg,3,1,0.8457671
83125fa81.jpg,4,0,0.044323653
831886e2b.jpg,1,1,0.70569277
831886e2b.jpg,2,0,0.019196633
831886e2b.jpg,3,0,0.2665958
831886e2b.jpg,4,0,0.033117224
83325a620.jpg,1,0,0.3483369
83325a620.jpg,2,0,0.011247054
83325a620.jpg,3,1,0.638453
83325a620.jpg,4,0,0.007200468
83583bd46.jpg,1,0,0.2898579
83583bd46.jpg,2,0,0.10273033
83583bd46.jpg,3,0,0.46038398
83583bd46.jpg,4,0,0.07104664
835c2bb65.jpg,1,0,0.1339267
835c2bb65.jpg,2,0,0.010935153
835c2bb65.jpg,3,0,0.5843798
835c2bb65.jpg,4,0,0.20129317
837f2703c.jpg,1,0,0.06680151
837f2703c.jpg,2,0,0.0056000226
837f2703c.jpg,3,1,0.88287973
837f2703c.jpg,4,0,0.015540951
83826baba.jpg,1,0,0.05340093
83826baba.jpg,2,0,0.02813664
83826baba.jpg,3,1,0.9003934
83826baba.jpg,4,0,0.0020088758
83855bf3d.jpg,1,0,0.26557198
83855bf3d.jpg,2,1,0.64574045
83855bf3d.jpg,3,0,0.22461362
83855bf3d.jpg,4,0,0.0072297496
83926cb04.jpg,1,0,0.020020729
83926cb04.jpg,2,0,0.0033998752
83926cb04.jpg,3,0,0.34970644
83926cb04.jpg,4,1,0.7855997
8397fb1d8.jpg,1,0,0.029978657
8397fb1d8.jpg,2,0,0.017366147
8397fb1d8.jpg,3,0,0.17869961
8397fb1d8.jpg,4,0,0.35016635
83a0dbb43.jpg,1,0,0.062973104
83a0dbb43.jpg,2,0,0.036285426
83a0dbb43.jpg,3,1,0.86910075
83a0dbb43.jpg,4,0,0.0022946245
83a187036.jpg,1,0,0.05365856
83a187036.jpg,2,0,0.03324205
83a187036.jpg,3,1,0.8915491
83a187036.jpg,4,0,0.0014691046
83a1ec767.jpg,1,0,0.26050928
83a1ec767.jpg,2,0,0.030271083
83a1ec767.jpg,3,1,0.6370571
83a1ec767.jpg,4,0,0.016593004
83a5fc687.jpg,1,0,0.08506751
83a5fc687.jpg,2,0,0.106038034
83a5fc687.jpg,3,1,0.78645205
83a5fc687.jpg,4,0,0.05453116
83aa61a19.jpg,1,0,0.12988992
83aa61a19.jpg,2,0,0.17729998
83aa61a19.jpg,3,1,0.80550975
83aa61a19.jpg,4,0,0.0034654078
83bcf8a31.jpg,1,0,0.03078761
83bcf8a31.jpg,2,0,0.0065216203
83bcf8a31.jpg,3,1,0.876456
83bcf8a31.jpg,4,0,0.047757115
83d28c8b3.jpg,1,0,0.31508318
83d28c8b3.jpg,2,0,0.08927876
83d28c8b3.jpg,3,0,0.58924145
83d28c8b3.jpg,4,0,0.0028666202
83dc31c72.jpg,1,0,0.03506731
83dc31c72.jpg,2,0,0.0033921984
83dc31c72.jpg,3,1,0.7656285
83dc31c72.jpg,4,0,0.03266818
83dc500bd.jpg,1,0,0.38429168
83dc500bd.jpg,2,0,0.013496816
83dc500bd.jpg,3,1,0.7000627
83dc500bd.jpg,4,0,0.0074014603
83f043cea.jpg,1,0,0.10384055
83f043cea.jpg,2,0,0.0013683053
83f043cea.jpg,3,1,0.8452923
83f043cea.jpg,4,0,0.022516975
83f590eb5.jpg,1,0,0.3950014
83f590eb5.jpg,2,0,0.3578887
83f590eb5.jpg,3,0,0.2052304
83f590eb5.jpg,4,0,0.026217118
83f8bc981.jpg,1,1,0.6978519
83f8bc981.jpg,2,0,0.026095739
83f8bc981.jpg,3,0,0.23364876
83f8bc981.jpg,4,0,0.015058701
83fb62633.jpg,1,0,0.1911266
83fb62633.jpg,2,0,0.008566747
83fb62633.jpg,3,1,0.83587646
83fb62633.jpg,4,0,0.0137985535
83fe02b94.jpg,1,0,0.17989695
83fe02b94.jpg,2,0,0.014481641
83fe02b94.jpg,3,0,0.35591796
83fe02b94.jpg,4,0,0.14468296
841205686.jpg,1,0,0.038850218
841205686.jpg,2,0,0.022861907
841205686.jpg,3,1,0.90425104
841205686.jpg,4,0,0.0032773188
841305fc9.jpg,1,0,0.10137113
841305fc9.jpg,2,0,0.0038442165
841305fc9.jpg,3,1,0.9253516
841305fc9.jpg,4,0,0.008388191
84273b428.jpg,1,0,0.12010639
84273b428.jpg,2,1,0.68166065
84273b428.jpg,3,0,0.19774574
84273b428.jpg,4,0,0.025297781
8430c2ce9.jpg,1,0,0.5293414
8430c2ce9.jpg,2,0,0.021812618
8430c2ce9.jpg,3,0,0.27801952
8430c2ce9.jpg,4,0,0.0694124
8446c7668.jpg,1,0,0.27192017
8446c7668.jpg,2,0,0.02922646
8446c7668.jpg,3,0,0.50089747
8446c7668.jpg,4,0,0.008992887
844cccf91.jpg,1,0,0.13475126
844cccf91.jpg,2,0,0.023145936
844cccf91.jpg,3,1,0.8331627
844cccf91.jpg,4,0,0.010110323
844d1610d.jpg,1,0,0.18813813
844d1610d.jpg,2,0,0.04161213
844d1610d.jpg,3,1,0.7983795
844d1610d.jpg,4,0,0.0133417435
8455f4fef.jpg,1,0,0.29092696
8455f4fef.jpg,2,0,0.33739004
8455f4fef.jpg,3,0,0.55689913
8455f4fef.jpg,4,0,0.0034205888
84594a283.jpg,1,0,0.17252512
84594a283.jpg,2,0,0.004694341
84594a283.jpg,3,1,0.844779
84594a283.jpg,4,0,0.0050730617
845cefdc3.jpg,1,1,0.69248575
845cefdc3.jpg,2,0,0.0249436
845cefdc3.jpg,3,0,0.53968734
845cefdc3.jpg,4,0,0.021125108
845ea6711.jpg,1,0,0.012147133
845ea6711.jpg,2,0,0.0014511166
845ea6711.jpg,3,0,0.5639662
845ea6711.jpg,4,1,0.68882173
84625cf81.jpg,1,0,0.31712595
84625cf81.jpg,2,0,0.02027657
84625cf81.jpg,3,0,0.22357593
84625cf81.jpg,4,0,0.012007353
84652c588.jpg,1,0,0.051482607
84652c588.jpg,2,0,0.030193916
84652c588.jpg,3,1,0.89915466
84652c588.jpg,4,0,0.002214601
8469d36bf.jpg,1,0,0.3323684
8469d36bf.jpg,2,0,0.16804712
8469d36bf.jpg,3,0,0.40383163
8469d36bf.jpg,4,0,0.13983345
846fff7a8.jpg,1,0,0.51571923
846fff7a8.jpg,2,0,0.20303841
846fff7a8.jpg,3,0,0.42509052
846fff7a8.jpg,4,0,0.007879404
8475899d7.jpg,1,0,0.058453694
8475899d7.jpg,2,0,0.05919299
8475899d7.jpg,3,1,0.8796966
8475899d7.jpg,4,0,0.0021750682
8486cd41b.jpg,1,0,0.5605972
8486cd41b.jpg,2,0,0.32742268
8486cd41b.jpg,3,0,0.23188402
8486cd41b.jpg,4,0,0.029255696
848be142e.jpg,1,0,0.0730783
848be142e.jpg,2,1,0.6596824
848be142e.jpg,3,0,0.3085254
848be142e.jpg,4,0,0.024588415
84a86bda1.jpg,1,1,0.76609397
84a86bda1.jpg,2,0,0.039390776
84a86bda1.jpg,3,0,0.22626877
84a86bda1.jpg,4,0,0.09401733
84add8883.jpg,1,1,0.79492444
84add8883.jpg,2,0,0.006678536
84add8883.jpg,3,0,0.1339248
84add8883.jpg,4,0,0.00938875
84b10856b.jpg,1,0,0.35819444
84b10856b.jpg,2,0,0.027268624
84b10856b.jpg,3,1,0.6208972
84b10856b.jpg,4,0,0.02790567
84b51fda5.jpg,1,0,0.048419263
84b51fda5.jpg,2,0,0.003918949
84b51fda5.jpg,3,1,0.7993286
84b51fda5.jpg,4,0,0.02511091
84bdf6af0.jpg,1,0,0.041681737
84bdf6af0.jpg,2,0,0.027178347
84bdf6af0.jpg,3,1,0.8692591
84bdf6af0.jpg,4,0,0.019543426
84c31d0e6.jpg,1,0,0.035396844
84c31d0e6.jpg,2,0,0.016677344
84c31d0e6.jpg,3,1,0.87839967
84c31d0e6.jpg,4,0,0.005035616
84cf5227c.jpg,1,0,0.47349367
84cf5227c.jpg,2,0,0.21634282
84cf5227c.jpg,3,0,0.40879464
84cf5227c.jpg,4,0,0.0066171414
84e348664.jpg,1,0,0.05589092
84e348664.jpg,2,0,0.03892083
84e348664.jpg,3,1,0.8824875
84e348664.jpg,4,0,0.0010455553
84e5b87d3.jpg,1,0,0.15944645
84e5b87d3.jpg,2,0,0.054153144
84e5b87d3.jpg,3,1,0.74370456
84e5b87d3.jpg,4,0,0.023949293
84ef50751.jpg,1,0,0.16158877
84ef50751.jpg,2,0,0.0041940697
84ef50751.jpg,3,0,0.5428479
84ef50751.jpg,4,0,0.1014168
850b69e1e.jpg,1,0,0.10398399
850b69e1e.jpg,2,0,0.02662413
850b69e1e.jpg,3,1,0.7806358
850b69e1e.jpg,4,0,0.003086959
8514adb31.jpg,1,0,0.01758106
8514adb31.jpg,2,0,0.0041261683
8514adb31.jpg,3,0,0.39877155
8514adb31.jpg,4,1,0.8483443
851c13f4b.jpg,1,0,0.05576517
851c13f4b.jpg,2,0,0.47640315
851c13f4b.jpg,3,0,0.3604792
851c13f4b.jpg,4,0,0.0140074305
851d08c7e.jpg,1,0,0.38216016
851d08c7e.jpg,2,0,0.42677712
851d08c7e.jpg,3,0,0.37788904
851d08c7e.jpg,4,0,0.003758279
852e75b64.jpg,1,0,0.022410085
852e75b64.jpg,2,0,0.0035137052
852e75b64.jpg,3,0,0.41589734
852e75b64.jpg,4,1,0.87391424
8537ff65f.jpg,1,0,0.04725486
8537ff65f.jpg,2,0,0.0053116865
8537ff65f.jpg,3,0,0.5738247
8537ff65f.jpg,4,1,0.6467091
85479d313.jpg,1,0,0.28584132
85479d313.jpg,2,0,0.393621
85479d313.jpg,3,0,0.5812342
85479d313.jpg,4,0,0.0034190465
854cc93ba.jpg,1,1,0.7080388
854cc93ba.jpg,2,0,0.01075193
854cc93ba.jpg,3,0,0.27820477
854cc93ba.jpg,4,0,0.060096692
8553cb317.jpg,1,1,0.63899964
8553cb317.jpg,2,0,0.04534961
8553cb317.jpg,3,0,0.27221727
8553cb317.jpg,4,0,0.005747415
85620a8c1.jpg,1,0,0.54456097
85620a8c1.jpg,2,0,0.22528253
85620a8c1.jpg,3,0,0.39884853
85620a8c1.jpg,4,0,0.010361216
856227c65.jpg,1,0,0.15952884
856227c65.jpg,2,0,0.4150342
856227c65.jpg,3,0,0.3829516
856227c65.jpg,4,0,0.0062271245
856ef5d4e.jpg,1,1,0.6619112
856ef5d4e.jpg,2,0,0.0053075603
856ef5d4e.jpg,3,0,0.5288931
856ef5d4e.jpg,4,0,0.08558204
858e74ccd.jpg,1,0,0.26917446
858e74ccd.jpg,2,0,0.04291289
858e74ccd.jpg,3,1,0.6227772
858e74ccd.jpg,4,0,0.018472893
85cdc422f.jpg,1,0,0.014226596
85cdc422f.jpg,2,0,0.010821111
85cdc422f.jpg,3,0,0.5861695
85cdc422f.jpg,4,0,0.5195504
85d9d5cbb.jpg,1,0,0.13197833
85d9d5cbb.jpg,2,0,0.011418872
85d9d5cbb.jpg,3,1,0.8681772
85d9d5cbb.jpg,4,0,0.0048248135
85dccb649.jpg,1,1,0.7138677
85dccb649.jpg,2,0,0.05399405
85dccb649.jpg,3,0,0.22220373
85dccb649.jpg,4,0,0.2374419
85de2ae47.jpg,1,0,0.054093167
85de2ae47.jpg,2,0,0.061852917
85de2ae47.jpg,3,1,0.859648
85de2ae47.jpg,4,0,0.0036610486
85eb63383.jpg,1,0,0.072704464
85eb63383.jpg,2,0,0.087359
85eb63383.jpg,3,1,0.8573344
85eb63383.jpg,4,0,0.0023589865
85ee230e3.jpg,1,0,0.29688752
85ee230e3.jpg,2,0,0.018547146
85ee230e3.jpg,3,0,0.5242732
85ee230e3.jpg,4,0,0.07164822
85f91fed5.jpg,1,0,0.044670235
85f91fed5.jpg,2,0,0.0052392967
85f91fed5.jpg,3,1,0.91330737
85f91fed5.jpg,4,0,0.0072443224
86158d6eb.jpg,1,0,0.02478671
86158d6eb.jpg,2,0,0.003865308
86158d6eb.jpg,3,1,0.7015465
86158d6eb.jpg,4,1,0.6415419
8629ee178.jpg,1,0,0.35122526
8629ee178.jpg,2,0,0.0045366287
8629ee178.jpg,3,1,0.83287245
8629ee178.jpg,4,0,0.026693603
863834f74.jpg,1,0,0.3437061
863834f74.jpg,2,0,0.16543172
863834f74.jpg,3,0,0.39431953
863834f74.jpg,4,0,0.06583174
8640a1010.jpg,1,0,0.033266827
8640a1010.jpg,2,0,0.008282353
8640a1010.jpg,3,1,0.91340023
8640a1010.jpg,4,0,0.0025380843
8644699ca.jpg,1,0,0.02473463
8644699ca.jpg,2,0,0.015378282
8644699ca.jpg,3,1,0.9094419
8644699ca.jpg,4,0,0.003542104
8651335e0.jpg,1,0,0.009083663
8651335e0.jpg,2,0,0.0016066983
8651335e0.jpg,3,0,0.45157874
8651335e0.jpg,4,1,0.8249555
867a9108a.jpg,1,0,0.09409732
867a9108a.jpg,2,0,0.073303975
867a9108a.jpg,3,1,0.7082159
867a9108a.jpg,4,0,0.0062508136
8684c7d86.jpg,1,0,0.06212991
8684c7d86.jpg,2,0,0.09838242
8684c7d86.jpg,3,1,0.6979888
8684c7d86.jpg,4,0,0.0134225115
869409232.jpg,1,0,0.37317583
869409232.jpg,2,0,0.022905841
869409232.jpg,3,1,0.6481442
869409232.jpg,4,0,0.00846653
86b778f56.jpg,1,0,0.19360895
86b778f56.jpg,2,0,0.012538564
86b778f56.jpg,3,0,0.4615163
86b778f56.jpg,4,0,0.4783435
86b846c79.jpg,1,0,0.19734786
86b846c79.jpg,2,0,0.13709067
86b846c79.jpg,3,1,0.6892516
86b846c79.jpg,4,0,0.04872417
86c1f219f.jpg,1,0,0.123980075
86c1f219f.jpg,2,0,0.029711716
86c1f219f.jpg,3,1,0.7360907
86c1f219f.jpg,4,0,0.018141504
86c3a4a3f.jpg,1,0,0.07829607
86c3a4a3f.jpg,2,0,0.004069079
86c3a4a3f.jpg,3,1,0.86001253
86c3a4a3f.jpg,4,0,0.17313223
86cd81ac1.jpg,1,0,0.11539912
86cd81ac1.jpg,2,0,0.034839574
86cd81ac1.jpg,3,1,0.6751654
86cd81ac1.jpg,4,0,0.09760795
86d2461e3.jpg,1,0,0.02128163
86d2461e3.jpg,2,0,0.0041882866
86d2461e3.jpg,3,1,0.7700278
86d2461e3.jpg,4,0,0.5213751
86d73c437.jpg,1,0,0.14053285
86d73c437.jpg,2,0,0.04774152
86d73c437.jpg,3,1,0.77828026
86d73c437.jpg,4,0,0.0042224745
86e69039d.jpg,1,0,0.07282048
86e69039d.jpg,2,0,0.027317414
86e69039d.jpg,3,1,0.86415726
86e69039d.jpg,4,0,0.023619024
86eb948b6.jpg,1,1,0.71486527
86eb948b6.jpg,2,0,0.022280032
86eb948b6.jpg,3,0,0.313553
86eb948b6.jpg,4,0,0.014026183
86fe3cf8c.jpg,1,0,0.115691446
86fe3cf8c.jpg,2,0,0.05621764
86fe3cf8c.jpg,3,1,0.8340123
86fe3cf8c.jpg,4,0,0.0051082596
87094273c.jpg,1,0,0.027227996
87094273c.jpg,2,0,0.03148653
87094273c.jpg,3,1,0.89328605
87094273c.jpg,4,0,0.018434884
8746dc7de.jpg,1,1,0.7114301
8746dc7de.jpg,2,0,0.016497463
8746dc7de.jpg,3,0,0.32715973
8746dc7de.jpg,4,0,0.038983718
8746e886d.jpg,1,0,0.014422706
8746e886d.jpg,2,0,0.0023376928
8746e886d.jpg,3,1,0.68407184
8746e886d.jpg,4,1,0.773262
8748e528c.jpg,1,0,0.022121077
8748e528c.jpg,2,0,0.0026368329
8748e528c.jpg,3,1,0.91916806
8748e528c.jpg,4,0,0.023176655
874f5fe53.jpg,1,0,0.05456089
874f5fe53.jpg,2,0,0.027393704
874f5fe53.jpg,3,1,0.86161757
874f5fe53.jpg,4,0,0.003203637
875d6dbb5.jpg,1,1,0.77269775
875d6dbb5.jpg,2,0,0.0043668817
875d6dbb5.jpg,3,0,0.20111977
875d6dbb5.jpg,4,0,0.026449338
8765b3cdb.jpg,1,0,0.027198806
8765b3cdb.jpg,2,0,0.011766608
8765b3cdb.jpg,3,0,0.48681974
8765b3cdb.jpg,4,1,0.6789786
876c2ad63.jpg,1,0,0.038351994
876c2ad63.jpg,2,0,0.09122503
876c2ad63.jpg,3,1,0.87069386
876c2ad63.jpg,4,0,0.040954042
877398d79.jpg,1,0,0.18607645
877398d79.jpg,2,0,0.48162758
877398d79.jpg,3,0,0.367077
877398d79.jpg,4,0,0.003825765
87948b5e1.jpg,1,1,0.7059974
87948b5e1.jpg,2,0,0.036158066
87948b5e1.jpg,3,0,0.19821842
87948b5e1.jpg,4,0,0.0055675306
87a7f6b7f.jpg,1,0,0.088572145
87a7f6b7f.jpg,2,0,0.0049149
87a7f6b7f.jpg,3,0,0.54624397
87a7f6b7f.jpg,4,1,0.6588195
87afdd01d.jpg,1,0,0.2841533
87afdd01d.jpg,2,0,0.015170276
87afdd01d.jpg,3,1,0.686405
87afdd01d.jpg,4,0,0.046679962
87b013c0d.jpg,1,0,0.024446538
87b013c0d.jpg,2,0,0.0016988246
87b013c0d.jpg,3,1,0.6408455
87b013c0d.jpg,4,1,0.63749844
87c5bbcba.jpg,1,0,0.30382758
87c5bbcba.jpg,2,0,0.08482934
87c5bbcba.jpg,3,0,0.5226776
87c5bbcba.jpg,4,0,0.034728527
87cb8411d.jpg,1,0,0.06619896
87cb8411d.jpg,2,0,0.04673457
87cb8411d.jpg,3,1,0.8843941
87cb8411d.jpg,4,0,0.0029724461
87f4645ee.jpg,1,0,0.0536073
87f4645ee.jpg,2,0,0.032169983
87f4645ee.jpg,3,1,0.87945396
87f4645ee.jpg,4,0,0.0016561175
8827f75d2.jpg,1,0,0.06419597
8827f75d2.jpg,2,0,0.0329715
8827f75d2.jpg,3,1,0.8702871
8827f75d2.jpg,4,0,0.0021258823
883044b23.jpg,1,0,0.037535716
883044b23.jpg,2,0,0.13107198
883044b23.jpg,3,1,0.6838937
883044b23.jpg,4,0,0.048766807
883e3ef86.jpg,1,0,0.27830634
883e3ef86.jpg,2,0,0.16825558
883e3ef86.jpg,3,1,0.6280642
883e3ef86.jpg,4,0,0.0077079157
884488d16.jpg,1,0,0.32126892
884488d16.jpg,2,0,0.21835957
884488d16.jpg,3,1,0.6887594
884488d16.jpg,4,0,0.004647918
884d093db.jpg,1,1,0.727287
884d093db.jpg,2,0,0.22735275
884d093db.jpg,3,0,0.2132932
884d093db.jpg,4,0,0.006290112
8866411ee.jpg,1,0,0.12546398
8866411ee.jpg,2,0,0.050953355
8866411ee.jpg,3,1,0.6622331
8866411ee.jpg,4,0,0.12011214
886cca389.jpg,1,0,0.061122
886cca389.jpg,2,0,0.36906067
886cca389.jpg,3,1,0.6709257
886cca389.jpg,4,0,0.010856382
886f6ea24.jpg,1,0,0.01848909
886f6ea24.jpg,2,0,0.0024663252
886f6ea24.jpg,3,1,0.93544555
886f6ea24.jpg,4,0,0.0102386065
8870a4807.jpg,1,0,0.22053616
8870a4807.jpg,2,0,0.116221495
8870a4807.jpg,3,0,0.31266567
8870a4807.jpg,4,0,0.22199643
8891df7f8.jpg,1,1,0.82212543
8891df7f8.jpg,2,0,0.027510116
8891df7f8.jpg,3,0,0.15846837
8891df7f8.jpg,4,0,0.010024815
8898c8600.jpg,1,0,0.03570671
8898c8600.jpg,2,0,0.016165875
8898c8600.jpg,3,1,0.8828227
8898c8600.jpg,4,0,0.0042806454
88afdeeb8.jpg,1,1,0.7550743
88afdeeb8.jpg,2,0,0.0754437
88afdeeb8.jpg,3,0,0.13799788
88afdeeb8.jpg,4,0,0.0063628466
88bfc04e8.jpg,1,0,0.0536076
88bfc04e8.jpg,2,0,0.032062728
88bfc04e8.jpg,3,1,0.88233924
88bfc04e8.jpg,4,0,0.003564179
88c28e786.jpg,1,0,0.02943945
88c28e786.jpg,2,0,0.0042527188
88c28e786.jpg,3,1,0.64816195
88c28e786.jpg,4,0,0.39926803
88c815295.jpg,1,0,0.57580143
88c815295.jpg,2,0,0.29687443
88c815295.jpg,3,0,0.16341
88c815295.jpg,4,0,0.043686166
88cac130e.jpg,1,0,0.15907581
88cac130e.jpg,2,0,0.35075006
88cac130e.jpg,3,0,0.41735494
88cac130e.jpg,4,0,0.014108327
88cacaf33.jpg,1,0,0.051983345
88cacaf33.jpg,2,0,0.033687323
88cacaf33.jpg,3,1,0.8772455
88cacaf33.jpg,4,0,0.0018780109
88cf03b8b.jpg,1,0,0.2127346
88cf03b8b.jpg,2,0,0.51189375
88cf03b8b.jpg,3,0,0.37996373
88cf03b8b.jpg,4,0,0.0071802437
88cf96341.jpg,1,0,0.025299853
88cf96341.jpg,2,0,0.0035965582
88cf96341.jpg,3,1,0.91758156
88cf96341.jpg,4,0,0.0044588083
88f6d4788.jpg,1,0,0.04799507
88f6d4788.jpg,2,0,0.027821444
88f6d4788.jpg,3,1,0.8849998
88f6d4788.jpg,4,0,0.0012443191
88fbd53c2.jpg,1,1,0.74179703
88fbd53c2.jpg,2,0,0.029672554
88fbd53c2.jpg,3,0,0.20531602
88fbd53c2.jpg,4,0,0.007828543
892ad9f43.jpg,1,0,0.059841495
892ad9f43.jpg,2,0,0.014166848
892ad9f43.jpg,3,1,0.90664417
892ad9f43.jpg,4,0,0.0038844754
8935887d8.jpg,1,0,0.036142945
8935887d8.jpg,2,0,0.10323116
8935887d8.jpg,3,1,0.89168113
8935887d8.jpg,4,0,0.0018753981
8940f8757.jpg,1,0,0.18704396
8940f8757.jpg,2,0,0.036588274
8940f8757.jpg,3,1,0.72551936
8940f8757.jpg,4,0,0.0051015215
894aa00b0.jpg,1,0,0.03787492
894aa00b0.jpg,2,0,0.021765776
894aa00b0.jpg,3,1,0.90770775
894aa00b0.jpg,4,0,0.0014176398
894f44f02.jpg,1,0,0.23628561
894f44f02.jpg,2,0,0.025879165
894f44f02.jpg,3,0,0.32886085
894f44f02.jpg,4,0,0.45761254
895c5bfbf.jpg,1,0,0.05049338
895c5bfbf.jpg,2,0,0.028436279
895c5bfbf.jpg,3,1,0.8912098
895c5bfbf.jpg,4,0,0.0017011958
895de83da.jpg,1,1,0.6179626
895de83da.jpg,2,0,0.28112963
895de83da.jpg,3,0,0.27609554
895de83da.jpg,4,0,0.005212488
8973e4e91.jpg,1,0,0.49274752
8973e4e91.jpg,2,0,0.17397553
8973e4e91.jpg,3,0,0.5136606
8973e4e91.jpg,4,0,0.0026631954
89940154a.jpg,1,0,0.297685
89940154a.jpg,2,0,0.022344455
89940154a.jpg,3,0,0.5612565
89940154a.jpg,4,0,0.0076931394
89977988b.jpg,1,0,0.5788684
89977988b.jpg,2,0,0.12350213
89977988b.jpg,3,0,0.26482722
89977988b.jpg,4,0,0.0058056046
899a2ad2f.jpg,1,1,0.7264947
899a2ad2f.jpg,2,0,0.02658016
899a2ad2f.jpg,3,0,0.16647165
899a2ad2f.jpg,4,0,0.0075464365
89a629daa.jpg,1,0,0.52934325
89a629daa.jpg,2,0,0.50155014
89a629daa.jpg,3,0,0.15335917
89a629daa.jpg,4,0,0.0041455864
89aefb17a.jpg,1,1,0.722503
89aefb17a.jpg,2,0,0.019325247
89aefb17a.jpg,3,0,0.3091675
89aefb17a.jpg,4,0,0.022205284
89cc16612.jpg,1,0,0.07450465
89cc16612.jpg,2,0,0.017719576
89cc16612.jpg,3,1,0.8584628
89cc16612.jpg,4,0,0.01692195
89ce48808.jpg,1,0,0.05143444
89ce48808.jpg,2,0,0.03369433
89ce48808.jpg,3,1,0.8882862
89ce48808.jpg,4,0,0.002451904
89dbe4cec.jpg,1,0,0.35377976
89dbe4cec.jpg,2,0,0.09558188
89dbe4cec.jpg,3,0,0.4919704
89dbe4cec.jpg,4,0,0.014968527
89e69dbf2.jpg,1,0,0.43219015
89e69dbf2.jpg,2,0,0.25928235
89e69dbf2.jpg,3,0,0.49385187
89e69dbf2.jpg,4,0,0.011344519
89ea5cac2.jpg,1,0,0.077184446
89ea5cac2.jpg,2,0,0.15227556
89ea5cac2.jpg,3,1,0.78933924
89ea5cac2.jpg,4,0,0.0021527733
89f4c3a5c.jpg,1,0,0.41328835
89f4c3a5c.jpg,2,0,0.03353435
89f4c3a5c.jpg,3,0,0.59210134
89f4c3a5c.jpg,4,0,0.1057267
8a08c888f.jpg,1,0,0.39277002
8a08c888f.jpg,2,0,0.12657757
8a08c888f.jpg,3,0,0.5988223
8a08c888f.jpg,4,0,0.0041759317
8a3498350.jpg,1,0,0.060716406
8a3498350.jpg,2,0,0.04942066
8a3498350.jpg,3,1,0.6331191
8a3498350.jpg,4,0,0.13798846
8a35e2a4a.jpg,1,0,0.043631718
8a35e2a4a.jpg,2,0,0.024130128
8a35e2a4a.jpg,3,1,0.88679504
8a35e2a4a.jpg,4,0,0.005506661
8a3813343.jpg,1,0,0.22725016
8a3813343.jpg,2,0,0.010584202
8a3813343.jpg,3,1,0.80743307
8a3813343.jpg,4,0,0.006878428
8a41eaae4.jpg,1,0,0.41487774
8a41eaae4.jpg,2,0,0.10834312
8a41eaae4.jpg,3,0,0.4944047
8a41eaae4.jpg,4,0,0.009839398
8a47eb4ef.jpg,1,0,0.06519228
8a47eb4ef.jpg,2,0,0.0041541443
8a47eb4ef.jpg,3,1,0.74645704
8a47eb4ef.jpg,4,0,0.01744731
8a49823cc.jpg,1,0,0.3920627
8a49823cc.jpg,2,0,0.13975969
8a49823cc.jpg,3,0,0.32274765
8a49823cc.jpg,4,0,0.0071097054
8a4af4fee.jpg,1,1,0.66351986
8a4af4fee.jpg,2,0,0.008273961
8a4af4fee.jpg,3,0,0.5733424
8a4af4fee.jpg,4,0,0.024392745
8a50d072b.jpg,1,0,0.034875546
8a50d072b.jpg,2,0,0.012460154
8a50d072b.jpg,3,1,0.888747
8a50d072b.jpg,4,0,0.004288262
8a5484d4d.jpg,1,0,0.02829309
8a5484d4d.jpg,2,0,0.0038623922
8a5484d4d.jpg,3,1,0.8886551
8a5484d4d.jpg,4,0,0.03588541
8a5683747.jpg,1,0,0.06354237
8a5683747.jpg,2,0,0.026560746
8a5683747.jpg,3,1,0.8409273
8a5683747.jpg,4,0,0.0153915705
8a82b776a.jpg,1,0,0.024476228
8a82b776a.jpg,2,0,0.008245588
8a82b776a.jpg,3,1,0.7265534
8a82b776a.jpg,4,0,0.38620353
8aa05c8c1.jpg,1,0,0.15871175
8aa05c8c1.jpg,2,0,0.035722036
8aa05c8c1.jpg,3,1,0.618676
8aa05c8c1.jpg,4,0,0.057164967
8aa5ec500.jpg,1,0,0.03172144
8aa5ec500.jpg,2,0,0.01965225
8aa5ec500.jpg,3,1,0.84620357
8aa5ec500.jpg,4,0,0.0062961075
8aab6f754.jpg,1,0,0.077245474
8aab6f754.jpg,2,0,0.055620104
8aab6f754.jpg,3,1,0.69719505
8aab6f754.jpg,4,0,0.0049836207
8aaf96150.jpg,1,0,0.051969856
8aaf96150.jpg,2,0,0.040454052
8aaf96150.jpg,3,1,0.87345904
8aaf96150.jpg,4,0,0.004129328
8ab450e5c.jpg,1,1,0.6955349
8ab450e5c.jpg,2,0,0.00681336
8ab450e5c.jpg,3,0,0.581004
8ab450e5c.jpg,4,0,0.0065448196
8ac8bc0d7.jpg,1,0,0.022058045
8ac8bc0d7.jpg,2,0,0.010547812
8ac8bc0d7.jpg,3,1,0.90726304
8ac8bc0d7.jpg,4,0,0.020327413
8acc3cfad.jpg,1,0,0.009413059
8acc3cfad.jpg,2,0,0.0013407272
8acc3cfad.jpg,3,1,0.9440848
8acc3cfad.jpg,4,0,0.006670024
8ae526752.jpg,1,0,0.10028421
8ae526752.jpg,2,0,0.105693616
8ae526752.jpg,3,1,0.71594375
8ae526752.jpg,4,0,0.0033381258
8ae937ad3.jpg,1,0,0.051905245
8ae937ad3.jpg,2,0,0.014815199
8ae937ad3.jpg,3,1,0.75504774
8ae937ad3.jpg,4,0,0.43857837
8aebba894.jpg,1,0,0.04311715
8aebba894.jpg,2,0,0.023155466
8aebba894.jpg,3,1,0.88643116
8aebba894.jpg,4,0,0.0042275763
8af438d4d.jpg,1,0,0.113132566
8af438d4d.jpg,2,0,0.0096765775
8af438d4d.jpg,3,1,0.82033277
8af438d4d.jpg,4,0,0.008762849
8aff1bbfa.jpg,1,0,0.2846217
8aff1bbfa.jpg,2,0,0.047092456
8aff1bbfa.jpg,3,0,0.5855764
8aff1bbfa.jpg,4,0,0.023943739
8b0241e6d.jpg,1,0,0.038015533
8b0241e6d.jpg,2,0,0.0026012969
8b0241e6d.jpg,3,1,0.7950645
8b0241e6d.jpg,4,0,0.022355571
8b08c23f0.jpg,1,0,0.5565987
8b08c23f0.jpg,2,0,0.026108569
8b08c23f0.jpg,3,0,0.41353258
8b08c23f0.jpg,4,0,0.01264615
8b197ff6f.jpg,1,0,0.5268524
8b197ff6f.jpg,2,0,0.17179668
8b197ff6f.jpg,3,0,0.3651489
8b197ff6f.jpg,4,0,0.018993035
8b1ffc9c1.jpg,1,0,0.2663618
8b1ffc9c1.jpg,2,0,0.5498977
8b1ffc9c1.jpg,3,0,0.33995685
8b1ffc9c1.jpg,4,0,0.0036477132
8b2b64c20.jpg,1,0,0.26918623
8b2b64c20.jpg,2,0,0.01674419
8b2b64c20.jpg,3,0,0.5676354
8b2b64c20.jpg,4,0,0.036863763
8b427b2e3.jpg,1,0,0.12806441
8b427b2e3.jpg,2,0,0.041989848
8b427b2e3.jpg,3,1,0.74583
8b427b2e3.jpg,4,0,0.029810404
8b4886568.jpg,1,1,0.6457134
8b4886568.jpg,2,0,0.05229871
8b4886568.jpg,3,0,0.35333648
8b4886568.jpg,4,0,0.023978347
8b51003d1.jpg,1,0,0.47015676
8b51003d1.jpg,2,0,0.39855745
8b51003d1.jpg,3,0,0.3760463
8b51003d1.jpg,4,0,0.0048135333
8b6032e1a.jpg,1,0,0.07339426
8b6032e1a.jpg,2,0,0.006722025
8b6032e1a.jpg,3,1,0.7331149
8b6032e1a.jpg,4,0,0.044487838
8b6a313d2.jpg,1,1,0.71074826
8b6a313d2.jpg,2,0,0.023092894
8b6a313d2.jpg,3,0,0.29466537
8b6a313d2.jpg,4,0,0.05100651
8b71f3e28.jpg,1,0,0.39363363
8b71f3e28.jpg,2,0,0.0045159305
8b71f3e28.jpg,3,1,0.70107347
8b71f3e28.jpg,4,0,0.003078496
8ba093fdb.jpg,1,1,0.77678007
8ba093fdb.jpg,2,0,0.0030785576
8ba093fdb.jpg,3,0,0.19575411
8ba093fdb.jpg,4,0,0.017152814
8bc2949d2.jpg,1,0,0.13219151
8bc2949d2.jpg,2,0,0.11174395
8bc2949d2.jpg,3,1,0.79861206
8bc2949d2.jpg,4,0,0.0026205427
8bc3d26cb.jpg,1,0,0.04815318
8bc3d26cb.jpg,2,0,0.001993899
8bc3d26cb.jpg,3,1,0.93352246
8bc3d26cb.jpg,4,0,0.004123013
8bc7f9b74.jpg,1,0,0.42336524
8bc7f9b74.jpg,2,0,0.4256206
8bc7f9b74.jpg,3,0,0.38965264
8bc7f9b74.jpg,4,0,0.0055330954
8bcfa276c.jpg,1,0,0.025664655
8bcfa276c.jpg,2,0,0.003026659
8bcfa276c.jpg,3,1,0.7110904
8bcfa276c.jpg,4,0,0.20717162
8bd5d9336.jpg,1,0,0.026138628
8bd5d9336.jpg,2,0,0.006138565
8bd5d9336.jpg,3,1,0.748218
8bd5d9336.jpg,4,0,0.014532062
8bd6ef3fb.jpg,1,0,0.059305448
8bd6ef3fb.jpg,2,0,0.05322029
8bd6ef3fb.jpg,3,1,0.8647801
8bd6ef3fb.jpg,4,0,0.0026723053
8c1069bf4.jpg,1,0,0.06169064
8c1069bf4.jpg,2,0,0.06375002
8c1069bf4.jpg,3,1,0.8183629
8c1069bf4.jpg,4,0,0.0039733336
8c17defad.jpg,1,0,0.03733004
8c17defad.jpg,2,0,0.007360174
8c17defad.jpg,3,1,0.8711231
8c17defad.jpg,4,0,0.025401747
8c238384b.jpg,1,0,0.042864937
8c238384b.jpg,2,0,0.39371952
8c238384b.jpg,3,1,0.61368257
8c238384b.jpg,4,0,0.0072341035
8c50370fe.jpg,1,0,0.08275877
8c50370fe.jpg,2,0,0.028507316
8c50370fe.jpg,3,1,0.8545994
8c50370fe.jpg,4,0,0.002981507
8c54b8f15.jpg,1,0,0.01526162
8c54b8f15.jpg,2,0,0.0019208124
8c54b8f15.jpg,3,1,0.73858213
8c54b8f15.jpg,4,1,0.74555063
8c610cbc4.jpg,1,0,0.053499892
8c610cbc4.jpg,2,0,0.02712605
8c610cbc4.jpg,3,1,0.8742444
8c610cbc4.jpg,4,0,0.004229712
8c622e303.jpg,1,0,0.29220542
8c622e303.jpg,2,0,0.021484813
8c622e303.jpg,3,1,0.6753783
8c622e303.jpg,4,0,0.006739022
8c74795e9.jpg,1,1,0.8016494
8c74795e9.jpg,2,0,0.042131815
8c74795e9.jpg,3,0,0.151289
8c74795e9.jpg,4,0,0.017915951
8c8db6940.jpg,1,0,0.05194756
8c8db6940.jpg,2,0,0.010870654
8c8db6940.jpg,3,1,0.6167384
8c8db6940.jpg,4,0,0.47220662
8c986f67b.jpg,1,0,0.07828938
8c986f67b.jpg,2,0,0.030969376
8c986f67b.jpg,3,1,0.8864735
8c986f67b.jpg,4,0,0.0027023377
8c9bff222.jpg,1,0,0.35240924
8c9bff222.jpg,2,0,0.019579446
8c9bff222.jpg,3,1,0.7394181
8c9bff222.jpg,4,0,0.013161172
8ca482f2e.jpg,1,0,0.42710474
8ca482f2e.jpg,2,0,0.0052528977
8ca482f2e.jpg,3,1,0.61766654
8ca482f2e.jpg,4,0,0.009708885
8cb4658b5.jpg,1,0,0.06611925
8cb4658b5.jpg,2,0,0.039549824
8cb4658b5.jpg,3,1,0.867953
8cb4658b5.jpg,4,0,0.0033397889
8cba71caf.jpg,1,0,0.010313939
8cba71caf.jpg,2,0,0.0023033498
8cba71caf.jpg,3,1,0.93908477
8cba71caf.jpg,4,0,0.017602881
8cbd64828.jpg,1,0,0.06536497
8cbd64828.jpg,2,0,0.030788064
8cbd64828.jpg,3,1,0.88061076
8cbd64828.jpg,4,0,0.0040253946
8cc36de01.jpg,1,0,0.06728826
8cc36de01.jpg,2,0,0.5862153
8cc36de01.jpg,3,0,0.5472446
8cc36de01.jpg,4,0,0.005387074
8ccc3da5b.jpg,1,0,0.07589233
8ccc3da5b.jpg,2,0,0.11236002
8ccc3da5b.jpg,3,1,0.8486431
8ccc3da5b.jpg,4,0,0.0026722783
8cd18f053.jpg,1,0,0.13882172
8cd18f053.jpg,2,0,0.033402458
8cd18f053.jpg,3,1,0.69204664
8cd18f053.jpg,4,0,0.07558025
8cd31a9ba.jpg,1,0,0.031979796
8cd31a9ba.jpg,2,0,0.0057416786
8cd31a9ba.jpg,3,1,0.9157228
8cd31a9ba.jpg,4,0,0.0030593064
8cdc76482.jpg,1,0,0.03605307
8cdc76482.jpg,2,0,0.010838027
8cdc76482.jpg,3,1,0.9145584
8cdc76482.jpg,4,0,0.004617032
8cfb69968.jpg,1,0,0.37031996
8cfb69968.jpg,2,0,0.35850313
8cfb69968.jpg,3,0,0.45887232
8cfb69968.jpg,4,0,0.0075627696
8d129393f.jpg,1,0,0.4121035
8d129393f.jpg,2,0,0.009126514
8d129393f.jpg,3,1,0.61838204
8d129393f.jpg,4,0,0.027324343
8d40206b1.jpg,1,0,0.09157562
8d40206b1.jpg,2,0,0.1820914
8d40206b1.jpg,3,1,0.7541639
8d40206b1.jpg,4,0,0.003108417
8d49969df.jpg,1,0,0.08719983
8d49969df.jpg,2,0,0.03507338
8d49969df.jpg,3,1,0.761694
8d49969df.jpg,4,0,0.010626331
8d4c6de79.jpg,1,0,0.043459147
8d4c6de79.jpg,2,0,0.0033804972
8d4c6de79.jpg,3,1,0.638122
8d4c6de79.jpg,4,0,0.43057016
8d4c79d72.jpg,1,0,0.21292661
8d4c79d72.jpg,2,0,0.014394126
8d4c79d72.jpg,3,1,0.7688971
8d4c79d72.jpg,4,0,0.026101045
8d5a08def.jpg,1,0,0.37043205
8d5a08def.jpg,2,0,0.22935309
8d5a08def.jpg,3,0,0.24492101
8d5a08def.jpg,4,0,0.044393048
8d5f997f2.jpg,1,0,0.02347943
8d5f997f2.jpg,2,0,0.0024956616
8d5f997f2.jpg,3,1,0.9364504
8d5f997f2.jpg,4,0,0.0118376715
8d66fd008.jpg,1,0,0.3606679
8d66fd008.jpg,2,0,0.43200108
8d66fd008.jpg,3,0,0.19590716
8d66fd008.jpg,4,0,0.086663045
8d6c1d0ed.jpg,1,0,0.050960857
8d6c1d0ed.jpg,2,0,0.046041165
8d6c1d0ed.jpg,3,1,0.78205603
8d6c1d0ed.jpg,4,0,0.011613908
8d6dd18a9.jpg,1,0,0.05341849
8d6dd18a9.jpg,2,0,0.030005656
8d6dd18a9.jpg,3,1,0.87982863
8d6dd18a9.jpg,4,0,0.0037401735
8d8bd106b.jpg,1,0,0.059659082
8d8bd106b.jpg,2,0,0.0062709823
8d8bd106b.jpg,3,1,0.89532584
8d8bd106b.jpg,4,0,0.038007695
8d9296c96.jpg,1,0,0.05356921
8d9296c96.jpg,2,0,0.033318326
8d9296c96.jpg,3,1,0.89035106
8d9296c96.jpg,4,0,0.0026044985
8d96c11f8.jpg,1,0,0.04417911
8d96c11f8.jpg,2,0,0.03649361
8d96c11f8.jpg,3,1,0.89656997
8d96c11f8.jpg,4,0,0.013485092
8d98b96a6.jpg,1,0,0.14105989
8d98b96a6.jpg,2,1,0.728537
8d98b96a6.jpg,3,0,0.18183793
8d98b96a6.jpg,4,0,0.036620867
8da16c761.jpg,1,0,0.11106932
8da16c761.jpg,2,0,0.07594853
8da16c761.jpg,3,1,0.82381755
8da16c761.jpg,4,0,0.0040370016
8da812c91.jpg,1,0,0.06957268
8da812c91.jpg,2,0,0.064394295
8da812c91.jpg,3,1,0.8465031
8da812c91.jpg,4,0,0.0027359333
8dbbdcb59.jpg,1,0,0.21268255
8dbbdcb59.jpg,2,0,0.018241977
8dbbdcb59.jpg,3,1,0.67223555
8dbbdcb59.jpg,4,0,0.047189772
8dc49d762.jpg,1,0,0.059380036
8dc49d762.jpg,2,0,0.031116605
8dc49d762.jpg,3,1,0.88820964
8dc49d762.jpg,4,0,0.0034671735
8dc926b7d.jpg,1,1,0.69250065
8dc926b7d.jpg,2,0,0.12850483
8dc926b7d.jpg,3,0,0.31639126
8dc926b7d.jpg,4,0,0.025314221
8dd747d23.jpg,1,0,0.04790871
8dd747d23.jpg,2,0,0.029685168
8dd747d23.jpg,3,1,0.889226
8dd747d23.jpg,4,0,0.0019983395
8dd848d14.jpg,1,0,0.2644328
8dd848d14.jpg,2,0,0.027656531
8dd848d14.jpg,3,1,0.7164747
8dd848d14.jpg,4,0,0.07559984
8dfa66d9a.jpg,1,0,0.58676577
8dfa66d9a.jpg,2,0,0.020292787
8dfa66d9a.jpg,3,0,0.4528676
8dfa66d9a.jpg,4,0,0.024643885
8dff9d994.jpg,1,0,0.2787578
8dff9d994.jpg,2,1,0.71815944
8dff9d994.jpg,3,0,0.13757317
8dff9d994.jpg,4,0,0.012777857
8e0f84b88.jpg,1,0,0.14969333
8e0f84b88.jpg,2,0,0.020779444
8e0f84b88.jpg,3,0,0.20848529
8e0f84b88.jpg,4,0,0.022584131
8e1cf2257.jpg,1,0,0.055957157
8e1cf2257.jpg,2,0,0.05559796
8e1cf2257.jpg,3,1,0.8707172
8e1cf2257.jpg,4,0,0.004683429
8e2090680.jpg,1,0,0.46906367
8e2090680.jpg,2,0,0.011107151
8e2090680.jpg,3,1,0.69638395
8e2090680.jpg,4,0,0.021773493
8e22a5529.jpg,1,1,0.6139288
8e22a5529.jpg,2,0,0.06926401
8e22a5529.jpg,3,0,0.32924974
8e22a5529.jpg,4,0,0.009119094
8e2cb7b99.jpg,1,0,0.58792675
8e2cb7b99.jpg,2,0,0.034844067
8e2cb7b99.jpg,3,0,0.32953927
8e2cb7b99.jpg,4,0,0.02612657
8e3bee866.jpg,1,0,0.2922288
8e3bee866.jpg,2,0,0.35557258
8e3bee866.jpg,3,0,0.53301555
8e3bee866.jpg,4,0,0.0034148486
8e48a5fd1.jpg,1,0,0.033678785
8e48a5fd1.jpg,2,0,0.00900429
8e48a5fd1.jpg,3,1,0.81861275
8e48a5fd1.jpg,4,0,0.027521046
8e4dbe30f.jpg,1,0,0.0095941825
8e4dbe30f.jpg,2,0,0.00407242
8e4dbe30f.jpg,3,1,0.92187643
8e4dbe30f.jpg,4,0,0.019210277
8e55ee91c.jpg,1,1,0.6721291
8e55ee91c.jpg,2,0,0.015443298
8e55ee91c.jpg,3,0,0.29479775
8e55ee91c.jpg,4,0,0.15265135
8e57a3ce6.jpg,1,0,0.054420665
8e57a3ce6.jpg,2,0,0.023782916
8e57a3ce6.jpg,3,1,0.75714976
8e57a3ce6.jpg,4,0,0.166973
8e5e7ceab.jpg,1,0,0.032247443
8e5e7ceab.jpg,2,0,0.22605012
8e5e7ceab.jpg,3,1,0.77284193
8e5e7ceab.jpg,4,0,0.004373037
8e703053f.jpg,1,1,0.73632
8e703053f.jpg,2,0,0.18412375
8e703053f.jpg,3,0,0.1368313
8e703053f.jpg,4,0,0.01629799
8e71c2cc6.jpg,1,0,0.05853495
8e71c2cc6.jpg,2,0,0.031854123
8e71c2cc6.jpg,3,1,0.88875085
8e71c2cc6.jpg,4,0,0.0028449048
8e7e95f96.jpg,1,0,0.079645015
8e7e95f96.jpg,2,0,0.29962957
8e7e95f96.jpg,3,1,0.64385134
8e7e95f96.jpg,4,0,0.011714627
8e85eed36.jpg,1,0,0.34127557
8e85eed36.jpg,2,0,0.007078869
8e85eed36.jpg,3,1,0.7311464
8e85eed36.jpg,4,0,0.034256052
8e8d6b71e.jpg,1,0,0.021140194
8e8d6b71e.jpg,2,0,0.006864089
8e8d6b71e.jpg,3,1,0.907968
8e8d6b71e.jpg,4,0,0.0017407351
8e90a56ce.jpg,1,0,0.032441486
8e90a56ce.jpg,2,0,0.008286893
8e90a56ce.jpg,3,1,0.8906384
8e90a56ce.jpg,4,0,0.016501527
8e91f8a81.jpg,1,1,0.7396688
8e91f8a81.jpg,2,0,0.035709616
8e91f8a81.jpg,3,0,0.25997093
8e91f8a81.jpg,4,0,0.015562001
8e986ef4c.jpg,1,0,0.04559979
8e986ef4c.jpg,2,0,0.025162041
8e986ef4c.jpg,3,1,0.9025679
8e986ef4c.jpg,4,0,0.0024134747
8ebbe833e.jpg,1,0,0.2180574
8ebbe833e.jpg,2,0,0.22141744
8ebbe833e.jpg,3,0,0.5495638
8ebbe833e.jpg,4,0,0.0042185895
8ee894c71.jpg,1,0,0.041084718
8ee894c71.jpg,2,0,0.025286354
8ee894c71.jpg,3,1,0.89211947
8ee894c71.jpg,4,0,0.0024148705
8ef00bf22.jpg,1,0,0.25726697
8ef00bf22.jpg,2,0,0.029612802
8ef00bf22.jpg,3,1,0.72668654
8ef00bf22.jpg,4,0,0.024947353
8f0131366.jpg,1,1,0.6853067
8f0131366.jpg,2,0,0.0261071
8f0131366.jpg,3,0,0.26667342
8f0131366.jpg,4,0,0.009613314
8f26dbe33.jpg,1,0,0.0072917403
8f26dbe33.jpg,2,0,0.0012041734
8f26dbe33.jpg,3,1,0.91909695
8f26dbe33.jpg,4,0,0.030092046
8f2cd806e.jpg,1,0,0.05062842
8f2cd806e.jpg,2,0,0.008924046
8f2cd806e.jpg,3,1,0.87387824
8f2cd806e.jpg,4,0,0.010613355
8f2f7ccf6.jpg,1,0,0.039957274
8f2f7ccf6.jpg,2,0,0.01693706
8f2f7ccf6.jpg,3,1,0.8753736
8f2f7ccf6.jpg,4,0,0.003640773
8f44b937b.jpg,1,0,0.3336004
8f44b937b.jpg,2,0,0.46274605
8f44b937b.jpg,3,0,0.42851946
8f44b937b.jpg,4,0,0.0045566726
8f480a549.jpg,1,1,0.630253
8f480a549.jpg,2,0,0.21618329
8f480a549.jpg,3,0,0.250238
8f480a549.jpg,4,0,0.010486328
8f502dacc.jpg,1,0,0.57240367
8f502dacc.jpg,2,0,0.5123492
8f502dacc.jpg,3,0,0.12740432
8f502dacc.jpg,4,0,0.006383794
8f7b69957.jpg,1,0,0.13189225
8f7b69957.jpg,2,0,0.0078071044
8f7b69957.jpg,3,1,0.82296056
8f7b69957.jpg,4,0,0.020174962
8f8a9b139.jpg,1,0,0.04005284
8f8a9b139.jpg,2,0,0.0185973
8f8a9b139.jpg,3,1,0.87989956
8f8a9b139.jpg,4,0,0.0035542287
8fa197397.jpg,1,1,0.61342645
8fa197397.jpg,2,0,0.06329152
8fa197397.jpg,3,0,0.50302106
8fa197397.jpg,4,0,0.021642007
8fc231b35.jpg,1,0,0.1142984
8fc231b35.jpg,2,0,0.023461422
8fc231b35.jpg,3,1,0.87029845
8fc231b35.jpg,4,0,0.006445168
8fca2dcef.jpg,1,0,0.16752839
8fca2dcef.jpg,2,0,0.027118005
8fca2dcef.jpg,3,1,0.74819785
8fca2dcef.jpg,4,0,0.046101436
8fe061cf3.jpg,1,0,0.036275428
8fe061cf3.jpg,2,0,0.0061643217
8fe061cf3.jpg,3,0,0.2742133
8fe061cf3.jpg,4,1,0.8288867
8fe4c6338.jpg,1,0,0.35577205
8fe4c6338.jpg,2,0,0.0269467
8fe4c6338.jpg,3,0,0.4481821
8fe4c6338.jpg,4,0,0.023862654
8fea6ee2e.jpg,1,0,0.028582567
8fea6ee2e.jpg,2,0,0.007435346
8fea6ee2e.jpg,3,1,0.88841945
8fea6ee2e.jpg,4,0,0.0220507
8ff2bd9f3.jpg,1,0,0.015473287
8ff2bd9f3.jpg,2,0,0.07120552
8ff2bd9f3.jpg,3,1,0.8955714
8ff2bd9f3.jpg,4,0,0.0138653405
8ff37df24.jpg,1,0,0.012892455
8ff37df24.jpg,2,0,0.0024911466
8ff37df24.jpg,3,0,0.4046503
8ff37df24.jpg,4,1,0.79997396
8ffd996fc.jpg,1,0,0.04445179
8ffd996fc.jpg,2,0,0.037680928
8ffd996fc.jpg,3,1,0.88597345
8ffd996fc.jpg,4,0,0.0021768252
900793e4a.jpg,1,0,0.23639657
900793e4a.jpg,2,0,0.0066973623
900793e4a.jpg,3,1,0.6347989
900793e4a.jpg,4,0,0.016778447
9011a3cea.jpg,1,0,0.22288935
9011a3cea.jpg,2,0,0.5833185
9011a3cea.jpg,3,0,0.35332188
9011a3cea.jpg,4,0,0.003952438
901fc8fcf.jpg,1,0,0.46948722
901fc8fcf.jpg,2,0,0.41134647
901fc8fcf.jpg,3,0,0.37544015
901fc8fcf.jpg,4,0,0.005342917
902acb77f.jpg,1,0,0.01116031
902acb77f.jpg,2,0,0.002395732
902acb77f.jpg,3,0,0.55423075
902acb77f.jpg,4,1,0.83213043
903045607.jpg,1,0,0.14038163
903045607.jpg,2,0,0.053806942
903045607.jpg,3,1,0.7827193
903045607.jpg,4,0,0.043696746
903581cf7.jpg,1,0,0.124824814
903581cf7.jpg,2,0,0.03453831
903581cf7.jpg,3,1,0.8273981
903581cf7.jpg,4,0,0.003039296
9049554fa.jpg,1,0,0.39798328
9049554fa.jpg,2,0,0.41153058
9049554fa.jpg,3,0,0.370324
9049554fa.jpg,4,0,0.0041885027
904a960a0.jpg,1,0,0.4721854
904a960a0.jpg,2,0,0.29367974
904a960a0.jpg,3,0,0.4725722
904a960a0.jpg,4,0,0.004883504
9056783d7.jpg,1,0,0.16779608
9056783d7.jpg,2,0,0.006193289
9056783d7.jpg,3,1,0.80115366
9056783d7.jpg,4,0,0.06744201
907782556.jpg,1,0,0.02186981
907782556.jpg,2,0,0.00475519
907782556.jpg,3,1,0.83705646
907782556.jpg,4,0,0.014630687
90841ac32.jpg,1,0,0.11449623
90841ac32.jpg,2,0,0.03244054
90841ac32.jpg,3,1,0.779154
90841ac32.jpg,4,0,0.015081808
908c97b13.jpg,1,0,0.3343633
908c97b13.jpg,2,0,0.011354768
908c97b13.jpg,3,0,0.4191277
908c97b13.jpg,4,0,0.44053194
908d32057.jpg,1,0,0.24175532
908d32057.jpg,2,0,0.15933636
908d32057.jpg,3,0,0.48800528
908d32057.jpg,4,0,0.08373129
90928cdb6.jpg,1,0,0.060757477
90928cdb6.jpg,2,0,0.23473336
90928cdb6.jpg,3,1,0.81505567
90928cdb6.jpg,4,0,0.0022830765
90933a3ea.jpg,1,0,0.059977043
90933a3ea.jpg,2,0,0.10241533
90933a3ea.jpg,3,1,0.8617863
90933a3ea.jpg,4,0,0.0023534056
90a586e20.jpg,1,0,0.1013701
90a586e20.jpg,2,0,0.074161865
90a586e20.jpg,3,1,0.79965705
90a586e20.jpg,4,0,0.021219982
90b1a6e0e.jpg,1,0,0.28335515
90b1a6e0e.jpg,2,0,0.06267899
90b1a6e0e.jpg,3,1,0.6156378
90b1a6e0e.jpg,4,0,0.005638212
90c120a6f.jpg,1,0,0.07751783
90c120a6f.jpg,2,0,0.028703429
90c120a6f.jpg,3,1,0.8895548
90c120a6f.jpg,4,0,0.0038109508
90c833e27.jpg,1,0,0.37072107
90c833e27.jpg,2,0,0.072221376
90c833e27.jpg,3,0,0.40038645
90c833e27.jpg,4,0,0.016835412
90dcb6e42.jpg,1,0,0.31277478
90dcb6e42.jpg,2,0,0.40501907
90dcb6e42.jpg,3,0,0.24549747
90dcb6e42.jpg,4,0,0.029195085
90ea6f9da.jpg,1,1,0.7676775
90ea6f9da.jpg,2,0,0.0058925804
90ea6f9da.jpg,3,0,0.3331483
90ea6f9da.jpg,4,0,0.009396375
90eab7eb8.jpg,1,0,0.42546454
90eab7eb8.jpg,2,0,0.14901243
90eab7eb8.jpg,3,0,0.30441695
90eab7eb8.jpg,4,0,0.06438301
90efd957c.jpg,1,0,0.21503393
90efd957c.jpg,2,0,0.12219491
90efd957c.jpg,3,1,0.73741287
90efd957c.jpg,4,0,0.0056728297
90f699846.jpg,1,0,0.059373826
90f699846.jpg,2,0,0.005804762
90f699846.jpg,3,1,0.67099494
90f699846.jpg,4,0,0.42020592
90fa6f720.jpg,1,0,0.27000564
90fa6f720.jpg,2,0,0.044996995
90fa6f720.jpg,3,1,0.6227255
90fa6f720.jpg,4,0,0.013983588
90fc4dc47.jpg,1,0,0.014318104
90fc4dc47.jpg,2,0,0.002788876
90fc4dc47.jpg,3,1,0.87993735
90fc4dc47.jpg,4,0,0.059591446
91059dd98.jpg,1,0,0.059902754
91059dd98.jpg,2,0,0.023476625
91059dd98.jpg,3,1,0.90281326
91059dd98.jpg,4,0,0.0045331563
91074884f.jpg,1,1,0.7485605
91074884f.jpg,2,0,0.0059530535
91074884f.jpg,3,0,0.18875946
91074884f.jpg,4,0,0.052606475
9110ffe6e.jpg,1,0,0.05595993
9110ffe6e.jpg,2,0,0.012298475
9110ffe6e.jpg,3,0,0.41594592
9110ffe6e.jpg,4,1,0.64053994
911e86fb7.jpg,1,0,0.035917953
911e86fb7.jpg,2,0,0.022776432
911e86fb7.jpg,3,1,0.8836855
911e86fb7.jpg,4,0,0.0035194394
912291a66.jpg,1,0,0.44813022
912291a66.jpg,2,0,0.039132666
912291a66.jpg,3,0,0.33642522
912291a66.jpg,4,0,0.027384847
912b36b70.jpg,1,0,0.056516547
912b36b70.jpg,2,0,0.0034672096
912b36b70.jpg,3,1,0.7719247
912b36b70.jpg,4,0,0.017267013
9132d6f86.jpg,1,0,0.05145572
9132d6f86.jpg,2,0,0.025180759
9132d6f86.jpg,3,1,0.87831616
9132d6f86.jpg,4,0,0.0033479845
91369a251.jpg,1,0,0.014282275
91369a251.jpg,2,0,0.0022454087
91369a251.jpg,3,1,0.92588973
91369a251.jpg,4,0,0.012675109
91376eb04.jpg,1,0,0.051760357
91376eb04.jpg,2,0,0.03431325
91376eb04.jpg,3,1,0.87474376
91376eb04.jpg,4,0,0.0021926283
914447cf0.jpg,1,0,0.47609505
914447cf0.jpg,2,0,0.3798027
914447cf0.jpg,3,0,0.35875914
914447cf0.jpg,4,0,0.0047078854
915619e98.jpg,1,0,0.52683586
915619e98.jpg,2,0,0.19156003
915619e98.jpg,3,0,0.3808535
915619e98.jpg,4,0,0.008839895
9159e41a0.jpg,1,0,0.02316314
9159e41a0.jpg,2,0,0.029620739
9159e41a0.jpg,3,1,0.8393206
9159e41a0.jpg,4,0,0.15240097
91604e4f4.jpg,1,0,0.21647716
91604e4f4.jpg,2,0,0.008143668
91604e4f4.jpg,3,1,0.75627285
91604e4f4.jpg,4,0,0.010837874
916364c43.jpg,1,0,0.16246858
916364c43.jpg,2,0,0.14185855
916364c43.jpg,3,1,0.7690594
916364c43.jpg,4,0,0.004022337
91654d697.jpg,1,0,0.2401858
91654d697.jpg,2,0,0.008769131
91654d697.jpg,3,1,0.74829006
91654d697.jpg,4,0,0.013339465
9165b9baa.jpg,1,0,0.046056654
9165b9baa.jpg,2,0,0.024421824
9165b9baa.jpg,3,1,0.8975323
9165b9baa.jpg,4,0,0.0020657962
917631618.jpg,1,1,0.744479
917631618.jpg,2,0,0.010066605
917631618.jpg,3,0,0.15475224
917631618.jpg,4,0,0.019450648
9177da79f.jpg,1,0,0.04537125
9177da79f.jpg,2,0,0.022818891
9177da79f.jpg,3,1,0.8870415
9177da79f.jpg,4,0,0.0033493626
9184715d9.jpg,1,1,0.7280026
9184715d9.jpg,2,0,0.015599445
9184715d9.jpg,3,0,0.16447665
9184715d9.jpg,4,0,0.022022227
918ad07ae.jpg,1,0,0.02602233
918ad07ae.jpg,2,0,0.005753894
918ad07ae.jpg,3,1,0.86158663
918ad07ae.jpg,4,0,0.11390244
918cfd571.jpg,1,0,0.027153388
918cfd571.jpg,2,0,0.0073665404
918cfd571.jpg,3,0,0.45219228
918cfd571.jpg,4,1,0.8416767
9192b8d2b.jpg,1,0,0.23579793
9192b8d2b.jpg,2,0,0.0032589294
9192b8d2b.jpg,3,1,0.7520494
9192b8d2b.jpg,4,0,0.060693234
91a32baec.jpg,1,1,0.7602947
91a32baec.jpg,2,0,0.021167442
91a32baec.jpg,3,0,0.26088598
91a32baec.jpg,4,0,0.020911617
91a89f33b.jpg,1,0,0.14620794
91a89f33b.jpg,2,0,0.01736131
91a89f33b.jpg,3,1,0.8407486
91a89f33b.jpg,4,0,0.0031649445
91b9ea563.jpg,1,0,0.22463371
91b9ea563.jpg,2,0,0.12971888
91b9ea563.jpg,3,1,0.6938084
91b9ea563.jpg,4,0,0.0052385386
91bca5d5c.jpg,1,1,0.66465825
91bca5d5c.jpg,2,0,0.07312889
91bca5d5c.jpg,3,0,0.37113416
91bca5d5c.jpg,4,0,0.016835572
91c23c057.jpg,1,0,0.5116287
91c23c057.jpg,2,0,0.0073498297
91c23c057.jpg,3,0,0.41416314
91c23c057.jpg,4,0,0.026363311
91e095d43.jpg,1,0,0.033036247
91e095d43.jpg,2,0,0.009693465
91e095d43.jpg,3,1,0.7600785
91e095d43.jpg,4,0,0.22596474
91eb5ba69.jpg,1,0,0.4417192
91eb5ba69.jpg,2,0,0.0043161614
91eb5ba69.jpg,3,1,0.70697355
91eb5ba69.jpg,4,0,0.013236665
91ef23069.jpg,1,0,0.06677202
91ef23069.jpg,2,0,0.006976955
91ef23069.jpg,3,0,0.5857709
91ef23069.jpg,4,1,0.61800414
920683129.jpg,1,0,0.07359427
920683129.jpg,2,0,0.01727564
920683129.jpg,3,0,0.5273179
920683129.jpg,4,0,0.22940938
92285ff50.jpg,1,0,0.5565719
92285ff50.jpg,2,0,0.24116814
92285ff50.jpg,3,0,0.2368241
92285ff50.jpg,4,0,0.01971533
922cf5c9c.jpg,1,0,0.028949738
922cf5c9c.jpg,2,0,0.0073632486
922cf5c9c.jpg,3,1,0.8878345
922cf5c9c.jpg,4,0,0.02243188
922d5e2c9.jpg,1,0,0.016002966
922d5e2c9.jpg,2,0,0.0016830644
922d5e2c9.jpg,3,1,0.87226796
922d5e2c9.jpg,4,0,0.29670325
9251368e0.jpg,1,0,0.015600488
9251368e0.jpg,2,0,0.002246529
9251368e0.jpg,3,1,0.9340329
9251368e0.jpg,4,0,0.006642252
925d8c1ad.jpg,1,0,0.47716498
925d8c1ad.jpg,2,0,0.0182222
925d8c1ad.jpg,3,0,0.1633492
925d8c1ad.jpg,4,0,0.018641306
925f3848a.jpg,1,0,0.009442112
925f3848a.jpg,2,0,0.0012136126
925f3848a.jpg,3,1,0.7539103
925f3848a.jpg,4,1,0.7274917
926029c47.jpg,1,0,0.045941856
926029c47.jpg,2,0,0.026974492
926029c47.jpg,3,1,0.8987457
926029c47.jpg,4,0,0.0013637152
926efda92.jpg,1,0,0.26755342
926efda92.jpg,2,0,0.055917308
926efda92.jpg,3,1,0.6519197
926efda92.jpg,4,0,0.032388348
926fa2cd1.jpg,1,0,0.50442153
926fa2cd1.jpg,2,0,0.010500078
926fa2cd1.jpg,3,0,0.4122704
926fa2cd1.jpg,4,0,0.008597505
9270234a4.jpg,1,0,0.014370668
9270234a4.jpg,2,0,0.002737739
9270234a4.jpg,3,1,0.88088393
9270234a4.jpg,4,0,0.065850995
927d7dc47.jpg,1,0,0.3816434
927d7dc47.jpg,2,0,0.0068487637
927d7dc47.jpg,3,1,0.75769734
927d7dc47.jpg,4,0,0.028006515
92874cf80.jpg,1,0,0.3747102
92874cf80.jpg,2,0,0.45527372
92874cf80.jpg,3,0,0.3519251
92874cf80.jpg,4,0,0.0065152063
92a1948f6.jpg,1,0,0.27113953
92a1948f6.jpg,2,0,0.025610723
92a1948f6.jpg,3,0,0.4925262
92a1948f6.jpg,4,0,0.047249485
92a4a1f48.jpg,1,0,0.5545281
92a4a1f48.jpg,2,0,0.08645562
92a4a1f48.jpg,3,0,0.34435737
92a4a1f48.jpg,4,0,0.009674416
92a991cf2.jpg,1,0,0.5811367
92a991cf2.jpg,2,0,0.058607783
92a991cf2.jpg,3,0,0.2794622
92a991cf2.jpg,4,0,0.010845035
92e314c7a.jpg,1,1,0.796849
92e314c7a.jpg,2,0,0.023326451
92e314c7a.jpg,3,0,0.21519099
92e314c7a.jpg,4,0,0.045697544
92e3d4bb9.jpg,1,0,0.2106439
92e3d4bb9.jpg,2,0,0.007414669
92e3d4bb9.jpg,3,1,0.7404854
92e3d4bb9.jpg,4,0,0.044511557
92e7a1725.jpg,1,0,0.05167872
92e7a1725.jpg,2,0,0.026896797
92e7a1725.jpg,3,1,0.888745
92e7a1725.jpg,4,0,0.0029343243
92f506757.jpg,1,0,0.029380405
92f506757.jpg,2,0,0.0042437026
92f506757.jpg,3,1,0.938174
92f506757.jpg,4,0,0.0058182827
92f9b0576.jpg,1,0,0.0615138
92f9b0576.jpg,2,0,0.046533987
92f9b0576.jpg,3,1,0.77676195
92f9b0576.jpg,4,0,0.025404885
930057b20.jpg,1,0,0.5797225
930057b20.jpg,2,0,0.3361906
930057b20.jpg,3,0,0.30733696
930057b20.jpg,4,0,0.0070015113
93189e6cf.jpg,1,0,0.031231225
93189e6cf.jpg,2,0,0.0043310258
93189e6cf.jpg,3,1,0.86542135
93189e6cf.jpg,4,0,0.020443847
932101fec.jpg,1,0,0.33004752
932101fec.jpg,2,0,0.18449712
932101fec.jpg,3,0,0.5326456
932101fec.jpg,4,0,0.0054940884
933f65189.jpg,1,0,0.10383337
933f65189.jpg,2,0,0.07666462
933f65189.jpg,3,1,0.7768535
933f65189.jpg,4,0,0.008042087
934861733.jpg,1,0,0.03433173
934861733.jpg,2,0,0.006268136
934861733.jpg,3,1,0.922229
934861733.jpg,4,0,0.007374557
93523374a.jpg,1,0,0.01826862
93523374a.jpg,2,0,0.0030646666
93523374a.jpg,3,1,0.9176607
93523374a.jpg,4,0,0.00799241
9354f7429.jpg,1,0,0.29134595
9354f7429.jpg,2,0,0.39647368
9354f7429.jpg,3,0,0.45769867
9354f7429.jpg,4,0,0.0046923035
9358317ca.jpg,1,0,0.06417801
9358317ca.jpg,2,0,0.06336825
9358317ca.jpg,3,1,0.8580487
9358317ca.jpg,4,0,0.0023111461
9363a3a44.jpg,1,0,0.04791673
9363a3a44.jpg,2,1,0.6332267
9363a3a44.jpg,3,0,0.5129345
9363a3a44.jpg,4,0,0.025727347
938120712.jpg,1,0,0.25514874
938120712.jpg,2,0,0.030534727
938120712.jpg,3,1,0.7321345
938120712.jpg,4,0,0.0044220393
938d7cf10.jpg,1,0,0.2649941
938d7cf10.jpg,2,0,0.47220317
938d7cf10.jpg,3,0,0.24021335
938d7cf10.jpg,4,0,0.08918157
93910dcd7.jpg,1,0,0.120495595
93910dcd7.jpg,2,0,0.016891954
93910dcd7.jpg,3,1,0.842403
93910dcd7.jpg,4,0,0.01056522
93bd623da.jpg,1,0,0.048421603
93bd623da.jpg,2,0,0.0033142092
93bd623da.jpg,3,1,0.6046898
93bd623da.jpg,4,0,0.017607747
93be191a3.jpg,1,0,0.05037813
93be191a3.jpg,2,0,0.017448377
93be191a3.jpg,3,0,0.43972898
93be191a3.jpg,4,0,0.57264966
93cbac50f.jpg,1,0,0.20444714
93cbac50f.jpg,2,0,0.009342986
93cbac50f.jpg,3,1,0.8413184
93cbac50f.jpg,4,0,0.0044236486
93edba520.jpg,1,0,0.49464902
93edba520.jpg,2,0,0.5062691
93edba520.jpg,3,0,0.30861068
93edba520.jpg,4,0,0.00580065
93f478d2c.jpg,1,0,0.062155962
93f478d2c.jpg,2,0,0.025840687
93f478d2c.jpg,3,1,0.8872177
93f478d2c.jpg,4,0,0.0021790967
93f5ccd5c.jpg,1,0,0.01638375
93f5ccd5c.jpg,2,0,0.005092429
93f5ccd5c.jpg,3,0,0.4538897
93f5ccd5c.jpg,4,1,0.67390156
9414a468c.jpg,1,0,0.13477127
9414a468c.jpg,2,0,0.14054975
9414a468c.jpg,3,1,0.675685
9414a468c.jpg,4,0,0.0029637434
94279dabd.jpg,1,0,0.041117813
94279dabd.jpg,2,0,0.024668366
94279dabd.jpg,3,1,0.8998082
94279dabd.jpg,4,0,0.0038493818
942b8b927.jpg,1,0,0.24888295
942b8b927.jpg,2,0,0.13195315
942b8b927.jpg,3,1,0.6918502
942b8b927.jpg,4,0,0.0047925413
9430d80b2.jpg,1,1,0.72973794
9430d80b2.jpg,2,0,0.08130539
9430d80b2.jpg,3,0,0.32907167
9430d80b2.jpg,4,0,0.006282024
943a908b4.jpg,1,0,0.57721466
943a908b4.jpg,2,0,0.2764063
943a908b4.jpg,3,0,0.38661453
943a908b4.jpg,4,0,0.0066049644
943c8aae3.jpg,1,0,0.18976815
943c8aae3.jpg,2,0,0.038144406
943c8aae3.jpg,3,1,0.77073526
943c8aae3.jpg,4,0,0.0076871584
944afa4e4.jpg,1,0,0.06054252
944afa4e4.jpg,2,0,0.0340686
944afa4e4.jpg,3,1,0.8755644
944afa4e4.jpg,4,0,0.0022624545
945f8d43a.jpg,1,0,0.016778635
945f8d43a.jpg,2,0,0.0064496896
945f8d43a.jpg,3,0,0.37752208
945f8d43a.jpg,4,0,0.5745183
945fe64f0.jpg,1,0,0.33804905
945fe64f0.jpg,2,0,0.5729436
945fe64f0.jpg,3,0,0.38485107
945fe64f0.jpg,4,0,0.004856981
947247c7c.jpg,1,0,0.12787189
947247c7c.jpg,2,0,0.040904418
947247c7c.jpg,3,1,0.8357956
947247c7c.jpg,4,0,0.007917096
9473804b1.jpg,1,0,0.08307876
9473804b1.jpg,2,0,0.037581913
9473804b1.jpg,3,1,0.85821915
9473804b1.jpg,4,0,0.0033200383
9483fc33d.jpg,1,0,0.07018608
9483fc33d.jpg,2,0,0.015064482
9483fc33d.jpg,3,1,0.8728729
9483fc33d.jpg,4,0,0.020524332
948465d77.jpg,1,0,0.14944209
948465d77.jpg,2,0,0.0055757076
948465d77.jpg,3,1,0.8642123
948465d77.jpg,4,0,0.010524869
9484781db.jpg,1,0,0.019487264
9484781db.jpg,2,0,0.0016952767
9484781db.jpg,3,1,0.8979864
9484781db.jpg,4,0,0.08131163
948c2c458.jpg,1,0,0.113463424
948c2c458.jpg,2,0,0.014606468
948c2c458.jpg,3,1,0.81101656
948c2c458.jpg,4,0,0.005503435
948f0cad1.jpg,1,0,0.35894036
948f0cad1.jpg,2,0,0.002880821
948f0cad1.jpg,3,1,0.6903332
948f0cad1.jpg,4,0,0.05474833
949a1d446.jpg,1,1,0.6052123
949a1d446.jpg,2,0,0.011844677
949a1d446.jpg,3,0,0.33433414
949a1d446.jpg,4,0,0.02887111
94a3d122f.jpg,1,0,0.23132455
94a3d122f.jpg,2,0,0.5966243
94a3d122f.jpg,3,0,0.3621615
94a3d122f.jpg,4,0,0.0045323996
94a55271b.jpg,1,0,0.3736193
94a55271b.jpg,2,0,0.02571354
94a55271b.jpg,3,1,0.617788
94a55271b.jpg,4,0,0.02499226
94a687dea.jpg,1,0,0.3248923
94a687dea.jpg,2,0,0.19345802
94a687dea.jpg,3,1,0.6361635
94a687dea.jpg,4,0,0.0024871232
94b1d0288.jpg,1,0,0.03734113
94b1d0288.jpg,2,0,0.017271979
94b1d0288.jpg,3,1,0.6664648
94b1d0288.jpg,4,0,0.32982567
94b72158c.jpg,1,1,0.62459785
94b72158c.jpg,2,0,0.13938655
94b72158c.jpg,3,0,0.24018069
94b72158c.jpg,4,0,0.0054040723
94bad4317.jpg,1,0,0.018854737
94bad4317.jpg,2,0,0.0038988276
94bad4317.jpg,3,0,0.57478184
94bad4317.jpg,4,1,0.7852447
94c559bb6.jpg,1,0,0.060718853
94c559bb6.jpg,2,0,0.004573726
94c559bb6.jpg,3,1,0.73867875
94c559bb6.jpg,4,0,0.33259264
94c65ec76.jpg,1,0,0.05405043
94c65ec76.jpg,2,0,0.029852107
94c65ec76.jpg,3,1,0.877793
94c65ec76.jpg,4,0,0.0014959289
94df3f466.jpg,1,0,0.022877118
94df3f466.jpg,2,0,0.0038431063
94df3f466.jpg,3,1,0.7854018
94df3f466.jpg,4,0,0.31215015
94e71d1a3.jpg,1,0,0.11645141
94e71d1a3.jpg,2,0,0.0027436947
94e71d1a3.jpg,3,1,0.89290905
94e71d1a3.jpg,4,0,0.01648535
94f67dce2.jpg,1,0,0.3571725
94f67dce2.jpg,2,0,0.5752276
94f67dce2.jpg,3,0,0.27600184
94f67dce2.jpg,4,0,0.0048942682
94fa74c53.jpg,1,0,0.02402766
94fa74c53.jpg,2,0,0.0058223368
94fa74c53.jpg,3,0,0.5908796
94fa74c53.jpg,4,0,0.008329011
94fb7b4af.jpg,1,0,0.01392584
94fb7b4af.jpg,2,0,0.0017496025
94fb7b4af.jpg,3,1,0.6362762
94fb7b4af.jpg,4,1,0.7067831
95047ed65.jpg,1,1,0.7238519
95047ed65.jpg,2,0,0.15784244
95047ed65.jpg,3,0,0.14083135
95047ed65.jpg,4,0,0.0044294395
950487205.jpg,1,0,0.06533619
950487205.jpg,2,0,0.0015367926
950487205.jpg,3,1,0.8716721
950487205.jpg,4,0,0.0555845
950660a30.jpg,1,0,0.16626613
950660a30.jpg,2,0,0.015039572
950660a30.jpg,3,0,0.5952417
950660a30.jpg,4,0,0.007240191
950b67a8a.jpg,1,0,0.48656568
950b67a8a.jpg,2,0,0.045758713
950b67a8a.jpg,3,0,0.47856295
950b67a8a.jpg,4,0,0.0062567047
9520225ec.jpg,1,0,0.23596676
9520225ec.jpg,2,0,0.33639696
9520225ec.jpg,3,1,0.6285644
9520225ec.jpg,4,0,0.0028133001
952d89e73.jpg,1,1,0.67404884
952d89e73.jpg,2,0,0.020848842
952d89e73.jpg,3,0,0.31582278
952d89e73.jpg,4,0,0.011565947
953150283.jpg,1,0,0.15017112
953150283.jpg,2,0,0.4135132
953150283.jpg,3,0,0.47999716
953150283.jpg,4,0,0.008477504
9534846fe.jpg,1,0,0.04407124
9534846fe.jpg,2,0,0.021848308
9534846fe.jpg,3,1,0.8685823
9534846fe.jpg,4,0,0.0056411116
9538fe77d.jpg,1,0,0.17905886
9538fe77d.jpg,2,0,0.08997301
9538fe77d.jpg,3,1,0.60831934
9538fe77d.jpg,4,0,0.11328304
953f7827c.jpg,1,1,0.6862282
953f7827c.jpg,2,0,0.110428475
953f7827c.jpg,3,0,0.31979552
953f7827c.jpg,4,0,0.10798386
9542ddbff.jpg,1,0,0.03383998
9542ddbff.jpg,2,0,0.020586085
9542ddbff.jpg,3,0,0.20421231
9542ddbff.jpg,4,0,0.4002118
9553248f2.jpg,1,0,0.008324496
9553248f2.jpg,2,0,0.0021555834
9553248f2.jpg,3,1,0.92839056
9553248f2.jpg,4,0,0.0058466136
95587f05e.jpg,1,0,0.14568858
95587f05e.jpg,2,0,0.008453169
95587f05e.jpg,3,1,0.7939029
95587f05e.jpg,4,0,0.09277926
955caff2d.jpg,1,0,0.2214846
955caff2d.jpg,2,0,0.22857375
955caff2d.jpg,3,1,0.704817
955caff2d.jpg,4,0,0.0034140162
9568a10f7.jpg,1,0,0.028241495
9568a10f7.jpg,2,0,0.0031433403
9568a10f7.jpg,3,1,0.9078867
9568a10f7.jpg,4,0,0.009538803
9573497de.jpg,1,0,0.041123655
9573497de.jpg,2,0,0.0130972415
9573497de.jpg,3,0,0.41564846
9573497de.jpg,4,1,0.75755185
958589302.jpg,1,0,0.0413717
958589302.jpg,2,0,0.022317668
958589302.jpg,3,1,0.89064145
958589302.jpg,4,0,0.0029097262
9588ded93.jpg,1,0,0.047263395
9588ded93.jpg,2,0,0.028561143
9588ded93.jpg,3,1,0.89210254
9588ded93.jpg,4,0,0.0019688976
958ecd28d.jpg,1,0,0.18992396
958ecd28d.jpg,2,0,0.033830557
958ecd28d.jpg,3,1,0.6759112
958ecd28d.jpg,4,0,0.016925009
958feb050.jpg,1,0,0.4217273
958feb050.jpg,2,0,0.49463144
958feb050.jpg,3,0,0.21138631
958feb050.jpg,4,0,0.009986736
959d4e95a.jpg,1,0,0.017211376
959d4e95a.jpg,2,0,0.0027017232
959d4e95a.jpg,3,1,0.8511067
959d4e95a.jpg,4,0,0.17984949
95aa55d7d.jpg,1,1,0.73512506
95aa55d7d.jpg,2,0,0.022667749
95aa55d7d.jpg,3,0,0.24088697
95aa55d7d.jpg,4,0,0.023588387
95b4c9e77.jpg,1,0,0.052357975
95b4c9e77.jpg,2,0,0.02750361
95b4c9e77.jpg,3,1,0.88867253
95b4c9e77.jpg,4,0,0.002505891
95c1b8e33.jpg,1,0,0.12365449
95c1b8e33.jpg,2,0,0.19745626
95c1b8e33.jpg,3,1,0.7583657
95c1b8e33.jpg,4,0,0.0055625266
95dca6ffa.jpg,1,0,0.052374672
95dca6ffa.jpg,2,0,0.034303345
95dca6ffa.jpg,3,1,0.8897416
95dca6ffa.jpg,4,0,0.0017717127
95eb51548.jpg,1,0,0.051286712
95eb51548.jpg,2,0,0.029086279
95eb51548.jpg,3,1,0.8935096
95eb51548.jpg,4,0,0.002060657
95ee959bb.jpg,1,0,0.04176691
95ee959bb.jpg,2,0,0.07177883
95ee959bb.jpg,3,1,0.82388264
95ee959bb.jpg,4,0,0.014792688
95fb4c98b.jpg,1,0,0.032384902
95fb4c98b.jpg,2,0,0.0066364724
95fb4c98b.jpg,3,1,0.760642
95fb4c98b.jpg,4,0,0.029655969
95fbc4b8e.jpg,1,0,0.15179208
95fbc4b8e.jpg,2,0,0.07128
95fbc4b8e.jpg,3,1,0.64317906
95fbc4b8e.jpg,4,0,0.057379454
9612aa03a.jpg,1,0,0.19837336
9612aa03a.jpg,2,0,0.12469263
9612aa03a.jpg,3,0,0.59469223
9612aa03a.jpg,4,0,0.06607136
961930b74.jpg,1,1,0.7528322
961930b74.jpg,2,0,0.0072956127
961930b74.jpg,3,0,0.17742907
961930b74.jpg,4,0,0.070972346
961c2f5b5.jpg,1,0,0.031551886
961c2f5b5.jpg,2,0,0.0039032681
961c2f5b5.jpg,3,1,0.7400467
961c2f5b5.jpg,4,0,0.33509925
961ea3fad.jpg,1,0,0.05032344
961ea3fad.jpg,2,0,0.023200901
961ea3fad.jpg,3,1,0.8937948
961ea3fad.jpg,4,0,0.0024626327
9623654ee.jpg,1,1,0.7162499
9623654ee.jpg,2,0,0.06161055
9623654ee.jpg,3,0,0.2637465
9623654ee.jpg,4,0,0.016785255
9626e08ec.jpg,1,0,0.4369631
9626e08ec.jpg,2,0,0.20363621
9626e08ec.jpg,3,0,0.587625
9626e08ec.jpg,4,0,0.0037845399
964457d0e.jpg,1,0,0.05349421
964457d0e.jpg,2,0,0.009538749
964457d0e.jpg,3,1,0.7417052
964457d0e.jpg,4,0,0.23119946
96464c0a4.jpg,1,0,0.105636574
96464c0a4.jpg,2,0,0.027224489
96464c0a4.jpg,3,1,0.65043163
96464c0a4.jpg,4,0,0.12937647
96563e41c.jpg,1,0,0.26853448
96563e41c.jpg,2,0,0.10582795
96563e41c.jpg,3,0,0.51286197
96563e41c.jpg,4,0,0.10678724
9671ed6a6.jpg,1,0,0.03471579
9671ed6a6.jpg,2,0,0.0069943606
9671ed6a6.jpg,3,1,0.6219947
9671ed6a6.jpg,4,0,0.21639498
9676c628e.jpg,1,0,0.439316
9676c628e.jpg,2,0,0.22532558
9676c628e.jpg,3,0,0.41133383
9676c628e.jpg,4,0,0.008737267
967ecac66.jpg,1,0,0.028773138
967ecac66.jpg,2,0,0.0058861426
967ecac66.jpg,3,0,0.38036862
967ecac66.jpg,4,1,0.8353579
96998d145.jpg,1,0,0.44443986
96998d145.jpg,2,0,0.052361477
96998d145.jpg,3,0,0.5155724
96998d145.jpg,4,0,0.011675966
96a864d9e.jpg,1,0,0.063070245
96a864d9e.jpg,2,0,0.044881884
96a864d9e.jpg,3,1,0.8845828
96a864d9e.jpg,4,0,0.0021468773
96b0c7f3b.jpg,1,0,0.39498964
96b0c7f3b.jpg,2,1,0.61776733
96b0c7f3b.jpg,3,0,0.29022548
96b0c7f3b.jpg,4,0,0.005271263
96b765ca8.jpg,1,0,0.35691568
96b765ca8.jpg,2,0,0.032140736
96b765ca8.jpg,3,0,0.4451088
96b765ca8.jpg,4,0,0.010147605
96b958f82.jpg,1,0,0.078331836
96b958f82.jpg,2,0,0.052614395
96b958f82.jpg,3,1,0.85746557
96b958f82.jpg,4,0,0.002691116
96bf0a6b5.jpg,1,0,0.08414484
96bf0a6b5.jpg,2,0,0.01640098
96bf0a6b5.jpg,3,1,0.81817937
96bf0a6b5.jpg,4,0,0.010488533
96f4ba19b.jpg,1,0,0.03617418
96f4ba19b.jpg,2,0,0.02115875
96f4ba19b.jpg,3,0,0.32088137
96f4ba19b.jpg,4,0,0.5768161
96fefb723.jpg,1,0,0.01699317
96fefb723.jpg,2,0,0.0031500468
96fefb723.jpg,3,0,0.24157222
96fefb723.jpg,4,1,0.9522121
9704603c1.jpg,1,0,0.015779711
9704603c1.jpg,2,0,0.002832066
9704603c1.jpg,3,1,0.9267145
9704603c1.jpg,4,0,0.0038270252
97053fb2f.jpg,1,0,0.21907403
97053fb2f.jpg,2,0,0.006041972
97053fb2f.jpg,3,1,0.78391856
97053fb2f.jpg,4,0,0.013809037
971cb01d4.jpg,1,0,0.016662642
971cb01d4.jpg,2,0,0.004704869
971cb01d4.jpg,3,1,0.89799666
971cb01d4.jpg,4,0,0.010215671
97269fe57.jpg,1,0,0.03798178
97269fe57.jpg,2,0,0.005514158
97269fe57.jpg,3,1,0.9198124
97269fe57.jpg,4,0,0.009093575
9747b5991.jpg,1,0,0.0570946
9747b5991.jpg,2,0,0.005941318
9747b5991.jpg,3,1,0.8302846
9747b5991.jpg,4,0,0.09208557
9749755ab.jpg,1,0,0.025552785
9749755ab.jpg,2,0,0.0828468
9749755ab.jpg,3,1,0.773138
9749755ab.jpg,4,0,0.057037443
974ae7257.jpg,1,0,0.5374075
974ae7257.jpg,2,0,0.013525764
974ae7257.jpg,3,0,0.41169205
974ae7257.jpg,4,0,0.008353659
974d7e4b2.jpg,1,0,0.03684506
974d7e4b2.jpg,2,0,0.017277313
974d7e4b2.jpg,3,1,0.88007575
974d7e4b2.jpg,4,0,0.0034707421
97880f512.jpg,1,1,0.793916
97880f512.jpg,2,0,0.024751686
97880f512.jpg,3,0,0.122833245
97880f512.jpg,4,0,0.0073677213
979993037.jpg,1,0,0.033097915
979993037.jpg,2,0,0.015772518
979993037.jpg,3,1,0.8758133
979993037.jpg,4,0,0.0040006125
97b231ffa.jpg,1,0,0.028950641
97b231ffa.jpg,2,0,0.004376946
97b231ffa.jpg,3,1,0.84929496
97b231ffa.jpg,4,0,0.018427933
97b325172.jpg,1,0,0.060951743
97b325172.jpg,2,0,0.036209956
97b325172.jpg,3,1,0.881273
97b325172.jpg,4,0,0.0028821258
97bce0b67.jpg,1,0,0.3778158
97bce0b67.jpg,2,0,0.011605397
97bce0b67.jpg,3,1,0.71628493
97bce0b67.jpg,4,0,0.02179646
97c8b7d9b.jpg,1,0,0.25981042
97c8b7d9b.jpg,2,0,0.0068986057
97c8b7d9b.jpg,3,1,0.73317844
97c8b7d9b.jpg,4,0,0.030836232
97d5bd78e.jpg,1,0,0.01451711
97d5bd78e.jpg,2,0,0.0028641566
97d5bd78e.jpg,3,1,0.7663285
97d5bd78e.jpg,4,0,0.26605234
97e22135e.jpg,1,0,0.015231203
97e22135e.jpg,2,0,0.0017425487
97e22135e.jpg,3,0,0.515866
97e22135e.jpg,4,1,0.7917156
97ea13d01.jpg,1,1,0.6610957
97ea13d01.jpg,2,0,0.10778836
97ea13d01.jpg,3,0,0.23733182
97ea13d01.jpg,4,0,0.0068852976
980081d98.jpg,1,0,0.043805588
980081d98.jpg,2,0,0.02904136
980081d98.jpg,3,1,0.89013886
980081d98.jpg,4,0,0.0022897914
980d73519.jpg,1,0,0.027030006
980d73519.jpg,2,0,0.00881854
980d73519.jpg,3,1,0.88843584
980d73519.jpg,4,0,0.043318074
981689840.jpg,1,0,0.30395296
981689840.jpg,2,1,0.6534107
981689840.jpg,3,0,0.27958682
981689840.jpg,4,0,0.005025904
9817ddf3f.jpg,1,0,0.33229107
9817ddf3f.jpg,2,0,0.0063483925
9817ddf3f.jpg,3,1,0.7428992
9817ddf3f.jpg,4,0,0.016189244
983a083d2.jpg,1,0,0.16213733
983a083d2.jpg,2,0,0.0069428845
983a083d2.jpg,3,1,0.8244443
983a083d2.jpg,4,0,0.03258211
985618ce4.jpg,1,0,0.42681873
985618ce4.jpg,2,0,0.013565133
985618ce4.jpg,3,0,0.4702359
985618ce4.jpg,4,0,0.05487367
98861ce3b.jpg,1,0,0.0627742
98861ce3b.jpg,2,0,0.39360753
98861ce3b.jpg,3,1,0.77293855
98861ce3b.jpg,4,0,0.0029778115
98892284d.jpg,1,0,0.050397243
98892284d.jpg,2,0,0.057220727
98892284d.jpg,3,0,0.5287543
98892284d.jpg,4,0,0.0778474
989301e27.jpg,1,0,0.34179303
989301e27.jpg,2,0,0.5562888
989301e27.jpg,3,0,0.31265214
989301e27.jpg,4,0,0.005130233
98966f4b8.jpg,1,0,0.04769354
98966f4b8.jpg,2,0,0.030784244
98966f4b8.jpg,3,1,0.8906612
98966f4b8.jpg,4,0,0.00253573
98bae0369.jpg,1,0,0.037370738
98bae0369.jpg,2,0,0.041983753
98bae0369.jpg,3,0,0.47226653
98bae0369.jpg,4,0,0.509685
98da1cdfd.jpg,1,0,0.21830778
98da1cdfd.jpg,2,0,0.3291605
98da1cdfd.jpg,3,0,0.57978636
98da1cdfd.jpg,4,0,0.0037957325
98df4b262.jpg,1,0,0.04981321
98df4b262.jpg,2,0,0.020958245
98df4b262.jpg,3,1,0.86762524
98df4b262.jpg,4,0,0.07899641
98e57c0c5.jpg,1,0,0.45721963
98e57c0c5.jpg,2,0,0.01751808
98e57c0c5.jpg,3,0,0.5421601
98e57c0c5.jpg,4,0,0.06763094
98e921ece.jpg,1,0,0.49062404
98e921ece.jpg,2,0,0.016187912
98e921ece.jpg,3,0,0.53053623
98e921ece.jpg,4,0,0.046444446
98f76053c.jpg,1,0,0.049506743
98f76053c.jpg,2,0,0.024642086
98f76053c.jpg,3,1,0.89122075
98f76053c.jpg,4,0,0.0015820974
9906a8bf2.jpg,1,0,0.106328875
9906a8bf2.jpg,2,0,0.0071436274
9906a8bf2.jpg,3,1,0.7137006
9906a8bf2.jpg,4,0,0.016574748
990852160.jpg,1,0,0.04904778
990852160.jpg,2,0,0.024428472
990852160.jpg,3,1,0.87932307
990852160.jpg,4,0,0.002471949
99085f54a.jpg,1,0,0.0250701
99085f54a.jpg,2,0,0.0084447535
99085f54a.jpg,3,1,0.91430587
99085f54a.jpg,4,0,0.007518261
99113fd58.jpg,1,0,0.050398957
99113fd58.jpg,2,0,0.008611834
99113fd58.jpg,3,1,0.7176495
99113fd58.jpg,4,0,0.1607262
991fdb586.jpg,1,0,0.0984192
991fdb586.jpg,2,0,0.017540393
991fdb586.jpg,3,1,0.78496027
991fdb586.jpg,4,0,0.020765325
9930cc99a.jpg,1,0,0.050751913
9930cc99a.jpg,2,0,0.028848177
9930cc99a.jpg,3,1,0.87740856
9930cc99a.jpg,4,0,0.0017892634
9939180a2.jpg,1,0,0.032048862
9939180a2.jpg,2,0,0.0040991935
9939180a2.jpg,3,1,0.92754006
9939180a2.jpg,4,0,0.009398558
9939e0fbd.jpg,1,0,0.14278913
9939e0fbd.jpg,2,0,0.23330633
9939e0fbd.jpg,3,0,0.32681534
9939e0fbd.jpg,4,0,0.009581954
9952b7f03.jpg,1,1,0.7026694
9952b7f03.jpg,2,0,0.00554697
9952b7f03.jpg,3,0,0.43448365
9952b7f03.jpg,4,0,0.011550034
99597b936.jpg,1,0,0.075758986
99597b936.jpg,2,0,0.097332634
99597b936.jpg,3,1,0.67042917
99597b936.jpg,4,0,0.0035134722
9971b06fb.jpg,1,0,0.441296
9971b06fb.jpg,2,0,0.25393483
9971b06fb.jpg,3,0,0.51810217
9971b06fb.jpg,4,0,0.004260603
997368746.jpg,1,0,0.28696516
997368746.jpg,2,0,0.4454149
997368746.jpg,3,0,0.37650874
997368746.jpg,4,0,0.0066056605
99976696b.jpg,1,0,0.018869288
99976696b.jpg,2,0,0.0047950256
99976696b.jpg,3,1,0.9158585
99976696b.jpg,4,0,0.010684125
99ac0a458.jpg,1,0,0.028754115
99ac0a458.jpg,2,0,0.045342144
99ac0a458.jpg,3,1,0.9017267
99ac0a458.jpg,4,0,0.004127111
99c9b2546.jpg,1,0,0.51403993
99c9b2546.jpg,2,0,0.12101522
99c9b2546.jpg,3,0,0.3297695
99c9b2546.jpg,4,0,0.025166944
99ced6e4a.jpg,1,0,0.00851415
99ced6e4a.jpg,2,0,0.0010763943
99ced6e4a.jpg,3,1,0.6951278
99ced6e4a.jpg,4,1,0.74879783
99efed4b3.jpg,1,0,0.042225327
99efed4b3.jpg,2,0,0.023711152
99efed4b3.jpg,3,1,0.899232
99efed4b3.jpg,4,0,0.0038558505
99f890650.jpg,1,0,0.035976395
99f890650.jpg,2,0,0.0048562414
99f890650.jpg,3,0,0.443259
99f890650.jpg,4,0,0.25946808
99fb3d0d5.jpg,1,0,0.028505698
99fb3d0d5.jpg,2,0,0.0036181565
99fb3d0d5.jpg,3,1,0.8428257
99fb3d0d5.jpg,4,0,0.020279879
9a17ac108.jpg,1,0,0.18716596
9a17ac108.jpg,2,0,0.007553008
9a17ac108.jpg,3,0,0.27616772
9a17ac108.jpg,4,1,0.6489972
9a2c2d41e.jpg,1,0,0.30706066
9a2c2d41e.jpg,2,0,0.11706579
9a2c2d41e.jpg,3,1,0.60844
9a2c2d41e.jpg,4,0,0.004069554
9a52fa414.jpg,1,0,0.43500587
9a52fa414.jpg,2,0,0.13146521
9a52fa414.jpg,3,0,0.5058443
9a52fa414.jpg,4,0,0.0029558588
9a56a6690.jpg,1,0,0.3228058
9a56a6690.jpg,2,0,0.005067828
9a56a6690.jpg,3,1,0.8374383
9a56a6690.jpg,4,0,0.005308092
9a8a05d65.jpg,1,1,0.7140953
9a8a05d65.jpg,2,0,0.12629221
9a8a05d65.jpg,3,0,0.31353357
9a8a05d65.jpg,4,0,0.0150159905
9a8ee5f00.jpg,1,0,0.455645
9a8ee5f00.jpg,2,0,0.028072385
9a8ee5f00.jpg,3,1,0.6199929
9a8ee5f00.jpg,4,0,0.020425733
9a915d960.jpg,1,0,0.5006808
9a915d960.jpg,2,0,0.33376065
9a915d960.jpg,3,0,0.39907888
9a915d960.jpg,4,0,0.0049586487
9a9703e3c.jpg,1,1,0.67973083
9a9703e3c.jpg,2,0,0.033458393
9a9703e3c.jpg,3,0,0.23127158
9a9703e3c.jpg,4,0,0.015354593
9aa6cf465.jpg,1,0,0.052295137
9aa6cf465.jpg,2,0,0.02412308
9aa6cf465.jpg,3,1,0.8914353
9aa6cf465.jpg,4,0,0.0011378502
9aac3187b.jpg,1,0,0.5689475
9aac3187b.jpg,2,0,0.008929141
9aac3187b.jpg,3,0,0.22350125
9aac3187b.jpg,4,0,0.29818863
9ab374aaf.jpg,1,0,0.1540895
9ab374aaf.jpg,2,0,0.012177255
9ab374aaf.jpg,3,1,0.832133
9ab374aaf.jpg,4,0,0.011829193
9abf4e920.jpg,1,0,0.045994997
9abf4e920.jpg,2,0,0.024900047
9abf4e920.jpg,3,1,0.8911886
9abf4e920.jpg,4,0,0.0024064512
9ad96011f.jpg,1,0,0.063331895
9ad96011f.jpg,2,0,0.003153514
9ad96011f.jpg,3,1,0.7428641
9ad96011f.jpg,4,0,0.49332967
9add1b7db.jpg,1,0,0.05830312
9add1b7db.jpg,2,0,0.03800751
9add1b7db.jpg,3,1,0.8719626
9add1b7db.jpg,4,0,0.004376408
9aec02d72.jpg,1,0,0.025925865
9aec02d72.jpg,2,0,0.0024934693
9aec02d72.jpg,3,1,0.7634492
9aec02d72.jpg,4,0,0.384185
9aee368c0.jpg,1,0,0.044119015
9aee368c0.jpg,2,0,0.03025488
9aee368c0.jpg,3,1,0.8918252
9aee368c0.jpg,4,0,0.0039720717
9b06a292b.jpg,1,0,0.097652026
9b06a292b.jpg,2,0,0.03761563
9b06a292b.jpg,3,1,0.83433956
9b06a292b.jpg,4,0,0.011270522
9b16a82de.jpg,1,1,0.61787975
9b16a82de.jpg,2,0,0.3327578
9b16a82de.jpg,3,0,0.27512193
9b16a82de.jpg,4,0,0.00685671
9b188741b.jpg,1,0,0.05726397
9b188741b.jpg,2,0,0.004323758
9b188741b.jpg,3,0,0.37576333
9b188741b.jpg,4,1,0.78240114
9b23c3d12.jpg,1,0,0.027434617
9b23c3d12.jpg,2,0,0.004845086
9b23c3d12.jpg,3,1,0.8513193
9b23c3d12.jpg,4,0,0.010533839
9b4e0f08d.jpg,1,0,0.2870057
9b4e0f08d.jpg,2,0,0.024212671
9b4e0f08d.jpg,3,1,0.6070095
9b4e0f08d.jpg,4,0,0.015058428
9b5074b6d.jpg,1,0,0.20054792
9b5074b6d.jpg,2,0,0.12565851
9b5074b6d.jpg,3,1,0.7125342
9b5074b6d.jpg,4,0,0.046671957
9b5147492.jpg,1,0,0.055170953
9b5147492.jpg,2,0,0.026130715
9b5147492.jpg,3,1,0.88259315
9b5147492.jpg,4,0,0.0015473553
9b5606333.jpg,1,0,0.10212505
9b5606333.jpg,2,0,0.012981292
9b5606333.jpg,3,1,0.7266106
9b5606333.jpg,4,0,0.1511126
9b569f979.jpg,1,0,0.255567
9b569f979.jpg,2,0,0.14252831
9b569f979.jpg,3,0,0.539891
9b569f979.jpg,4,0,0.0071709137
9b66b8330.jpg,1,0,0.049019814
9b66b8330.jpg,2,0,0.020255698
9b66b8330.jpg,3,1,0.8600936
9b66b8330.jpg,4,0,0.019965075
9b6f683af.jpg,1,0,0.038461898
9b6f683af.jpg,2,0,0.01791794
9b6f683af.jpg,3,1,0.8808565
9b6f683af.jpg,4,0,0.0054424875
9b787b3f3.jpg,1,0,0.4062071
9b787b3f3.jpg,2,0,0.20171052
9b787b3f3.jpg,3,0,0.46952316
9b787b3f3.jpg,4,0,0.0049033863
9b84b513e.jpg,1,0,0.05435857
9b84b513e.jpg,2,0,0.030949423
9b84b513e.jpg,3,1,0.86932135
9b84b513e.jpg,4,0,0.0029189344
9b953552b.jpg,1,0,0.26919943
9b953552b.jpg,2,0,0.17078842
9b953552b.jpg,3,0,0.43381727
9b953552b.jpg,4,0,0.06949458
9b9bb345b.jpg,1,0,0.12992866
9b9bb345b.jpg,2,0,0.014847804
9b9bb345b.jpg,3,1,0.8086342
9b9bb345b.jpg,4,0,0.037917245
9bf40f9c2.jpg,1,0,0.010948191
9bf40f9c2.jpg,2,0,0.0042238445
9bf40f9c2.jpg,3,1,0.8858784
9bf40f9c2.jpg,4,0,0.053583983
9c05b3377.jpg,1,0,0.45683694
9c05b3377.jpg,2,0,0.018219449
9c05b3377.jpg,3,0,0.4334731
9c05b3377.jpg,4,0,0.03616925
9c1af32c2.jpg,1,0,0.17024694
9c1af32c2.jpg,2,0,0.029353073
9c1af32c2.jpg,3,1,0.7980048
9c1af32c2.jpg,4,0,0.021442859
9c1fff809.jpg,1,0,0.022768058
9c1fff809.jpg,2,0,0.0034661728
9c1fff809.jpg,3,1,0.87256193
9c1fff809.jpg,4,0,0.12214885
9c2aacdd8.jpg,1,0,0.016513085
9c2aacdd8.jpg,2,0,0.0046310015
9c2aacdd8.jpg,3,1,0.9048698
9c2aacdd8.jpg,4,0,0.046490964
9c2ef44cc.jpg,1,0,0.3751098
9c2ef44cc.jpg,2,0,0.0110017685
9c2ef44cc.jpg,3,1,0.69978505
9c2ef44cc.jpg,4,0,0.063371524
9c3265f8a.jpg,1,0,0.04057954
9c3265f8a.jpg,2,0,0.027735466
9c3265f8a.jpg,3,0,0.23331918
9c3265f8a.jpg,4,0,0.40248045
9c331e570.jpg,1,0,0.44376126
9c331e570.jpg,2,0,0.05758861
9c331e570.jpg,3,0,0.5859323
9c331e570.jpg,4,0,0.00897126
9c595e23e.jpg,1,0,0.015498002
9c595e23e.jpg,2,0,0.0031384677
9c595e23e.jpg,3,1,0.6365861
9c595e23e.jpg,4,1,0.62662965
9c5b6cb95.jpg,1,1,0.6736639
9c5b6cb95.jpg,2,0,0.010830668
9c5b6cb95.jpg,3,0,0.32454807
9c5b6cb95.jpg,4,0,0.0107666785
9c5b7cb71.jpg,1,0,0.059227392
9c5b7cb71.jpg,2,0,0.03069672
9c5b7cb71.jpg,3,1,0.88397676
9c5b7cb71.jpg,4,0,0.0023185385
9c60f3644.jpg,1,0,0.11969432
9c60f3644.jpg,2,0,0.032140687
9c60f3644.jpg,3,1,0.82648283
9c60f3644.jpg,4,0,0.02269274
9c6b31c97.jpg,1,1,0.74047107
9c6b31c97.jpg,2,0,0.07961019
9c6b31c97.jpg,3,0,0.21210735
9c6b31c97.jpg,4,0,0.005957507
9c79a95ce.jpg,1,1,0.71067286
9c79a95ce.jpg,2,0,0.0437677
9c79a95ce.jpg,3,0,0.36708367
9c79a95ce.jpg,4,0,0.0063891127
9c98a69b7.jpg,1,1,0.76606846
9c98a69b7.jpg,2,0,0.03640802
9c98a69b7.jpg,3,0,0.19527234
9c98a69b7.jpg,4,0,0.024361463
9ca124aa0.jpg,1,0,0.12997288
9ca124aa0.jpg,2,0,0.029173447
9ca124aa0.jpg,3,1,0.8357568
9ca124aa0.jpg,4,0,0.013182387
9cb6d4832.jpg,1,0,0.39381304
9cb6d4832.jpg,2,0,0.05634752
9cb6d4832.jpg,3,1,0.63380337
9cb6d4832.jpg,4,0,0.010438421
9cbc700db.jpg,1,0,0.02189109
9cbc700db.jpg,2,0,0.0033495326
9cbc700db.jpg,3,1,0.89394003
9cbc700db.jpg,4,0,0.04153767
9cbcc8c30.jpg,1,0,0.3900322
9cbcc8c30.jpg,2,0,0.017882176
9cbcc8c30.jpg,3,0,0.25048253
9cbcc8c30.jpg,4,0,0.012488894
9cc10ade1.jpg,1,0,0.06410325
9cc10ade1.jpg,2,0,0.032085717
9cc10ade1.jpg,3,1,0.8869407
9cc10ade1.jpg,4,0,0.0032290432
9cd2dcaea.jpg,1,0,0.064896606
9cd2dcaea.jpg,2,0,0.03793952
9cd2dcaea.jpg,3,1,0.87112576
9cd2dcaea.jpg,4,0,0.003894644
9cd3c80ba.jpg,1,0,0.05632774
9cd3c80ba.jpg,2,0,0.03138016
9cd3c80ba.jpg,3,1,0.88045543
9cd3c80ba.jpg,4,0,0.0020673051
9cd461813.jpg,1,0,0.049979582
9cd461813.jpg,2,0,0.027251752
9cd461813.jpg,3,1,0.8872049
9cd461813.jpg,4,0,0.0025515978
9cd62c5df.jpg,1,0,0.031659663
9cd62c5df.jpg,2,0,0.01047442
9cd62c5df.jpg,3,0,0.3293285
9cd62c5df.jpg,4,1,0.8228182
9cebc2686.jpg,1,0,0.19151051
9cebc2686.jpg,2,0,0.11926496
9cebc2686.jpg,3,1,0.71823525
9cebc2686.jpg,4,0,0.0037381507
9d143b20f.jpg,1,0,0.02627785
9d143b20f.jpg,2,0,0.0053323456
9d143b20f.jpg,3,1,0.9032814
9d143b20f.jpg,4,0,0.04851362
9d2adc69b.jpg,1,0,0.051646795
9d2adc69b.jpg,2,0,0.00971122
9d2adc69b.jpg,3,0,0.45571962
9d2adc69b.jpg,4,1,0.69658977
9d2b4edf3.jpg,1,0,0.024234092
9d2b4edf3.jpg,2,0,0.0075718723
9d2b4edf3.jpg,3,0,0.26573983
9d2b4edf3.jpg,4,1,0.8782801
9d2bcaa60.jpg,1,0,0.06347469
9d2bcaa60.jpg,2,0,0.04054253
9d2bcaa60.jpg,3,1,0.8406052
9d2bcaa60.jpg,4,0,0.002871405
9d2e5089b.jpg,1,0,0.028186752
9d2e5089b.jpg,2,0,0.004376022
9d2e5089b.jpg,3,1,0.7521824
9d2e5089b.jpg,4,0,0.023926064
9d404916b.jpg,1,0,0.007924404
9d404916b.jpg,2,0,0.0016781358
9d404916b.jpg,3,1,0.88310975
9d404916b.jpg,4,0,0.06834151
9d4dbacd9.jpg,1,0,0.06400938
9d4dbacd9.jpg,2,0,0.005467216
9d4dbacd9.jpg,3,1,0.66545504
9d4dbacd9.jpg,4,0,0.022941453
9d50a1095.jpg,1,0,0.11877069
9d50a1095.jpg,2,0,0.029532084
9d50a1095.jpg,3,1,0.841091
9d50a1095.jpg,4,0,0.0025065357
9d530271c.jpg,1,1,0.8318401
9d530271c.jpg,2,0,0.014003262
9d530271c.jpg,3,0,0.10376503
9d530271c.jpg,4,0,0.0375559
9d59c4eed.jpg,1,0,0.04401267
9d59c4eed.jpg,2,0,0.014012816
9d59c4eed.jpg,3,1,0.8919284
9d59c4eed.jpg,4,0,0.014585447
9d6d2feec.jpg,1,0,0.39382145
9d6d2feec.jpg,2,0,0.0066691427
9d6d2feec.jpg,3,0,0.5725357
9d6d2feec.jpg,4,0,0.04853894
9d7240eb6.jpg,1,0,0.5938255
9d7240eb6.jpg,2,0,0.12462336
9d7240eb6.jpg,3,0,0.27191105
9d7240eb6.jpg,4,0,0.028565891
9d73b410e.jpg,1,0,0.27953362
9d73b410e.jpg,2,0,0.0106185945
9d73b410e.jpg,3,0,0.4944992
9d73b410e.jpg,4,0,0.16636302
9d81c8973.jpg,1,0,0.01973381
9d81c8973.jpg,2,0,0.0034146507
9d81c8973.jpg,3,1,0.85710365
9d81c8973.jpg,4,0,0.01014275
9d916e73e.jpg,1,0,0.022978919
9d916e73e.jpg,2,0,0.0061466917
9d916e73e.jpg,3,0,0.34746516
9d916e73e.jpg,4,1,0.792327
9d9c92b9f.jpg,1,0,0.23096229
9d9c92b9f.jpg,2,0,0.21965016
9d9c92b9f.jpg,3,1,0.6563346
9d9c92b9f.jpg,4,0,0.005221437
9da4445ea.jpg,1,0,0.094322555
9da4445ea.jpg,2,0,0.03242427
9da4445ea.jpg,3,1,0.635193
9da4445ea.jpg,4,0,0.011370774
9dae5286a.jpg,1,0,0.026580812
9dae5286a.jpg,2,0,0.008693258
9dae5286a.jpg,3,1,0.90457124
9dae5286a.jpg,4,0,0.014647634
9db682c6e.jpg,1,0,0.044749375
9db682c6e.jpg,2,0,0.025306791
9db682c6e.jpg,3,1,0.89029145
9db682c6e.jpg,4,0,0.0056375246
9dbf182e2.jpg,1,0,0.011687033
9dbf182e2.jpg,2,0,0.0013771821
9dbf182e2.jpg,3,1,0.93497896
9dbf182e2.jpg,4,0,0.05052176
9dc1c1a6a.jpg,1,0,0.3703897
9dc1c1a6a.jpg,2,0,0.019114388
9dc1c1a6a.jpg,3,1,0.6243997
9dc1c1a6a.jpg,4,0,0.02231271
9dc80896a.jpg,1,0,0.039810162
9dc80896a.jpg,2,0,0.007225361
9dc80896a.jpg,3,1,0.64440054
9dc80896a.jpg,4,0,0.43841997
9dde366d5.jpg,1,0,0.016462767
9dde366d5.jpg,2,0,0.0019273009
9dde366d5.jpg,3,1,0.93573767
9dde366d5.jpg,4,0,0.011954722
9e0bc52cd.jpg,1,0,0.10932904
9e0bc52cd.jpg,2,0,0.03669947
9e0bc52cd.jpg,3,1,0.8571031
9e0bc52cd.jpg,4,0,0.0044947024
9e23283a4.jpg,1,0,0.015363452
9e23283a4.jpg,2,0,0.0036031175
9e23283a4.jpg,3,1,0.8336642
9e23283a4.jpg,4,0,0.21249503
9e24388bd.jpg,1,0,0.14336172
9e24388bd.jpg,2,0,0.35349393
9e24388bd.jpg,3,1,0.60448295
9e24388bd.jpg,4,0,0.00311218
9e2b50d90.jpg,1,0,0.21109103
9e2b50d90.jpg,2,0,0.012410566
9e2b50d90.jpg,3,1,0.6674287
9e2b50d90.jpg,4,0,0.04979826
9e2d5911a.jpg,1,0,0.07476459
9e2d5911a.jpg,2,0,0.005764555
9e2d5911a.jpg,3,0,0.42729464
9e2d5911a.jpg,4,0,0.5953776
9e3892f25.jpg,1,0,0.27495393
9e3892f25.jpg,2,0,0.004503
9e3892f25.jpg,3,0,0.5353674
9e3892f25.jpg,4,0,0.030995144
9e3aa0d14.jpg,1,0,0.03111239
9e3aa0d14.jpg,2,0,0.0041291243
9e3aa0d14.jpg,3,1,0.76745087
9e3aa0d14.jpg,4,0,0.025078407
9e6cc5fba.jpg,1,0,0.15854122
9e6cc5fba.jpg,2,0,0.012127516
9e6cc5fba.jpg,3,1,0.76447684
9e6cc5fba.jpg,4,0,0.043897998
9e8538987.jpg,1,0,0.040603843
9e8538987.jpg,2,0,0.023091584
9e8538987.jpg,3,1,0.90101546
9e8538987.jpg,4,0,0.002102638
9e900ecc8.jpg,1,0,0.15886219
9e900ecc8.jpg,2,0,0.0594203
9e900ecc8.jpg,3,1,0.7258935
9e900ecc8.jpg,4,0,0.052988846
9e95cb775.jpg,1,0,0.06661564
9e95cb775.jpg,2,0,0.009212304
9e95cb775.jpg,3,0,0.28891984
9e95cb775.jpg,4,1,0.7964747
9e9f049b6.jpg,1,0,0.10157754
9e9f049b6.jpg,2,0,0.0053248424
9e9f049b6.jpg,3,1,0.8134975
9e9f049b6.jpg,4,0,0.010577314
9eb318bbd.jpg,1,0,0.05450813
9eb318bbd.jpg,2,0,0.014709267
9eb318bbd.jpg,3,0,0.47686657
9eb318bbd.jpg,4,1,0.7403037
9ebdc1f1f.jpg,1,0,0.0587668
9ebdc1f1f.jpg,2,0,0.029651267
9ebdc1f1f.jpg,3,1,0.8783905
9ebdc1f1f.jpg,4,0,0.0023513397
9ec42e9ca.jpg,1,0,0.021433493
9ec42e9ca.jpg,2,0,0.008997629
9ec42e9ca.jpg,3,1,0.83095413
9ec42e9ca.jpg,4,0,0.18561603
9ee751e7e.jpg,1,0,0.546076
9ee751e7e.jpg,2,0,0.38068426
9ee751e7e.jpg,3,0,0.33969644
9ee751e7e.jpg,4,0,0.00403446
9ef000061.jpg,1,0,0.037167206
9ef000061.jpg,2,0,0.014256452
9ef000061.jpg,3,1,0.8603108
9ef000061.jpg,4,0,0.003774056
9ef3fbd81.jpg,1,0,0.01596121
9ef3fbd81.jpg,2,0,0.0021682887
9ef3fbd81.jpg,3,1,0.7179446
9ef3fbd81.jpg,4,1,0.6601017
9f31017ca.jpg,1,0,0.36042753
9f31017ca.jpg,2,0,0.0050028954
9f31017ca.jpg,3,1,0.75916797
9f31017ca.jpg,4,0,0.015925923
9f34d0e20.jpg,1,0,0.10550907
9f34d0e20.jpg,2,0,0.0058437656
9f34d0e20.jpg,3,1,0.8529689
9f34d0e20.jpg,4,0,0.0035218007
9f3d318ab.jpg,1,0,0.035630792
9f3d318ab.jpg,2,0,0.004532017
9f3d318ab.jpg,3,1,0.9235917
9f3d318ab.jpg,4,0,0.008447018
9f3f90b42.jpg,1,0,0.028529948
9f3f90b42.jpg,2,0,0.0046115774
9f3f90b42.jpg,3,1,0.8276739
9f3f90b42.jpg,4,0,0.013662889
9f51a0553.jpg,1,0,0.057318196
9f51a0553.jpg,2,0,0.008087314
9f51a0553.jpg,3,0,0.5881031
9f51a0553.jpg,4,0,0.21801573
9f587f80d.jpg,1,0,0.28133896
9f587f80d.jpg,2,1,0.6038472
9f587f80d.jpg,3,0,0.24027741
9f587f80d.jpg,4,0,0.02226949
9f5a5dc8b.jpg,1,0,0.06697174
9f5a5dc8b.jpg,2,0,0.06602054
9f5a5dc8b.jpg,3,1,0.860569
9f5a5dc8b.jpg,4,0,0.0029314717
9f64e4f3b.jpg,1,0,0.15912269
9f64e4f3b.jpg,2,0,0.014951062
9f64e4f3b.jpg,3,1,0.72272044
9f64e4f3b.jpg,4,0,0.020924479
9f672c554.jpg,1,0,0.35927835
9f672c554.jpg,2,0,0.5176514
9f672c554.jpg,3,0,0.47357678
9f672c554.jpg,4,0,0.0033750525
9f6be26da.jpg,1,0,0.43829915
9f6be26da.jpg,2,0,0.44302782
9f6be26da.jpg,3,0,0.1750861
9f6be26da.jpg,4,0,0.00366324
9f72cf6f6.jpg,1,0,0.16540034
9f72cf6f6.jpg,2,0,0.00998848
9f72cf6f6.jpg,3,1,0.8488018
9f72cf6f6.jpg,4,0,0.0012908682
9f7498252.jpg,1,1,0.66737574
9f7498252.jpg,2,0,0.38730064
9f7498252.jpg,3,0,0.13949339
9f7498252.jpg,4,0,0.0062757754
9f7a5b38b.jpg,1,0,0.06439202
9f7a5b38b.jpg,2,0,0.030178124
9f7a5b38b.jpg,3,1,0.8729997
9f7a5b38b.jpg,4,0,0.0031633538
9fa361ed3.jpg,1,0,0.02652672
9fa361ed3.jpg,2,0,0.0037517305
9fa361ed3.jpg,3,1,0.8549228
9fa361ed3.jpg,4,0,0.014564592
9fa6b6472.jpg,1,0,0.50180954
9fa6b6472.jpg,2,0,0.18332307
9fa6b6472.jpg,3,0,0.16030131
9fa6b6472.jpg,4,0,0.00503899
9fa98a376.jpg,1,0,0.1406942
9fa98a376.jpg,2,0,0.02330109
9fa98a376.jpg,3,1,0.658042
9fa98a376.jpg,4,0,0.011224692
9faed71e2.jpg,1,0,0.02212357
9faed71e2.jpg,2,0,0.020291124
9faed71e2.jpg,3,1,0.88414973
9faed71e2.jpg,4,0,0.042565603
9fcc459b7.jpg,1,0,0.01771096
9fcc459b7.jpg,2,0,0.0069248867
9fcc459b7.jpg,3,0,0.27521935
9fcc459b7.jpg,4,1,0.91398937
9fe197aa8.jpg,1,0,0.41908243
9fe197aa8.jpg,2,1,0.64897054
9fe197aa8.jpg,3,0,0.25285158
9fe197aa8.jpg,4,0,0.0032253808
9fe56a5a6.jpg,1,0,0.09401069
9fe56a5a6.jpg,2,0,0.0054662437
9fe56a5a6.jpg,3,1,0.8225057
9fe56a5a6.jpg,4,0,0.021469787
9fe7a8c6f.jpg,1,0,0.034159303
9fe7a8c6f.jpg,2,0,0.0072665424
9fe7a8c6f.jpg,3,1,0.8406403
9fe7a8c6f.jpg,4,0,0.07819962
9fef81473.jpg,1,0,0.02637042
9fef81473.jpg,2,0,0.003021731
9fef81473.jpg,3,1,0.9489077
9fef81473.jpg,4,0,0.0058196248
9ff8a9f53.jpg,1,0,0.21907151
9ff8a9f53.jpg,2,0,0.031291127
9ff8a9f53.jpg,3,1,0.63046443
9ff8a9f53.jpg,4,0,0.012595333
9ffc12ace.jpg,1,0,0.26617506
9ffc12ace.jpg,2,0,0.27817765
9ffc12ace.jpg,3,0,0.5006939
9ffc12ace.jpg,4,0,0.005420754
a003578d4.jpg,1,0,0.039402787
a003578d4.jpg,2,0,0.01442682
a003578d4.jpg,3,1,0.8915966
a003578d4.jpg,4,0,0.0042678346
a016a1b45.jpg,1,0,0.33597866
a016a1b45.jpg,2,0,0.46928406
a016a1b45.jpg,3,0,0.24591579
a016a1b45.jpg,4,0,0.005406453
a016ebfca.jpg,1,0,0.45840797
a016ebfca.jpg,2,0,0.5299385
a016ebfca.jpg,3,0,0.3116653
a016ebfca.jpg,4,0,0.0042659226
a027b3720.jpg,1,0,0.5216822
a027b3720.jpg,2,0,0.079846375
a027b3720.jpg,3,0,0.22804092
a027b3720.jpg,4,0,0.014902745
a02a1e995.jpg,1,0,0.0679998
a02a1e995.jpg,2,0,0.04146872
a02a1e995.jpg,3,1,0.85337216
a02a1e995.jpg,4,0,0.005762502
a02e9f525.jpg,1,0,0.02150397
a02e9f525.jpg,2,0,0.0019239378
a02e9f525.jpg,3,1,0.919825
a02e9f525.jpg,4,0,0.007946706
a03997e23.jpg,1,0,0.41183174
a03997e23.jpg,2,0,0.017812267
a03997e23.jpg,3,0,0.40284166
a03997e23.jpg,4,0,0.0073810145
a03b1e23e.jpg,1,0,0.022480428
a03b1e23e.jpg,2,0,0.004961745
a03b1e23e.jpg,3,0,0.27981332
a03b1e23e.jpg,4,1,0.8487766
a03b535cb.jpg,1,0,0.032410357
a03b535cb.jpg,2,0,0.0015931159
a03b535cb.jpg,3,1,0.85660845
a03b535cb.jpg,4,0,0.09448073
a04270bb7.jpg,1,0,0.14604825
a04270bb7.jpg,2,0,0.09701592
a04270bb7.jpg,3,1,0.76360685
a04270bb7.jpg,4,0,0.013189756
a0613ca60.jpg,1,0,0.2780297
a0613ca60.jpg,2,0,0.026771955
a0613ca60.jpg,3,0,0.57806844
a0613ca60.jpg,4,0,0.010532309
a067b1cc0.jpg,1,0,0.030531665
a067b1cc0.jpg,2,0,0.030496715
a067b1cc0.jpg,3,1,0.8505929
a067b1cc0.jpg,4,0,0.021128273
a06b3ceb3.jpg,1,0,0.20707242
a06b3ceb3.jpg,2,0,0.0058352486
a06b3ceb3.jpg,3,0,0.5397592
a06b3ceb3.jpg,4,0,0.03052201
a07575cbe.jpg,1,0,0.58743316
a07575cbe.jpg,2,0,0.011297957
a07575cbe.jpg,3,0,0.4410518
a07575cbe.jpg,4,0,0.094479956
a07c95dec.jpg,1,0,0.117280275
a07c95dec.jpg,2,0,0.010292744
a07c95dec.jpg,3,1,0.8163953
a07c95dec.jpg,4,0,0.08217369
a0838ee79.jpg,1,0,0.07213147
a0838ee79.jpg,2,0,0.020188402
a0838ee79.jpg,3,1,0.86873055
a0838ee79.jpg,4,0,0.011634667
a085442a8.jpg,1,0,0.053464353
a085442a8.jpg,2,0,0.029636903
a085442a8.jpg,3,1,0.87183577
a085442a8.jpg,4,0,0.003620161
a09964160.jpg,1,1,0.77786565
a09964160.jpg,2,0,0.0054675643
a09964160.jpg,3,0,0.19218321
a09964160.jpg,4,0,0.02975606
a0b154b20.jpg,1,1,0.81787634
a0b154b20.jpg,2,0,0.008837916
a0b154b20.jpg,3,0,0.16486178
a0b154b20.jpg,4,0,0.06316415
a0b280324.jpg,1,0,0.045071904
a0b280324.jpg,2,0,0.028534828
a0b280324.jpg,3,1,0.8883917
a0b280324.jpg,4,0,0.003004634
a0c32332a.jpg,1,0,0.58781123
a0c32332a.jpg,2,0,0.32160133
a0c32332a.jpg,3,0,0.15247004
a0c32332a.jpg,4,0,0.03252082
a0d37c784.jpg,1,0,0.016308397
a0d37c784.jpg,2,0,0.0025793472
a0d37c784.jpg,3,0,0.46819326
a0d37c784.jpg,4,1,0.77477187
a0da3ea1b.jpg,1,0,0.27156314
a0da3ea1b.jpg,2,0,0.013042421
a0da3ea1b.jpg,3,1,0.66754454
a0da3ea1b.jpg,4,0,0.028147718
a0ec304bb.jpg,1,0,0.04181986
a0ec304bb.jpg,2,0,0.019635135
a0ec304bb.jpg,3,1,0.87789226
a0ec304bb.jpg,4,0,0.004441325
a0f6c52f5.jpg,1,0,0.09298224
a0f6c52f5.jpg,2,0,0.00871323
a0f6c52f5.jpg,3,1,0.88386804
a0f6c52f5.jpg,4,0,0.006676121
a0fd8f9d6.jpg,1,0,0.413794
a0fd8f9d6.jpg,2,0,0.37083134
a0fd8f9d6.jpg,3,0,0.40833858
a0fd8f9d6.jpg,4,0,0.0041001732
a103a104e.jpg,1,0,0.28442785
a103a104e.jpg,2,0,0.21637464
a103a104e.jpg,3,0,0.4800234
a103a104e.jpg,4,0,0.095038086
a10b055ea.jpg,1,0,0.03500851
a10b055ea.jpg,2,0,0.002493846
a10b055ea.jpg,3,1,0.9037265
a10b055ea.jpg,4,0,0.0119264275
a1158736b.jpg,1,0,0.027501078
a1158736b.jpg,2,0,0.0025217682
a1158736b.jpg,3,1,0.8253395
a1158736b.jpg,4,0,0.3867948
a138d1604.jpg,1,0,0.059456464
a138d1604.jpg,2,0,0.034619763
a138d1604.jpg,3,1,0.8888118
a138d1604.jpg,4,0,0.0013126606
a147757dc.jpg,1,1,0.7653008
a147757dc.jpg,2,0,0.0021023455
a147757dc.jpg,3,0,0.17943507
a147757dc.jpg,4,0,0.020104865
a154c5b83.jpg,1,0,0.03384967
a154c5b83.jpg,2,0,0.007852905
a154c5b83.jpg,3,0,0.36548308
a154c5b83.jpg,4,1,0.8798406
a15579e45.jpg,1,0,0.16603793
a15579e45.jpg,2,0,0.30954155
a15579e45.jpg,3,1,0.6331892
a15579e45.jpg,4,0,0.005082785
a1675bd77.jpg,1,0,0.042048704
a1675bd77.jpg,2,0,0.024688631
a1675bd77.jpg,3,1,0.8974462
a1675bd77.jpg,4,0,0.0019164254
a1771df63.jpg,1,1,0.8219908
a1771df63.jpg,2,0,0.021085247
a1771df63.jpg,3,0,0.14039242
a1771df63.jpg,4,0,0.02622334
a182ee44c.jpg,1,0,0.13650675
a182ee44c.jpg,2,0,0.01719574
a182ee44c.jpg,3,0,0.5081255
a182ee44c.jpg,4,0,0.0508462
a18a197b5.jpg,1,0,0.01388156
a18a197b5.jpg,2,0,0.0046286895
a18a197b5.jpg,3,1,0.9074716
a18a197b5.jpg,4,0,0.023130083
a19125a5e.jpg,1,0,0.56217664
a19125a5e.jpg,2,0,0.21812278
a19125a5e.jpg,3,0,0.424028
a19125a5e.jpg,4,0,0.010016586
a19af242c.jpg,1,0,0.30695584
a19af242c.jpg,2,0,0.06680522
a19af242c.jpg,3,0,0.57056
a19af242c.jpg,4,0,0.083503455
a19c794fc.jpg,1,0,0.077452846
a19c794fc.jpg,2,0,0.015180293
a19c794fc.jpg,3,0,0.563724
a19c794fc.jpg,4,0,0.40059373
a1afcd145.jpg,1,0,0.32876903
a1afcd145.jpg,2,0,0.46927464
a1afcd145.jpg,3,0,0.40287268
a1afcd145.jpg,4,0,0.0039048512
a1c475564.jpg,1,0,0.25478664
a1c475564.jpg,2,0,0.47157207
a1c475564.jpg,3,0,0.2437476
a1c475564.jpg,4,0,0.02671358
a1cc0f4f9.jpg,1,0,0.051107515
a1cc0f4f9.jpg,2,0,0.0015311157
a1cc0f4f9.jpg,3,1,0.9360644
a1cc0f4f9.jpg,4,0,0.0076559074
a1db2bee0.jpg,1,0,0.07029788
a1db2bee0.jpg,2,0,0.042684566
a1db2bee0.jpg,3,1,0.8647876
a1db2bee0.jpg,4,0,0.008950237
a1ddc0e03.jpg,1,0,0.21560489
a1ddc0e03.jpg,2,0,0.009477185
a1ddc0e03.jpg,3,1,0.75364995
a1ddc0e03.jpg,4,0,0.003623549
a1f1613bc.jpg,1,0,0.47273806
a1f1613bc.jpg,2,0,0.04312088
a1f1613bc.jpg,3,1,0.6158102
a1f1613bc.jpg,4,0,0.016268948
a1fa2eb32.jpg,1,0,0.06178826
a1fa2eb32.jpg,2,0,0.046074867
a1fa2eb32.jpg,3,1,0.8472979
a1fa2eb32.jpg,4,0,0.018183118
a2001cb9f.jpg,1,0,0.29031825
a2001cb9f.jpg,2,0,0.549534
a2001cb9f.jpg,3,0,0.38069558
a2001cb9f.jpg,4,0,0.0032546201
a20204e10.jpg,1,0,0.05081447
a20204e10.jpg,2,0,0.034223717
a20204e10.jpg,3,1,0.87292504
a20204e10.jpg,4,0,0.005270382
a20756113.jpg,1,0,0.04326724
a20756113.jpg,2,0,0.05108553
a20756113.jpg,3,0,0.47174105
a20756113.jpg,4,0,0.5676824
a20d6d106.jpg,1,0,0.009653714
a20d6d106.jpg,2,0,0.0011653904
a20d6d106.jpg,3,0,0.31968182
a20d6d106.jpg,4,1,0.89592147
a20ed0064.jpg,1,0,0.22394796
a20ed0064.jpg,2,0,0.0028506794
a20ed0064.jpg,3,1,0.86470336
a20ed0064.jpg,4,0,0.035459287
a20fc2072.jpg,1,0,0.13991474
a20fc2072.jpg,2,0,0.008434878
a20fc2072.jpg,3,1,0.84276605
a20fc2072.jpg,4,0,0.013716549
a2116b101.jpg,1,0,0.053258386
a2116b101.jpg,2,0,0.031775035
a2116b101.jpg,3,1,0.8754699
a2116b101.jpg,4,0,0.005153675
a21266d21.jpg,1,0,0.37297213
a21266d21.jpg,2,0,0.052647155
a21266d21.jpg,3,0,0.38437358
a21266d21.jpg,4,0,0.006002359
a21a4e445.jpg,1,0,0.13293645
a21a4e445.jpg,2,0,0.020542813
a21a4e445.jpg,3,1,0.8845365
a21a4e445.jpg,4,0,0.006334255
a22f8aac9.jpg,1,0,0.013811253
a22f8aac9.jpg,2,0,0.0018312316
a22f8aac9.jpg,3,1,0.92982984
a22f8aac9.jpg,4,0,0.008036164
a2423ec13.jpg,1,0,0.06901873
a2423ec13.jpg,2,0,0.05436268
a2423ec13.jpg,3,1,0.86167055
a2423ec13.jpg,4,0,0.0019157589
a2491cf5f.jpg,1,0,0.14058061
a2491cf5f.jpg,2,0,0.11494366
a2491cf5f.jpg,3,1,0.7345504
a2491cf5f.jpg,4,0,0.008919452
a24b59c50.jpg,1,0,0.16393039
a24b59c50.jpg,2,0,0.08715272
a24b59c50.jpg,3,1,0.62144256
a24b59c50.jpg,4,0,0.13703728
a24eb89b5.jpg,1,0,0.24380194
a24eb89b5.jpg,2,0,0.28380919
a24eb89b5.jpg,3,0,0.55629104
a24eb89b5.jpg,4,0,0.015986064
a269d58e3.jpg,1,0,0.3694056
a269d58e3.jpg,2,0,0.16993336
a269d58e3.jpg,3,1,0.6270401
a269d58e3.jpg,4,0,0.0030878205
a273ec9d4.jpg,1,0,0.045717392
a273ec9d4.jpg,2,0,0.017756933
a273ec9d4.jpg,3,1,0.90028644
a273ec9d4.jpg,4,0,0.009124486
a27afe1dd.jpg,1,0,0.154983
a27afe1dd.jpg,2,0,0.010914893
a27afe1dd.jpg,3,1,0.75278085
a27afe1dd.jpg,4,0,0.00542267
a28406009.jpg,1,0,0.28370902
a28406009.jpg,2,0,0.020961793
a28406009.jpg,3,1,0.6705112
a28406009.jpg,4,0,0.016702851
a28572637.jpg,1,0,0.40997005
a28572637.jpg,2,0,0.07520645
a28572637.jpg,3,0,0.48415902
a28572637.jpg,4,0,0.010715661
a291ad959.jpg,1,0,0.028339751
a291ad959.jpg,2,0,0.0037367232
a291ad959.jpg,3,0,0.17234261
a291ad959.jpg,4,1,0.9629684
a29360bc1.jpg,1,0,0.090907335
a29360bc1.jpg,2,0,0.009454601
a29360bc1.jpg,3,1,0.84634703
a29360bc1.jpg,4,0,0.025722886
a2a7372c8.jpg,1,0,0.39144036
a2a7372c8.jpg,2,0,0.011661433
a2a7372c8.jpg,3,1,0.6141183
a2a7372c8.jpg,4,0,0.0051073413
a2b0d7556.jpg,1,0,0.33376646
a2b0d7556.jpg,2,0,0.48265472
a2b0d7556.jpg,3,0,0.38042805
a2b0d7556.jpg,4,0,0.004323338
a2c33ab71.jpg,1,0,0.08898571
a2c33ab71.jpg,2,0,0.17064255
a2c33ab71.jpg,3,0,0.33427048
a2c33ab71.jpg,4,0,0.2557197
a2d170934.jpg,1,0,0.35441124
a2d170934.jpg,2,0,0.44997332
a2d170934.jpg,3,0,0.33728746
a2d170934.jpg,4,0,0.00626236
a2fdf285e.jpg,1,0,0.029326588
a2fdf285e.jpg,2,0,0.0053225663
a2fdf285e.jpg,3,1,0.79076856
a2fdf285e.jpg,4,0,0.027481511
a301b86f5.jpg,1,0,0.18029661
a301b86f5.jpg,2,0,0.02542711
a301b86f5.jpg,3,1,0.63917935
a301b86f5.jpg,4,0,0.019566996
a308d143f.jpg,1,0,0.10307187
a308d143f.jpg,2,0,0.044314265
a308d143f.jpg,3,1,0.84808975
a308d143f.jpg,4,0,0.002461044
a30fb95e0.jpg,1,0,0.0696861
a30fb95e0.jpg,2,0,0.1890362
a30fb95e0.jpg,3,1,0.7355199
a30fb95e0.jpg,4,0,0.003345007
a31800551.jpg,1,0,0.05989571
a31800551.jpg,2,0,0.55024827
a31800551.jpg,3,0,0.36366844
a31800551.jpg,4,0,0.09408468
a31855fa5.jpg,1,1,0.7624068
a31855fa5.jpg,2,0,0.026097154
a31855fa5.jpg,3,0,0.23848127
a31855fa5.jpg,4,0,0.027864426
a320f45bd.jpg,1,0,0.056958053
a320f45bd.jpg,2,0,0.030755589
a320f45bd.jpg,3,1,0.63936704
a320f45bd.jpg,4,0,0.07569242
a3217152f.jpg,1,0,0.04320107
a3217152f.jpg,2,0,0.025268935
a3217152f.jpg,3,1,0.88938546
a3217152f.jpg,4,0,0.0030450386
a32e85e53.jpg,1,0,0.0748974
a32e85e53.jpg,2,0,0.041276038
a32e85e53.jpg,3,0,0.36673927
a32e85e53.jpg,4,1,0.6290488
a34a51976.jpg,1,0,0.3659128
a34a51976.jpg,2,0,0.56563836
a34a51976.jpg,3,0,0.30883026
a34a51976.jpg,4,0,0.0055719726
a34bfe95d.jpg,1,0,0.07052942
a34bfe95d.jpg,2,0,0.30335674
a34bfe95d.jpg,3,0,0.5739164
a34bfe95d.jpg,4,0,0.045770068
a358b4b36.jpg,1,1,0.6868382
a358b4b36.jpg,2,0,0.034474988
a358b4b36.jpg,3,0,0.3011853
a358b4b36.jpg,4,0,0.009071092
a35a3a040.jpg,1,0,0.3318118
a35a3a040.jpg,2,0,0.37470022
a35a3a040.jpg,3,0,0.27005562
a35a3a040.jpg,4,0,0.047203124
a35bd7546.jpg,1,0,0.028433502
a35bd7546.jpg,2,0,0.004910871
a35bd7546.jpg,3,0,0.48296714
a35bd7546.jpg,4,0,0.052057277
a35f51c71.jpg,1,0,0.33038458
a35f51c71.jpg,2,0,0.5720822
a35f51c71.jpg,3,0,0.41505027
a35f51c71.jpg,4,0,0.0038786496
a378724f0.jpg,1,0,0.18014336
a378724f0.jpg,2,0,0.080072604
a378724f0.jpg,3,0,0.5828925
a378724f0.jpg,4,0,0.06782635
a3849d778.jpg,1,0,0.3269585
a3849d778.jpg,2,0,0.09785479
a3849d778.jpg,3,1,0.6672173
a3849d778.jpg,4,0,0.0153911
a3880f530.jpg,1,0,0.13407668
a3880f530.jpg,2,0,0.008043715
a3880f530.jpg,3,1,0.70322037
a3880f530.jpg,4,0,0.10056429
a38deb87e.jpg,1,0,0.40794668
a38deb87e.jpg,2,1,0.64274096
a38deb87e.jpg,3,0,0.31487444
a38deb87e.jpg,4,0,0.0032708067
a391c72d7.jpg,1,0,0.038502928
a391c72d7.jpg,2,0,0.32516372
a391c72d7.jpg,3,1,0.6751197
a391c72d7.jpg,4,0,0.0071267993
a3a75b4ef.jpg,1,0,0.042306494
a3a75b4ef.jpg,2,0,0.021522306
a3a75b4ef.jpg,3,0,0.52187926
a3a75b4ef.jpg,4,0,0.55993015
a3ae9f3e5.jpg,1,0,0.22503251
a3ae9f3e5.jpg,2,0,0.0660423
a3ae9f3e5.jpg,3,0,0.5310002
a3ae9f3e5.jpg,4,0,0.20891543
a3bee7e2b.jpg,1,0,0.0947138
a3bee7e2b.jpg,2,0,0.026462054
a3bee7e2b.jpg,3,1,0.85082144
a3bee7e2b.jpg,4,0,0.019187858
a3d2c9b25.jpg,1,0,0.04348765
a3d2c9b25.jpg,2,0,0.0046002795
a3d2c9b25.jpg,3,0,0.34844956
a3d2c9b25.jpg,4,1,0.7569509
a3d85f9f3.jpg,1,0,0.25713134
a3d85f9f3.jpg,2,0,0.43572834
a3d85f9f3.jpg,3,0,0.36118793
a3d85f9f3.jpg,4,0,0.005255277
a3dd8b9d0.jpg,1,0,0.015407477
a3dd8b9d0.jpg,2,0,0.0017291708
a3dd8b9d0.jpg,3,1,0.9359364
a3dd8b9d0.jpg,4,0,0.0070234165
a3ecdc479.jpg,1,0,0.41728666
a3ecdc479.jpg,2,0,0.1652054
a3ecdc479.jpg,3,0,0.540561
a3ecdc479.jpg,4,0,0.007815468
a3fb191f3.jpg,1,0,0.21894799
a3fb191f3.jpg,2,0,0.09359142
a3fb191f3.jpg,3,0,0.57598287
a3fb191f3.jpg,4,0,0.014998292
a40c26912.jpg,1,0,0.01992244
a40c26912.jpg,2,0,0.0037013649
a40c26912.jpg,3,0,0.44376504
a40c26912.jpg,4,1,0.79889196
a428bdd60.jpg,1,0,0.02715872
a428bdd60.jpg,2,0,0.002276214
a428bdd60.jpg,3,1,0.8032964
a428bdd60.jpg,4,0,0.02517289
a437f34dc.jpg,1,0,0.068309374
a437f34dc.jpg,2,0,0.052018955
a437f34dc.jpg,3,1,0.7701803
a437f34dc.jpg,4,0,0.0035624022
a43fa0fb8.jpg,1,1,0.7642159
a43fa0fb8.jpg,2,0,0.0035649529
a43fa0fb8.jpg,3,0,0.23311533
a43fa0fb8.jpg,4,0,0.017346831
a44298fe1.jpg,1,0,0.057169434
a44298fe1.jpg,2,0,0.032595575
a44298fe1.jpg,3,1,0.8791592
a44298fe1.jpg,4,0,0.0037312817
a455ede4d.jpg,1,0,0.047688898
a455ede4d.jpg,2,0,0.004199377
a455ede4d.jpg,3,0,0.29826137
a455ede4d.jpg,4,1,0.81100136
a45891d4f.jpg,1,0,0.09538936
a45891d4f.jpg,2,0,0.024562784
a45891d4f.jpg,3,1,0.7344732
a45891d4f.jpg,4,0,0.09692698
a46396cca.jpg,1,0,0.12573376
a46396cca.jpg,2,0,0.014662199
a46396cca.jpg,3,1,0.7864845
a46396cca.jpg,4,0,0.019794608
a464778f2.jpg,1,0,0.36167356
a464778f2.jpg,2,0,0.008608065
a464778f2.jpg,3,0,0.4410623
a464778f2.jpg,4,0,0.08967533
a467ebb37.jpg,1,0,0.08299459
a467ebb37.jpg,2,0,0.0065212646
a467ebb37.jpg,3,1,0.8677309
a467ebb37.jpg,4,0,0.019289896
a468171d3.jpg,1,0,0.022915311
a468171d3.jpg,2,0,0.00298946
a468171d3.jpg,3,1,0.9219883
a468171d3.jpg,4,0,0.010579663
a477615df.jpg,1,0,0.3734393
a477615df.jpg,2,0,0.12166482
a477615df.jpg,3,0,0.3571217
a477615df.jpg,4,0,0.07586879
a478fb0b0.jpg,1,0,0.3552655
a478fb0b0.jpg,2,0,0.031582113
a478fb0b0.jpg,3,1,0.66305673
a478fb0b0.jpg,4,0,0.0043765227
a4a2f54f4.jpg,1,0,0.036386404
a4a2f54f4.jpg,2,0,0.005200638
a4a2f54f4.jpg,3,1,0.913249
a4a2f54f4.jpg,4,0,0.003959593
a4ab44112.jpg,1,0,0.48999736
a4ab44112.jpg,2,0,0.5667997
a4ab44112.jpg,3,0,0.28180847
a4ab44112.jpg,4,0,0.0032054249
a4b6b6d9a.jpg,1,0,0.020166986
a4b6b6d9a.jpg,2,0,0.012125612
a4b6b6d9a.jpg,3,1,0.6141245
a4b6b6d9a.jpg,4,0,0.44260105
a4c9fb612.jpg,1,0,0.045388002
a4c9fb612.jpg,2,0,0.025391752
a4c9fb612.jpg,3,1,0.8914666
a4c9fb612.jpg,4,0,0.004706032
a4d0182b6.jpg,1,0,0.013975158
a4d0182b6.jpg,2,0,0.005132674
a4d0182b6.jpg,3,1,0.9131642
a4d0182b6.jpg,4,0,0.0022455317
a4e6808a5.jpg,1,0,0.2969706
a4e6808a5.jpg,2,0,0.007302065
a4e6808a5.jpg,3,1,0.6685911
a4e6808a5.jpg,4,0,0.10132562
a4e6b831a.jpg,1,0,0.12572627
a4e6b831a.jpg,2,0,0.3175926
a4e6b831a.jpg,3,0,0.40185392
a4e6b831a.jpg,4,0,0.027234718
a4f84f3e4.jpg,1,0,0.06356654
a4f84f3e4.jpg,2,0,0.0048709954
a4f84f3e4.jpg,3,1,0.7059858
a4f84f3e4.jpg,4,0,0.023547767
a4fabd66c.jpg,1,0,0.20452304
a4fabd66c.jpg,2,0,0.014802978
a4fabd66c.jpg,3,1,0.78977036
a4fabd66c.jpg,4,0,0.052436132
a4fcd7b09.jpg,1,0,0.46026567
a4fcd7b09.jpg,2,0,0.40220657
a4fcd7b09.jpg,3,0,0.41435075
a4fcd7b09.jpg,4,0,0.004924339
a4fe1adda.jpg,1,1,0.7064123
a4fe1adda.jpg,2,0,0.1414878
a4fe1adda.jpg,3,0,0.15131155
a4fe1adda.jpg,4,0,0.0035935426
a50dad11d.jpg,1,0,0.009292707
a50dad11d.jpg,2,0,0.0013280347
a50dad11d.jpg,3,1,0.7867584
a50dad11d.jpg,4,0,0.29357585
a5137d96e.jpg,1,0,0.013990615
a5137d96e.jpg,2,0,0.0058705355
a5137d96e.jpg,3,0,0.43585357
a5137d96e.jpg,4,1,0.7769343
a521ed387.jpg,1,0,0.3782395
a521ed387.jpg,2,0,0.2620861
a521ed387.jpg,3,0,0.35000983
a521ed387.jpg,4,0,0.013542832
a524e2390.jpg,1,0,0.026316958
a524e2390.jpg,2,0,0.011112105
a524e2390.jpg,3,0,0.24653406
a524e2390.jpg,4,0,0.5002213
a532a4ac5.jpg,1,0,0.39203206
a532a4ac5.jpg,2,0,0.46224046
a532a4ac5.jpg,3,0,0.35805252
a532a4ac5.jpg,4,0,0.006667923
a53709a7b.jpg,1,0,0.0066596605
a53709a7b.jpg,2,0,0.0008333703
a53709a7b.jpg,3,1,0.720594
a53709a7b.jpg,4,1,0.72630566
a550ad5c3.jpg,1,0,0.03328748
a550ad5c3.jpg,2,0,0.004610824
a550ad5c3.jpg,3,1,0.6588925
a550ad5c3.jpg,4,0,0.5363231
a55578b4c.jpg,1,0,0.08804986
a55578b4c.jpg,2,0,0.013557392
a55578b4c.jpg,3,1,0.84795874
a55578b4c.jpg,4,0,0.013853118
a560d602c.jpg,1,0,0.058745712
a560d602c.jpg,2,0,0.019433431
a560d602c.jpg,3,1,0.7919762
a560d602c.jpg,4,0,0.09294969
a576dbdc5.jpg,1,0,0.046765704
a576dbdc5.jpg,2,0,0.008178887
a576dbdc5.jpg,3,0,0.5920809
a576dbdc5.jpg,4,0,0.027478397
a58a85a13.jpg,1,0,0.23281461
a58a85a13.jpg,2,0,0.02951786
a58a85a13.jpg,3,1,0.703614
a58a85a13.jpg,4,0,0.022574106
a597b96db.jpg,1,0,0.03709834
a597b96db.jpg,2,0,0.022471497
a597b96db.jpg,3,1,0.8764441
a597b96db.jpg,4,0,0.005036377
a59c35a69.jpg,1,0,0.028486758
a59c35a69.jpg,2,0,0.009806562
a59c35a69.jpg,3,1,0.7936463
a59c35a69.jpg,4,0,0.12612726
a5a8bacf3.jpg,1,0,0.23101239
a5a8bacf3.jpg,2,0,0.14687659
a5a8bacf3.jpg,3,0,0.4685276
a5a8bacf3.jpg,4,0,0.15498157
a5a94ede7.jpg,1,0,0.020810299
a5a94ede7.jpg,2,0,0.00374069
a5a94ede7.jpg,3,1,0.88418907
a5a94ede7.jpg,4,0,0.05057955
a5ab63bff.jpg,1,0,0.23263396
a5ab63bff.jpg,2,0,0.0073143784
a5ab63bff.jpg,3,0,0.44655886
a5ab63bff.jpg,4,0,0.017929655
a5af72ccb.jpg,1,0,0.37885022
a5af72ccb.jpg,2,0,0.0141986655
a5af72ccb.jpg,3,1,0.6456567
a5af72ccb.jpg,4,0,0.04261372
a5cc4e5d8.jpg,1,0,0.034756627
a5cc4e5d8.jpg,2,0,0.020734468
a5cc4e5d8.jpg,3,1,0.8771527
a5cc4e5d8.jpg,4,0,0.0029219277
a5e151ad8.jpg,1,0,0.33308712
a5e151ad8.jpg,2,0,0.009343742
a5e151ad8.jpg,3,1,0.6692924
a5e151ad8.jpg,4,0,0.043813422
a5ea48147.jpg,1,0,0.049620915
a5ea48147.jpg,2,0,0.067958064
a5ea48147.jpg,3,1,0.86803466
a5ea48147.jpg,4,0,0.0020545842
a60c40eec.jpg,1,0,0.12912434
a60c40eec.jpg,2,0,0.0110156415
a60c40eec.jpg,3,0,0.56586105
a60c40eec.jpg,4,0,0.0040824306
a61a68386.jpg,1,0,0.032419093
a61a68386.jpg,2,0,0.003043699
a61a68386.jpg,3,1,0.9232984
a61a68386.jpg,4,0,0.009611674
a61bbad2e.jpg,1,1,0.6415192
a61bbad2e.jpg,2,0,0.08417816
a61bbad2e.jpg,3,0,0.19078927
a61bbad2e.jpg,4,0,0.016520817
a61ea29c0.jpg,1,0,0.029359005
a61ea29c0.jpg,2,0,0.0048409626
a61ea29c0.jpg,3,1,0.6892893
a61ea29c0.jpg,4,0,0.59520644
a6243fb67.jpg,1,0,0.18370694
a6243fb67.jpg,2,0,0.0037538875
a6243fb67.jpg,3,1,0.7654808
a6243fb67.jpg,4,0,0.062684335
a629fcebe.jpg,1,0,0.026737453
a629fcebe.jpg,2,0,0.005024682
a629fcebe.jpg,3,1,0.64633685
a629fcebe.jpg,4,1,0.65209514
a631d53aa.jpg,1,0,0.05942765
a631d53aa.jpg,2,0,0.045686048
a631d53aa.jpg,3,1,0.8782899
a631d53aa.jpg,4,0,0.0014386317
a63c4f62b.jpg,1,0,0.5284886
a63c4f62b.jpg,2,0,0.03257629
a63c4f62b.jpg,3,0,0.45715177
a63c4f62b.jpg,4,0,0.03797582
a6637fbfd.jpg,1,1,0.7104871
a6637fbfd.jpg,2,0,0.013424189
a6637fbfd.jpg,3,0,0.2826154
a6637fbfd.jpg,4,0,0.029424697
a69c22afb.jpg,1,0,0.048806548
a69c22afb.jpg,2,0,0.027127802
a69c22afb.jpg,3,1,0.89619595
a69c22afb.jpg,4,0,0.0014829943
a69f95c48.jpg,1,0,0.018860405
a69f95c48.jpg,2,0,0.003758774
a69f95c48.jpg,3,0,0.48908806
a69f95c48.jpg,4,1,0.79363316
a6a66a5ef.jpg,1,0,0.08473798
a6a66a5ef.jpg,2,0,0.011817585
a6a66a5ef.jpg,3,1,0.8243851
a6a66a5ef.jpg,4,0,0.09293488
a6b9bd57b.jpg,1,0,0.32136866
a6b9bd57b.jpg,2,0,0.064197265
a6b9bd57b.jpg,3,0,0.29886618
a6b9bd57b.jpg,4,0,0.0025370775
a6bf0533b.jpg,1,0,0.0777512
a6bf0533b.jpg,2,0,0.03491791
a6bf0533b.jpg,3,1,0.8281238
a6bf0533b.jpg,4,0,0.009773533
a6d163bd0.jpg,1,0,0.57003915
a6d163bd0.jpg,2,0,0.0067166868
a6d163bd0.jpg,3,0,0.5011668
a6d163bd0.jpg,4,0,0.044301245
a6d27abb1.jpg,1,0,0.121498965
a6d27abb1.jpg,2,0,0.1085413
a6d27abb1.jpg,3,1,0.73613256
a6d27abb1.jpg,4,0,0.035250857
a6d70c12e.jpg,1,0,0.19804756
a6d70c12e.jpg,2,0,0.36561117
a6d70c12e.jpg,3,0,0.44122818
a6d70c12e.jpg,4,0,0.0042691436
a6db49bcd.jpg,1,0,0.41589284
a6db49bcd.jpg,2,0,0.41500154
a6db49bcd.jpg,3,0,0.42046633
a6db49bcd.jpg,4,0,0.005197662
a6e5a99a8.jpg,1,0,0.010983092
a6e5a99a8.jpg,2,0,0.001975197
a6e5a99a8.jpg,3,1,0.8418367
a6e5a99a8.jpg,4,0,0.21177872
a6e7e3400.jpg,1,0,0.1098653
a6e7e3400.jpg,2,0,0.032856826
a6e7e3400.jpg,3,1,0.79630685
a6e7e3400.jpg,4,0,0.010018691
a6ed7d3ad.jpg,1,0,0.1205985
a6ed7d3ad.jpg,2,0,0.17755973
a6ed7d3ad.jpg,3,1,0.7599409
a6ed7d3ad.jpg,4,0,0.0027562536
a6f9c6de7.jpg,1,1,0.63601977
a6f9c6de7.jpg,2,0,0.1823075
a6f9c6de7.jpg,3,0,0.1694035
a6f9c6de7.jpg,4,0,0.0066534304
a6fee6ebe.jpg,1,0,0.137848
a6fee6ebe.jpg,2,0,0.0132014975
a6fee6ebe.jpg,3,0,0.55999976
a6fee6ebe.jpg,4,0,0.108356975
a731a42a4.jpg,1,0,0.12762533
a731a42a4.jpg,2,0,0.025613612
a731a42a4.jpg,3,1,0.63161534
a731a42a4.jpg,4,0,0.017449442
a7332d817.jpg,1,0,0.020258302
a7332d817.jpg,2,0,0.0035502797
a7332d817.jpg,3,1,0.81899405
a7332d817.jpg,4,0,0.09168422
a735d50e0.jpg,1,0,0.054136652
a735d50e0.jpg,2,0,0.036141444
a735d50e0.jpg,3,1,0.88157344
a735d50e0.jpg,4,0,0.0019598876
a7377c95e.jpg,1,0,0.12966853
a7377c95e.jpg,2,0,0.07196805
a7377c95e.jpg,3,1,0.81573254
a7377c95e.jpg,4,0,0.0033585394
a75d7bad4.jpg,1,0,0.2774252
a75d7bad4.jpg,2,1,0.73461413
a75d7bad4.jpg,3,0,0.19646655
a75d7bad4.jpg,4,0,0.0040667807
a75eae54f.jpg,1,0,0.30538353
a75eae54f.jpg,2,0,0.13317387
a75eae54f.jpg,3,0,0.33552232
a75eae54f.jpg,4,0,0.0065704524
a765c8cf5.jpg,1,0,0.026036693
a765c8cf5.jpg,2,0,0.0044940505
a765c8cf5.jpg,3,1,0.8838299
a765c8cf5.jpg,4,0,0.08745396
a7774946f.jpg,1,1,0.7421167
a7774946f.jpg,2,0,0.009562067
a7774946f.jpg,3,0,0.34878853
a7774946f.jpg,4,0,0.033631496
a779bcc94.jpg,1,1,0.75629383
a779bcc94.jpg,2,0,0.12247747
a779bcc94.jpg,3,0,0.21696843
a779bcc94.jpg,4,0,0.018638145
a77cf57d6.jpg,1,0,0.20045827
a77cf57d6.jpg,2,0,0.13246568
a77cf57d6.jpg,3,1,0.7651293
a77cf57d6.jpg,4,0,0.0038620455
a78ee6c2b.jpg,1,0,0.28735444
a78ee6c2b.jpg,2,0,0.025143959
a78ee6c2b.jpg,3,0,0.5973279
a78ee6c2b.jpg,4,0,0.08169689
a799d853f.jpg,1,0,0.02586806
a799d853f.jpg,2,0,0.0035717394
a799d853f.jpg,3,1,0.7058909
a799d853f.jpg,4,0,0.28429526
a79b53847.jpg,1,1,0.74491405
a79b53847.jpg,2,0,0.015650919
a79b53847.jpg,3,0,0.20804982
a79b53847.jpg,4,0,0.0215171
a7ac374a5.jpg,1,0,0.1056534
a7ac374a5.jpg,2,0,0.004926281
a7ac374a5.jpg,3,1,0.7131931
a7ac374a5.jpg,4,0,0.03559844
a7ba7beb6.jpg,1,0,0.17111886
a7ba7beb6.jpg,2,0,0.0139150815
a7ba7beb6.jpg,3,1,0.68803686
a7ba7beb6.jpg,4,0,0.062588215
a7e0fcef4.jpg,1,0,0.12120708
a7e0fcef4.jpg,2,0,0.0040838285
a7e0fcef4.jpg,3,1,0.76623434
a7e0fcef4.jpg,4,0,0.03541095
a7e803b17.jpg,1,0,0.048046906
a7e803b17.jpg,2,0,0.025407298
a7e803b17.jpg,3,1,0.9027205
a7e803b17.jpg,4,0,0.001801189
a80205a53.jpg,1,0,0.02561032
a80205a53.jpg,2,0,0.01422453
a80205a53.jpg,3,0,0.18696994
a80205a53.jpg,4,0,0.3190983
a8036ee5a.jpg,1,0,0.035812322
a8036ee5a.jpg,2,0,0.01459837
a8036ee5a.jpg,3,1,0.89588183
a8036ee5a.jpg,4,0,0.0022123426
a805857e8.jpg,1,0,0.0691817
a805857e8.jpg,2,0,0.063983224
a805857e8.jpg,3,1,0.71584827
a805857e8.jpg,4,0,0.018686375
a821909ee.jpg,1,0,0.09241966
a821909ee.jpg,2,0,0.1829744
a821909ee.jpg,3,1,0.7583837
a821909ee.jpg,4,0,0.0033671896
a83fc096c.jpg,1,0,0.08012674
a83fc096c.jpg,2,0,0.04831371
a83fc096c.jpg,3,1,0.8318147
a83fc096c.jpg,4,0,0.01220102
a84c71b88.jpg,1,0,0.05446816
a84c71b88.jpg,2,0,0.0016107109
a84c71b88.jpg,3,1,0.8053097
a84c71b88.jpg,4,0,0.2557002
a85cff522.jpg,1,0,0.24273743
a85cff522.jpg,2,0,0.1122261
a85cff522.jpg,3,0,0.5625848
a85cff522.jpg,4,0,0.050717812
a8675325e.jpg,1,0,0.20582384
a8675325e.jpg,2,0,0.15631916
a8675325e.jpg,3,1,0.74459594
a8675325e.jpg,4,0,0.0029018803
a873b638e.jpg,1,0,0.011593682
a873b638e.jpg,2,0,0.0038938134
a873b638e.jpg,3,0,0.2720828
a873b638e.jpg,4,1,0.8713889
a87a22c5f.jpg,1,0,0.017568415
a87a22c5f.jpg,2,0,0.003367808
a87a22c5f.jpg,3,1,0.90670323
a87a22c5f.jpg,4,0,0.054569345
a87c6f527.jpg,1,0,0.067013055
a87c6f527.jpg,2,0,0.03150851
a87c6f527.jpg,3,1,0.87584376
a87c6f527.jpg,4,0,0.003480143
a883cd737.jpg,1,0,0.2573698
a883cd737.jpg,2,0,0.027726814
a883cd737.jpg,3,1,0.6005486
a883cd737.jpg,4,0,0.019147733
a889fda08.jpg,1,0,0.10671363
a889fda08.jpg,2,0,0.00822085
a889fda08.jpg,3,1,0.8361605
a889fda08.jpg,4,0,0.051052034
a8a382d9e.jpg,1,0,0.09107601
a8a382d9e.jpg,2,0,0.42396724
a8a382d9e.jpg,3,0,0.2727035
a8a382d9e.jpg,4,0,0.018526265
a8ab0eae9.jpg,1,0,0.1405455
a8ab0eae9.jpg,2,0,0.1465
a8ab0eae9.jpg,3,0,0.58652604
a8ab0eae9.jpg,4,0,0.015771868
a8b6847bb.jpg,1,0,0.024076587
a8b6847bb.jpg,2,0,0.010954504
a8b6847bb.jpg,3,0,0.49941564
a8b6847bb.jpg,4,1,0.69070864
a8b937db4.jpg,1,0,0.2423505
a8b937db4.jpg,2,0,0.42173943
a8b937db4.jpg,3,0,0.5775389
a8b937db4.jpg,4,0,0.0038335659
a8d0df598.jpg,1,0,0.033979464
a8d0df598.jpg,2,0,0.0021193048
a8d0df598.jpg,3,1,0.9249885
a8d0df598.jpg,4,0,0.016193947
a8de405eb.jpg,1,0,0.5421841
a8de405eb.jpg,2,0,0.39402294
a8de405eb.jpg,3,0,0.29815426
a8de405eb.jpg,4,0,0.0060865283
a8e6ce675.jpg,1,1,0.63561887
a8e6ce675.jpg,2,0,0.32910776
a8e6ce675.jpg,3,0,0.26843166
a8e6ce675.jpg,4,0,0.0038153294
a8e7e62c7.jpg,1,0,0.038322657
a8e7e62c7.jpg,2,0,0.015877483
a8e7e62c7.jpg,3,1,0.87780094
a8e7e62c7.jpg,4,0,0.004463254
a8f3c75b7.jpg,1,0,0.010738563
a8f3c75b7.jpg,2,0,0.0024281985
a8f3c75b7.jpg,3,1,0.9360277
a8f3c75b7.jpg,4,0,0.01289998
a8fa3a00d.jpg,1,0,0.44705284
a8fa3a00d.jpg,2,0,0.11127531
a8fa3a00d.jpg,3,0,0.30506316
a8fa3a00d.jpg,4,0,0.05034024
a919f335d.jpg,1,0,0.07995593
a919f335d.jpg,2,0,0.0042142905
a919f335d.jpg,3,1,0.7844763
a919f335d.jpg,4,0,0.043089915
a93168993.jpg,1,0,0.033304673
a93168993.jpg,2,0,0.004609661
a93168993.jpg,3,1,0.80994153
a93168993.jpg,4,0,0.02614826
a94261525.jpg,1,0,0.19223762
a94261525.jpg,2,1,0.72662765
a94261525.jpg,3,0,0.2014665
a94261525.jpg,4,0,0.00375238
a9436be78.jpg,1,0,0.42559418
a9436be78.jpg,2,0,0.044419263
a9436be78.jpg,3,0,0.5635875
a9436be78.jpg,4,0,0.0069762953
a95f8f652.jpg,1,0,0.17354895
a95f8f652.jpg,2,0,0.0131841535
a95f8f652.jpg,3,1,0.731702
a95f8f652.jpg,4,0,0.012963527
a9646c4b4.jpg,1,0,0.025083855
a9646c4b4.jpg,2,0,0.0054255333
a9646c4b4.jpg,3,1,0.89323884
a9646c4b4.jpg,4,0,0.039887022
a96635ddf.jpg,1,0,0.068784334
a96635ddf.jpg,2,0,0.03709701
a96635ddf.jpg,3,1,0.87157136
a96635ddf.jpg,4,0,0.0030735733
a96babe87.jpg,1,0,0.47268844
a96babe87.jpg,2,0,0.009962021
a96babe87.jpg,3,0,0.49860647
a96babe87.jpg,4,0,0.037497167
a9a281fac.jpg,1,0,0.02251569
a9a281fac.jpg,2,0,0.0032823812
a9a281fac.jpg,3,0,0.34625748
a9a281fac.jpg,4,1,0.839957
a9abf68ed.jpg,1,1,0.6055233
a9abf68ed.jpg,2,0,0.37339044
a9abf68ed.jpg,3,0,0.15079336
a9abf68ed.jpg,4,0,0.039259043
a9b97d590.jpg,1,0,0.09914983
a9b97d590.jpg,2,0,0.005424513
a9b97d590.jpg,3,1,0.87232137
a9b97d590.jpg,4,0,0.009388966
a9cbf7313.jpg,1,0,0.13448484
a9cbf7313.jpg,2,0,0.007880315
a9cbf7313.jpg,3,0,0.38745642
a9cbf7313.jpg,4,0,0.044034403
a9cfbcc93.jpg,1,0,0.457217
a9cfbcc93.jpg,2,0,0.055528868
a9cfbcc93.jpg,3,0,0.59888095
a9cfbcc93.jpg,4,0,0.008876796
a9df27e08.jpg,1,0,0.047708437
a9df27e08.jpg,2,0,0.008766746
a9df27e08.jpg,3,0,0.42407945
a9df27e08.jpg,4,1,0.7721176
a9ee3f893.jpg,1,0,0.02620492
a9ee3f893.jpg,2,0,0.0029170355
a9ee3f893.jpg,3,0,0.38900626
a9ee3f893.jpg,4,0,0.027987627
aa009ff4c.jpg,1,0,0.026375256
aa009ff4c.jpg,2,0,0.009968612
aa009ff4c.jpg,3,1,0.9029207
aa009ff4c.jpg,4,0,0.018655227
aa05c4ccd.jpg,1,0,0.09698013
aa05c4ccd.jpg,2,0,0.14741985
aa05c4ccd.jpg,3,1,0.72779775
aa05c4ccd.jpg,4,0,0.02910077
aa1d1e861.jpg,1,0,0.0515081
aa1d1e861.jpg,2,0,0.036745574
aa1d1e861.jpg,3,1,0.88953257
aa1d1e861.jpg,4,0,0.0019195735
aa2c6f04b.jpg,1,0,0.3181214
aa2c6f04b.jpg,2,0,0.0076320693
aa2c6f04b.jpg,3,1,0.78525686
aa2c6f04b.jpg,4,0,0.0049857027
aa373175e.jpg,1,0,0.16727479
aa373175e.jpg,2,0,0.16462302
aa373175e.jpg,3,1,0.6261937
aa373175e.jpg,4,0,0.006359776
aa39873ac.jpg,1,0,0.3943657
aa39873ac.jpg,2,0,0.065330334
aa39873ac.jpg,3,0,0.29480746
aa39873ac.jpg,4,0,0.008903914
aa3f37c60.jpg,1,0,0.042854
aa3f37c60.jpg,2,0,0.032373473
aa3f37c60.jpg,3,0,0.37961042
aa3f37c60.jpg,4,1,0.6441509
aa4af1b78.jpg,1,0,0.012992553
aa4af1b78.jpg,2,0,0.0016252837
aa4af1b78.jpg,3,0,0.22022857
aa4af1b78.jpg,4,1,0.9051601
aa52de316.jpg,1,0,0.26704207
aa52de316.jpg,2,0,0.13017471
aa52de316.jpg,3,0,0.47725323
aa52de316.jpg,4,0,0.17953753
aa604ec06.jpg,1,0,0.054504227
aa604ec06.jpg,2,0,0.031961963
aa604ec06.jpg,3,1,0.88432926
aa604ec06.jpg,4,0,0.0027480032
aa610cdba.jpg,1,1,0.6533048
aa610cdba.jpg,2,0,0.030211518
aa610cdba.jpg,3,0,0.25755498
aa610cdba.jpg,4,0,0.021427343
aa69155e0.jpg,1,0,0.04275616
aa69155e0.jpg,2,0,0.025363827
aa69155e0.jpg,3,1,0.8972599
aa69155e0.jpg,4,0,0.00300656
aa85eb783.jpg,1,0,0.027586596
aa85eb783.jpg,2,0,0.013746661
aa85eb783.jpg,3,1,0.8671709
aa85eb783.jpg,4,0,0.010838021
aa8deb96a.jpg,1,0,0.15222557
aa8deb96a.jpg,2,0,0.0038998572
aa8deb96a.jpg,3,1,0.719765
aa8deb96a.jpg,4,0,0.029286185
aa93d0582.jpg,1,0,0.018259848
aa93d0582.jpg,2,0,0.0027056544
aa93d0582.jpg,3,1,0.928979
aa93d0582.jpg,4,0,0.009716189
aab0d9f7f.jpg,1,1,0.69176775
aab0d9f7f.jpg,2,0,0.030922478
aab0d9f7f.jpg,3,0,0.4069793
aab0d9f7f.jpg,4,0,0.070661016
aac9f5355.jpg,1,0,0.044175833
aac9f5355.jpg,2,0,0.010562175
aac9f5355.jpg,3,1,0.8919559
aac9f5355.jpg,4,0,0.01137922
aaccd7aee.jpg,1,0,0.3157353
aaccd7aee.jpg,2,0,0.22945207
aaccd7aee.jpg,3,0,0.49048987
aaccd7aee.jpg,4,0,0.0064432216
aaddd5c04.jpg,1,1,0.7494902
aaddd5c04.jpg,2,0,0.014864832
aaddd5c04.jpg,3,0,0.14655595
aaddd5c04.jpg,4,0,0.016135264
aae38bcd5.jpg,1,0,0.018630788
aae38bcd5.jpg,2,0,0.0041680383
aae38bcd5.jpg,3,1,0.87596565
aae38bcd5.jpg,4,0,0.017049914
aaebf8aa6.jpg,1,0,0.24683966
aaebf8aa6.jpg,2,0,0.24227452
aaebf8aa6.jpg,3,1,0.65911204
aaebf8aa6.jpg,4,0,0.004962791
aaef57ed2.jpg,1,0,0.073148556
aaef57ed2.jpg,2,0,0.12657689
aaef57ed2.jpg,3,0,0.5737024
aaef57ed2.jpg,4,0,0.023562929
aaefbf9e7.jpg,1,0,0.33209947
aaefbf9e7.jpg,2,0,0.43982086
aaefbf9e7.jpg,3,0,0.51502067
aaefbf9e7.jpg,4,0,0.004447694
aaeffe0f1.jpg,1,1,0.744767
aaeffe0f1.jpg,2,0,0.16143058
aaeffe0f1.jpg,3,0,0.1583256
aaeffe0f1.jpg,4,0,0.005506225
ab04af3f0.jpg,1,0,0.16613042
ab04af3f0.jpg,2,0,0.18779695
ab04af3f0.jpg,3,0,0.55338496
ab04af3f0.jpg,4,0,0.011317928
ab0ea3ac6.jpg,1,0,0.16772419
ab0ea3ac6.jpg,2,0,0.013314213
ab0ea3ac6.jpg,3,1,0.81087995
ab0ea3ac6.jpg,4,0,0.0073726233
ab14b6d92.jpg,1,0,0.42575696
ab14b6d92.jpg,2,0,0.0054164086
ab14b6d92.jpg,3,1,0.73317957
ab14b6d92.jpg,4,0,0.035219178
ab1e81c91.jpg,1,0,0.044502284
ab1e81c91.jpg,2,0,0.19550265
ab1e81c91.jpg,3,1,0.7992825
ab1e81c91.jpg,4,0,0.0034982876
ab2aa42d4.jpg,1,0,0.12389002
ab2aa42d4.jpg,2,0,0.58871806
ab2aa42d4.jpg,3,0,0.41265717
ab2aa42d4.jpg,4,0,0.0014083629
ab2ae6d16.jpg,1,0,0.15975808
ab2ae6d16.jpg,2,0,0.048463028
ab2ae6d16.jpg,3,1,0.7026064
ab2ae6d16.jpg,4,0,0.11722476
ab3837d96.jpg,1,0,0.03055209
ab3837d96.jpg,2,0,0.0034385493
ab3837d96.jpg,3,1,0.7159746
ab3837d96.jpg,4,0,0.4120394
ab3a9a988.jpg,1,0,0.09501422
ab3a9a988.jpg,2,0,0.20001142
ab3a9a988.jpg,3,1,0.7624514
ab3a9a988.jpg,4,0,0.0020384144
ab42da3fe.jpg,1,0,0.13148655
ab42da3fe.jpg,2,0,0.46201217
ab42da3fe.jpg,3,0,0.40765938
ab42da3fe.jpg,4,0,0.00239262
ab47eae19.jpg,1,0,0.24908595
ab47eae19.jpg,2,0,0.10332272
ab47eae19.jpg,3,0,0.43915462
ab47eae19.jpg,4,0,0.16170664
ab4b2b3cb.jpg,1,0,0.06697046
ab4b2b3cb.jpg,2,0,0.043280195
ab4b2b3cb.jpg,3,1,0.8608384
ab4b2b3cb.jpg,4,0,0.0053687016
ab70a470b.jpg,1,0,0.07364278
ab70a470b.jpg,2,0,0.0050554597
ab70a470b.jpg,3,1,0.8787827
ab70a470b.jpg,4,0,0.009750247
ab730950d.jpg,1,0,0.017888987
ab730950d.jpg,2,0,0.0018877052
ab730950d.jpg,3,1,0.94436884
ab730950d.jpg,4,0,0.011646519
ab7ad60ea.jpg,1,0,0.042418327
ab7ad60ea.jpg,2,0,0.0047328793
ab7ad60ea.jpg,3,1,0.88849956
ab7ad60ea.jpg,4,0,0.010446702
ab97db5fa.jpg,1,0,0.010701112
ab97db5fa.jpg,2,0,0.0041018263
ab97db5fa.jpg,3,1,0.8650276
ab97db5fa.jpg,4,0,0.058361363
ab9c68950.jpg,1,0,0.18462914
ab9c68950.jpg,2,0,0.45955715
ab9c68950.jpg,3,0,0.26742256
ab9c68950.jpg,4,0,0.06784382
ab9d7104b.jpg,1,0,0.05133378
ab9d7104b.jpg,2,0,0.03041771
ab9d7104b.jpg,3,1,0.89366347
ab9d7104b.jpg,4,0,0.0022817277
abb01ef56.jpg,1,0,0.078387804
abb01ef56.jpg,2,0,0.004115083
abb01ef56.jpg,3,1,0.84018844
abb01ef56.jpg,4,0,0.014932265
abb0c8dff.jpg,1,0,0.057906304
abb0c8dff.jpg,2,0,0.038281735
abb0c8dff.jpg,3,1,0.87876487
abb0c8dff.jpg,4,0,0.0027410798
abb336b2e.jpg,1,0,0.010041229
abb336b2e.jpg,2,0,0.0016257964
abb336b2e.jpg,3,1,0.940314
abb336b2e.jpg,4,0,0.035229314
abb5bcc54.jpg,1,0,0.0501169
abb5bcc54.jpg,2,0,0.0307433
abb5bcc54.jpg,3,1,0.88594794
abb5bcc54.jpg,4,0,0.002846511
abbd41d07.jpg,1,1,0.7264388
abbd41d07.jpg,2,0,0.0075451466
abbd41d07.jpg,3,0,0.23513113
abbd41d07.jpg,4,0,0.090907834
abc4c5b78.jpg,1,0,0.0427756
abc4c5b78.jpg,2,0,0.008844797
abc4c5b78.jpg,3,1,0.8793213
abc4c5b78.jpg,4,0,0.024896719
abc94b02e.jpg,1,0,0.06563735
abc94b02e.jpg,2,0,0.043887217
abc94b02e.jpg,3,1,0.8638112
abc94b02e.jpg,4,0,0.0033761824
abdaeb953.jpg,1,0,0.019909186
abdaeb953.jpg,2,0,0.0031297114
abdaeb953.jpg,3,1,0.86029166
abdaeb953.jpg,4,0,0.31610337
abdaf2889.jpg,1,0,0.36694953
abdaf2889.jpg,2,0,0.57566565
abdaf2889.jpg,3,0,0.32235077
abdaf2889.jpg,4,0,0.0044176904
abdecc296.jpg,1,1,0.65111476
abdecc296.jpg,2,0,0.09159538
abdecc296.jpg,3,0,0.22377692
abdecc296.jpg,4,0,0.008262834
abe3f62cd.jpg,1,1,0.7244253
abe3f62cd.jpg,2,0,0.010648767
abe3f62cd.jpg,3,0,0.42671505
abe3f62cd.jpg,4,0,0.01389423
abeda4224.jpg,1,0,0.51828533
abeda4224.jpg,2,0,0.27258867
abeda4224.jpg,3,0,0.46085998
abeda4224.jpg,4,0,0.0049800724
abfcb4877.jpg,1,0,0.031732846
abfcb4877.jpg,2,0,0.0044148504
abfcb4877.jpg,3,1,0.6793227
abfcb4877.jpg,4,0,0.01679812
ac290f376.jpg,1,0,0.33733866
ac290f376.jpg,2,0,0.10429721
ac290f376.jpg,3,0,0.45869502
ac290f376.jpg,4,0,0.12968531
ac40ba7a3.jpg,1,0,0.1442815
ac40ba7a3.jpg,2,0,0.22954439
ac40ba7a3.jpg,3,1,0.6730077
ac40ba7a3.jpg,4,0,0.005811844
ac419c3ba.jpg,1,0,0.48831284
ac419c3ba.jpg,2,0,0.20852137
ac419c3ba.jpg,3,0,0.3485206
ac419c3ba.jpg,4,0,0.04403748
ac4c4b03f.jpg,1,0,0.04497863
ac4c4b03f.jpg,2,0,0.028199857
ac4c4b03f.jpg,3,1,0.8870507
ac4c4b03f.jpg,4,0,0.0030660864
ac4eb0b7f.jpg,1,0,0.07894554
ac4eb0b7f.jpg,2,0,0.05441442
ac4eb0b7f.jpg,3,1,0.79940766
ac4eb0b7f.jpg,4,0,0.050268512
ac51a83d0.jpg,1,0,0.25173637
ac51a83d0.jpg,2,0,0.0128734335
ac51a83d0.jpg,3,1,0.7707581
ac51a83d0.jpg,4,0,0.02784322
ac6a0cb19.jpg,1,0,0.19916701
ac6a0cb19.jpg,2,0,0.00931481
ac6a0cb19.jpg,3,1,0.85019225
ac6a0cb19.jpg,4,0,0.01436334
ac6ce612d.jpg,1,0,0.046314657
ac6ce612d.jpg,2,0,0.0043556555
ac6ce612d.jpg,3,0,0.35780147
ac6ce612d.jpg,4,1,0.6855566
ac9edbfa0.jpg,1,0,0.017181477
ac9edbfa0.jpg,2,0,0.002130144
ac9edbfa0.jpg,3,1,0.86236554
ac9edbfa0.jpg,4,0,0.34763333
aca478272.jpg,1,0,0.2750067
aca478272.jpg,2,0,0.01505625
aca478272.jpg,3,0,0.44914427
aca478272.jpg,4,0,0.020552421
aca4c0bf2.jpg,1,0,0.023170283
aca4c0bf2.jpg,2,0,0.010810151
aca4c0bf2.jpg,3,1,0.7688186
aca4c0bf2.jpg,4,0,0.15899038
aca8c0c0e.jpg,1,0,0.4859228
aca8c0c0e.jpg,2,0,0.38596347
aca8c0c0e.jpg,3,0,0.32517418
aca8c0c0e.jpg,4,0,0.0047566965
acc87ea24.jpg,1,0,0.53485656
acc87ea24.jpg,2,0,0.03827807
acc87ea24.jpg,3,0,0.42629936
acc87ea24.jpg,4,0,0.0050727646
acc94d735.jpg,1,0,0.028023953
acc94d735.jpg,2,0,0.010356463
acc94d735.jpg,3,1,0.88563156
acc94d735.jpg,4,0,0.0058861575
acc96f9ec.jpg,1,0,0.07414998
acc96f9ec.jpg,2,0,0.13177772
acc96f9ec.jpg,3,1,0.829972
acc96f9ec.jpg,4,0,0.0036981252
acdc81f46.jpg,1,0,0.35304716
acdc81f46.jpg,2,0,0.40426025
acdc81f46.jpg,3,0,0.39014718
acdc81f46.jpg,4,0,0.0046734978
acddc2ff5.jpg,1,0,0.31767043
acddc2ff5.jpg,2,1,0.6060565
acddc2ff5.jpg,3,0,0.31941232
acddc2ff5.jpg,4,0,0.004303213
acecbd93a.jpg,1,0,0.021140007
acecbd93a.jpg,2,0,0.004153988
acecbd93a.jpg,3,1,0.87962455
acecbd93a.jpg,4,0,0.013769177
acf537bee.jpg,1,0,0.06782443
acf537bee.jpg,2,0,0.05097811
acf537bee.jpg,3,1,0.8513406
acf537bee.jpg,4,0,0.0028313864
acf630c6a.jpg,1,0,0.5205608
acf630c6a.jpg,2,0,0.15119515
acf630c6a.jpg,3,0,0.5026446
acf630c6a.jpg,4,0,0.0065179057
ad04123d9.jpg,1,0,0.046909243
ad04123d9.jpg,2,0,0.0035480205
ad04123d9.jpg,3,1,0.81594247
ad04123d9.jpg,4,0,0.077037565
ad18395ac.jpg,1,0,0.049776766
ad18395ac.jpg,2,0,0.0039014407
ad18395ac.jpg,3,1,0.8470525
ad18395ac.jpg,4,0,0.009763296
ad22d237d.jpg,1,0,0.027763428
ad22d237d.jpg,2,0,0.006962001
ad22d237d.jpg,3,0,0.41891685
ad22d237d.jpg,4,0,0.3586807
ad346f070.jpg,1,0,0.019323261
ad346f070.jpg,2,0,0.0038224764
ad346f070.jpg,3,1,0.9023816
ad346f070.jpg,4,0,0.04157697
ad51b181e.jpg,1,0,0.24335116
ad51b181e.jpg,2,0,0.07346311
ad51b181e.jpg,3,1,0.72666115
ad51b181e.jpg,4,0,0.02039009
ad5879d5f.jpg,1,1,0.72072417
ad5879d5f.jpg,2,0,0.0062610353
ad5879d5f.jpg,3,0,0.30933875
ad5879d5f.jpg,4,0,0.013335484
ad6e9e5aa.jpg,1,0,0.57082754
ad6e9e5aa.jpg,2,0,0.026317894
ad6e9e5aa.jpg,3,0,0.5496701
ad6e9e5aa.jpg,4,0,0.0138648115
ad84a9581.jpg,1,0,0.024888447
ad84a9581.jpg,2,0,0.005270338
ad84a9581.jpg,3,1,0.9020106
ad84a9581.jpg,4,0,0.01870312
ad8712ffb.jpg,1,0,0.58279926
ad8712ffb.jpg,2,0,0.19637877
ad8712ffb.jpg,3,0,0.27316895
ad8712ffb.jpg,4,0,0.02996043
ad89dd4bb.jpg,1,0,0.016262934
ad89dd4bb.jpg,2,0,0.0021456436
ad89dd4bb.jpg,3,1,0.8545327
ad89dd4bb.jpg,4,0,0.19361228
ad9471f70.jpg,1,0,0.10667303
ad9471f70.jpg,2,0,0.07227727
ad9471f70.jpg,3,1,0.7743115
ad9471f70.jpg,4,0,0.0019720981
ad9c71145.jpg,1,0,0.07235426
ad9c71145.jpg,2,0,0.10248994
ad9c71145.jpg,3,1,0.8413866
ad9c71145.jpg,4,0,0.0013195031
adab9d36c.jpg,1,0,0.016021714
adab9d36c.jpg,2,0,0.002571346
adab9d36c.jpg,3,1,0.74251205
adab9d36c.jpg,4,0,0.35574687
adafaeaba.jpg,1,0,0.16945417
adafaeaba.jpg,2,0,0.030204853
adafaeaba.jpg,3,1,0.8353946
adafaeaba.jpg,4,0,0.0076328614
adbb2ec5b.jpg,1,0,0.40586594
adbb2ec5b.jpg,2,0,0.018719785
adbb2ec5b.jpg,3,1,0.70276475
adbb2ec5b.jpg,4,0,0.021358794
adcaaa7f0.jpg,1,0,0.046210345
adcaaa7f0.jpg,2,0,0.033245686
adcaaa7f0.jpg,3,1,0.88670975
adcaaa7f0.jpg,4,0,0.0023445499
adcb6d9fa.jpg,1,0,0.024656134
adcb6d9fa.jpg,2,0,0.004853772
adcb6d9fa.jpg,3,1,0.84694046
adcb6d9fa.jpg,4,0,0.07585524
adcd7c2c3.jpg,1,0,0.14795564
adcd7c2c3.jpg,2,0,0.19342513
adcd7c2c3.jpg,3,1,0.66807014
adcd7c2c3.jpg,4,0,0.011587054
add15c134.jpg,1,0,0.10439999
add15c134.jpg,2,0,0.008235044
add15c134.jpg,3,1,0.8414697
add15c134.jpg,4,0,0.0060271374
add9aa6e6.jpg,1,0,0.066455714
add9aa6e6.jpg,2,0,0.050443035
add9aa6e6.jpg,3,1,0.8177989
add9aa6e6.jpg,4,0,0.0020710304
ade229aaa.jpg,1,0,0.23329307
ade229aaa.jpg,2,0,0.3789126
ade229aaa.jpg,3,0,0.24684805
ade229aaa.jpg,4,0,0.08353814
adf355c9f.jpg,1,0,0.023964385
adf355c9f.jpg,2,0,0.0085098585
adf355c9f.jpg,3,0,0.48396447
adf355c9f.jpg,4,1,0.77451605
ae02d7b2e.jpg,1,0,0.07902759
ae02d7b2e.jpg,2,0,0.056904912
ae02d7b2e.jpg,3,1,0.8560395
ae02d7b2e.jpg,4,0,0.0026863392
ae03d3eae.jpg,1,0,0.5306886
ae03d3eae.jpg,2,0,0.0064150803
ae03d3eae.jpg,3,1,0.76341003
ae03d3eae.jpg,4,0,0.0057671056
ae0806027.jpg,1,0,0.01821128
ae0806027.jpg,2,0,0.0035568273
ae0806027.jpg,3,1,0.7445838
ae0806027.jpg,4,0,0.38923466
ae140d64d.jpg,1,0,0.043775763
ae140d64d.jpg,2,0,0.026004633
ae140d64d.jpg,3,1,0.87925625
ae140d64d.jpg,4,0,0.0041567483
ae15916ee.jpg,1,1,0.66341084
ae15916ee.jpg,2,0,0.07642226
ae15916ee.jpg,3,0,0.18864615
ae15916ee.jpg,4,0,0.005557287
ae2841b6b.jpg,1,0,0.02058285
ae2841b6b.jpg,2,0,0.009030714
ae2841b6b.jpg,3,1,0.8866095
ae2841b6b.jpg,4,0,0.06855371
ae32bf450.jpg,1,0,0.01588401
ae32bf450.jpg,2,0,0.0019652916
ae32bf450.jpg,3,1,0.610619
ae32bf450.jpg,4,1,0.7101219
ae36e6ce6.jpg,1,0,0.29862973
ae36e6ce6.jpg,2,0,0.099785745
ae36e6ce6.jpg,3,0,0.5055185
ae36e6ce6.jpg,4,0,0.2177242
ae396292a.jpg,1,0,0.50043017
ae396292a.jpg,2,0,0.01956918
ae396292a.jpg,3,0,0.47009477
ae396292a.jpg,4,0,0.06068198
ae3aae9cb.jpg,1,0,0.39574227
ae3aae9cb.jpg,2,0,0.009724714
ae3aae9cb.jpg,3,0,0.43701532
ae3aae9cb.jpg,4,0,0.22983156
ae3cf9bab.jpg,1,0,0.3536648
ae3cf9bab.jpg,2,0,0.3988491
ae3cf9bab.jpg,3,0,0.4540404
ae3cf9bab.jpg,4,0,0.0056593195
ae429576b.jpg,1,0,0.07916299
ae429576b.jpg,2,0,0.16353713
ae429576b.jpg,3,1,0.6917984
ae429576b.jpg,4,0,0.0033877706
ae5fdb4d0.jpg,1,0,0.10226673
ae5fdb4d0.jpg,2,0,0.005971013
ae5fdb4d0.jpg,3,1,0.8295324
ae5fdb4d0.jpg,4,0,0.05496295
ae64fe2b4.jpg,1,0,0.2587379
ae64fe2b4.jpg,2,0,0.011683111
ae64fe2b4.jpg,3,1,0.71018165
ae64fe2b4.jpg,4,0,0.014225077
ae6ce16ce.jpg,1,0,0.14115196
ae6ce16ce.jpg,2,0,0.0043970267
ae6ce16ce.jpg,3,1,0.9066603
ae6ce16ce.jpg,4,0,0.0022099332
ae722b734.jpg,1,1,0.6819164
ae722b734.jpg,2,0,0.08691885
ae722b734.jpg,3,0,0.29188904
ae722b734.jpg,4,0,0.009652003
ae7360e76.jpg,1,0,0.042038083
ae7360e76.jpg,2,0,0.031703565
ae7360e76.jpg,3,0,0.26586816
ae7360e76.jpg,4,0,0.40231475
ae831607d.jpg,1,0,0.11184462
ae831607d.jpg,2,0,0.003981512
ae831607d.jpg,3,1,0.8958194
ae831607d.jpg,4,0,0.015705276
ae89187b3.jpg,1,0,0.057413515
ae89187b3.jpg,2,0,0.028260993
ae89187b3.jpg,3,1,0.8673127
ae89187b3.jpg,4,0,0.0021358316
ae99717a3.jpg,1,0,0.033132467
ae99717a3.jpg,2,0,0.00988939
ae99717a3.jpg,3,1,0.89496684
ae99717a3.jpg,4,0,0.009581107
ae9e9bca3.jpg,1,0,0.050032195
ae9e9bca3.jpg,2,0,0.024651505
ae9e9bca3.jpg,3,1,0.8855378
ae9e9bca3.jpg,4,0,0.0026664492
aea7d0dcf.jpg,1,0,0.057697844
aea7d0dcf.jpg,2,0,0.033147775
aea7d0dcf.jpg,3,1,0.8602994
aea7d0dcf.jpg,4,0,0.0028568208
aeb2791ce.jpg,1,0,0.11110231
aeb2791ce.jpg,2,0,0.009354167
aeb2791ce.jpg,3,1,0.8343052
aeb2791ce.jpg,4,0,0.0040345383
aeb6bd105.jpg,1,0,0.10822004
aeb6bd105.jpg,2,0,0.0031514994
aeb6bd105.jpg,3,1,0.7821255
aeb6bd105.jpg,4,0,0.026554808
aece60df3.jpg,1,0,0.45533893
aece60df3.jpg,2,0,0.37393132
aece60df3.jpg,3,0,0.14915708
aece60df3.jpg,4,0,0.022894463
aee588c2a.jpg,1,0,0.03597267
aee588c2a.jpg,2,0,0.01079201
aee588c2a.jpg,3,1,0.88531214
aee588c2a.jpg,4,0,0.011396911
aeed25930.jpg,1,1,0.75950843
aeed25930.jpg,2,0,0.016109826
aeed25930.jpg,3,0,0.25965485
aeed25930.jpg,4,0,0.010572568
aef263cee.jpg,1,0,0.5340821
aef263cee.jpg,2,0,0.013072756
aef263cee.jpg,3,0,0.3766959
aef263cee.jpg,4,0,0.0075377356
aefeb52b4.jpg,1,0,0.36994293
aefeb52b4.jpg,2,0,0.58437175
aefeb52b4.jpg,3,0,0.20394967
aefeb52b4.jpg,4,0,0.007260363
af36b78de.jpg,1,0,0.047218006
af36b78de.jpg,2,0,0.0057011396
af36b78de.jpg,3,0,0.4704136
af36b78de.jpg,4,1,0.80841494
af3878f3f.jpg,1,0,0.32983372
af3878f3f.jpg,2,0,0.0047936235
af3878f3f.jpg,3,1,0.8767214
af3878f3f.jpg,4,0,0.00904221
af47b5cab.jpg,1,0,0.017847262
af47b5cab.jpg,2,0,0.0067451093
af47b5cab.jpg,3,1,0.89427096
af47b5cab.jpg,4,0,0.011564569
af4a7a808.jpg,1,0,0.044907708
af4a7a808.jpg,2,0,0.027512318
af4a7a808.jpg,3,1,0.8920701
af4a7a808.jpg,4,0,0.002062578
af59fd793.jpg,1,0,0.08858976
af59fd793.jpg,2,0,0.08544124
af59fd793.jpg,3,1,0.84556746
af59fd793.jpg,4,0,0.0017077817
af5ab66fe.jpg,1,0,0.058693424
af5ab66fe.jpg,2,0,0.002629864
af5ab66fe.jpg,3,1,0.8757294
af5ab66fe.jpg,4,0,0.019951103
af5d1c279.jpg,1,1,0.70759517
af5d1c279.jpg,2,0,0.016258799
af5d1c279.jpg,3,0,0.20313418
af5d1c279.jpg,4,0,0.03162354
af5d777f6.jpg,1,0,0.03957086
af5d777f6.jpg,2,0,0.0027934618
af5d777f6.jpg,3,1,0.91570467
af5d777f6.jpg,4,0,0.006540312
af66b85fd.jpg,1,0,0.11144332
af66b85fd.jpg,2,0,0.009134473
af66b85fd.jpg,3,1,0.85956717
af66b85fd.jpg,4,0,0.0031566806
af71eb041.jpg,1,0,0.023615472
af71eb041.jpg,2,0,0.061453592
af71eb041.jpg,3,1,0.8474607
af71eb041.jpg,4,0,0.018727452
af74aa160.jpg,1,0,0.035430897
af74aa160.jpg,2,0,0.0043555438
af74aa160.jpg,3,1,0.93861467
af74aa160.jpg,4,0,0.011199926
af83baf22.jpg,1,0,0.021569153
af83baf22.jpg,2,0,0.0051016505
af83baf22.jpg,3,1,0.8820358
af83baf22.jpg,4,0,0.030150557
afa15b5c9.jpg,1,0,0.1646655
afa15b5c9.jpg,2,0,0.11478904
afa15b5c9.jpg,3,0,0.4226291
afa15b5c9.jpg,4,0,0.34527263
afaafa0e2.jpg,1,0,0.038468562
afaafa0e2.jpg,2,0,0.008560582
afaafa0e2.jpg,3,1,0.89475733
afaafa0e2.jpg,4,0,0.00836279
afab00de8.jpg,1,0,0.033343032
afab00de8.jpg,2,0,0.0052465345
afab00de8.jpg,3,0,0.22043736
afab00de8.jpg,4,1,0.9310444
afc3e3e90.jpg,1,0,0.05314146
afc3e3e90.jpg,2,0,0.027004974
afc3e3e90.jpg,3,1,0.88648367
afc3e3e90.jpg,4,0,0.004749157
afc80ea04.jpg,1,0,0.18589443
afc80ea04.jpg,2,0,0.029599944
afc80ea04.jpg,3,1,0.7054043
afc80ea04.jpg,4,0,0.12037495
afd915ef5.jpg,1,1,0.74485564
afd915ef5.jpg,2,0,0.05594999
afd915ef5.jpg,3,0,0.1479774
afd915ef5.jpg,4,0,0.02461646
afe8a8218.jpg,1,0,0.03170241
afe8a8218.jpg,2,0,0.007493369
afe8a8218.jpg,3,1,0.9231512
afe8a8218.jpg,4,0,0.0021656684
afeaaf75b.jpg,1,0,0.018568626
afeaaf75b.jpg,2,0,0.002768682
afeaaf75b.jpg,3,1,0.9075543
afeaaf75b.jpg,4,0,0.02226825
afec9857d.jpg,1,0,0.123825066
afec9857d.jpg,2,0,0.004682822
afec9857d.jpg,3,1,0.8777175
afec9857d.jpg,4,0,0.019655786
affcfaa11.jpg,1,1,0.67358595
affcfaa11.jpg,2,0,0.16257046
affcfaa11.jpg,3,0,0.3759663
affcfaa11.jpg,4,0,0.008734016
b002af890.jpg,1,0,0.048731465
b002af890.jpg,2,0,0.017749058
b002af890.jpg,3,1,0.8806184
b002af890.jpg,4,0,0.0037695218
b0050b626.jpg,1,0,0.0657277
b0050b626.jpg,2,0,0.05380714
b0050b626.jpg,3,1,0.86039114
b0050b626.jpg,4,0,0.0038631598
b015e3b0b.jpg,1,0,0.25664642
b015e3b0b.jpg,2,0,0.010668044
b015e3b0b.jpg,3,1,0.7405649
b015e3b0b.jpg,4,0,0.011299976
b021c2920.jpg,1,0,0.4195541
b021c2920.jpg,2,0,0.54633373
b021c2920.jpg,3,0,0.30592072
b021c2920.jpg,4,0,0.0053140516
b03b804f4.jpg,1,0,0.06936513
b03b804f4.jpg,2,0,0.012265692
b03b804f4.jpg,3,1,0.8608319
b03b804f4.jpg,4,0,0.05323555
b04479d29.jpg,1,0,0.046091005
b04479d29.jpg,2,0,0.005547131
b04479d29.jpg,3,1,0.8359175
b04479d29.jpg,4,0,0.006486468
b05447a7e.jpg,1,0,0.4445623
b05447a7e.jpg,2,0,0.5012502
b05447a7e.jpg,3,0,0.35706067
b05447a7e.jpg,4,0,0.003982319
b058dff03.jpg,1,0,0.23521036
b058dff03.jpg,2,0,0.03746939
b058dff03.jpg,3,1,0.67223287
b058dff03.jpg,4,0,0.0051177326
b05abc345.jpg,1,0,0.34194243
b05abc345.jpg,2,0,0.25021404
b05abc345.jpg,3,0,0.5204548
b05abc345.jpg,4,0,0.07420001
b069e70a9.jpg,1,0,0.038171064
b069e70a9.jpg,2,0,0.050452042
b069e70a9.jpg,3,1,0.9123264
b069e70a9.jpg,4,0,0.004579261
b06ec3c11.jpg,1,0,0.05734548
b06ec3c11.jpg,2,0,0.035664406
b06ec3c11.jpg,3,1,0.88664603
b06ec3c11.jpg,4,0,0.0022425607
b075c1f75.jpg,1,1,0.73521
b075c1f75.jpg,2,0,0.053790886
b075c1f75.jpg,3,0,0.19668306
b075c1f75.jpg,4,0,0.022960156
b083b122f.jpg,1,0,0.38486013
b083b122f.jpg,2,0,0.004357684
b083b122f.jpg,3,1,0.667952
b083b122f.jpg,4,0,0.028876409
b09d43553.jpg,1,0,0.11510853
b09d43553.jpg,2,0,0.029891923
b09d43553.jpg,3,1,0.862329
b09d43553.jpg,4,0,0.008995528
b0aa870f4.jpg,1,1,0.71555775
b0aa870f4.jpg,2,0,0.021727236
b0aa870f4.jpg,3,0,0.25620946
b0aa870f4.jpg,4,0,0.016601384
b0b36ec1c.jpg,1,0,0.30795422
b0b36ec1c.jpg,2,0,0.3421209
b0b36ec1c.jpg,3,0,0.46518382
b0b36ec1c.jpg,4,0,0.0040616095
b0b5a3357.jpg,1,0,0.051367324
b0b5a3357.jpg,2,0,0.029638061
b0b5a3357.jpg,3,1,0.8716549
b0b5a3357.jpg,4,0,0.0016774178
b0cbdf92b.jpg,1,0,0.44326296
b0cbdf92b.jpg,2,0,0.5559995
b0cbdf92b.jpg,3,0,0.27496192
b0cbdf92b.jpg,4,0,0.004613292
b0d4531cd.jpg,1,0,0.364006
b0d4531cd.jpg,2,0,0.2044977
b0d4531cd.jpg,3,1,0.6342295
b0d4531cd.jpg,4,0,0.011147235
b0f02f147.jpg,1,0,0.07644851
b0f02f147.jpg,2,0,0.03623077
b0f02f147.jpg,3,1,0.8595159
b0f02f147.jpg,4,0,0.007862417
b10f023a7.jpg,1,0,0.14269356
b10f023a7.jpg,2,0,0.109357126
b10f023a7.jpg,3,0,0.53266704
b10f023a7.jpg,4,0,0.1665549
b110498f7.jpg,1,0,0.04345444
b110498f7.jpg,2,0,0.01552878
b110498f7.jpg,3,1,0.8536937
b110498f7.jpg,4,0,0.0044033253
b11249b57.jpg,1,0,0.017003143
b11249b57.jpg,2,0,0.0027027933
b11249b57.jpg,3,0,0.5358816
b11249b57.jpg,4,1,0.75474256
b1166a68f.jpg,1,0,0.10384759
b1166a68f.jpg,2,0,0.19933127
b1166a68f.jpg,3,1,0.72569674
b1166a68f.jpg,4,0,0.0024848422
b1410944a.jpg,1,0,0.44434783
b1410944a.jpg,2,0,0.024455318
b1410944a.jpg,3,0,0.59868157
b1410944a.jpg,4,0,0.015164307
b14c8bd75.jpg,1,0,0.030929895
b14c8bd75.jpg,2,0,0.0037857995
b14c8bd75.jpg,3,1,0.91812724
b14c8bd75.jpg,4,0,0.0075594694
b15044224.jpg,1,0,0.026668169
b15044224.jpg,2,0,0.014292117
b15044224.jpg,3,1,0.86316204
b15044224.jpg,4,0,0.06509367
b15207e5a.jpg,1,0,0.11657452
b15207e5a.jpg,2,0,0.005449397
b15207e5a.jpg,3,0,0.5293464
b15207e5a.jpg,4,0,0.030068375
b155a3831.jpg,1,0,0.02167753
b155a3831.jpg,2,0,0.011142275
b155a3831.jpg,3,1,0.87391
b155a3831.jpg,4,0,0.010991153
b15bf05e4.jpg,1,0,0.46762636
b15bf05e4.jpg,2,0,0.025673008
b15bf05e4.jpg,3,0,0.42238665
b15bf05e4.jpg,4,0,0.037169427
b15d43ae2.jpg,1,0,0.031679384
b15d43ae2.jpg,2,0,0.0043488336
b15d43ae2.jpg,3,1,0.7697988
b15d43ae2.jpg,4,0,0.02448074
b15edb119.jpg,1,0,0.09140056
b15edb119.jpg,2,1,0.72880477
b15edb119.jpg,3,0,0.18952318
b15edb119.jpg,4,0,0.0157941
b15ffbd2d.jpg,1,0,0.043824356
b15ffbd2d.jpg,2,0,0.029816
b15ffbd2d.jpg,3,1,0.8895832
b15ffbd2d.jpg,4,0,0.0048933197
b1648ba07.jpg,1,0,0.21665628
b1648ba07.jpg,2,0,0.06405238
b1648ba07.jpg,3,1,0.74292636
b1648ba07.jpg,4,0,0.0043554623
b166c04da.jpg,1,0,0.26611993
b166c04da.jpg,2,0,0.5989601
b166c04da.jpg,3,0,0.18478052
b166c04da.jpg,4,0,0.0026210432
b16f25c4a.jpg,1,0,0.035597127
b16f25c4a.jpg,2,0,0.0030850226
b16f25c4a.jpg,3,1,0.85811764
b16f25c4a.jpg,4,0,0.015284301
b17c4267e.jpg,1,0,0.058058407
b17c4267e.jpg,2,0,0.27166635
b17c4267e.jpg,3,0,0.47266254
b17c4267e.jpg,4,0,0.035361756
b187607fe.jpg,1,0,0.019943452
b187607fe.jpg,2,0,0.006492173
b187607fe.jpg,3,0,0.4280034
b187607fe.jpg,4,1,0.7785205
b19ced187.jpg,1,0,0.057405468
b19ced187.jpg,2,0,0.08220657
b19ced187.jpg,3,1,0.8492524
b19ced187.jpg,4,0,0.002913647
b1a8152cd.jpg,1,0,0.35119817
b1a8152cd.jpg,2,0,0.26482648
b1a8152cd.jpg,3,0,0.5410213
b1a8152cd.jpg,4,0,0.004363982
b1a839de4.jpg,1,0,0.14603461
b1a839de4.jpg,2,0,0.029622952
b1a839de4.jpg,3,1,0.8222844
b1a839de4.jpg,4,0,0.013220255
b1a90dd95.jpg,1,0,0.104732566
b1a90dd95.jpg,2,0,0.0094189225
b1a90dd95.jpg,3,1,0.82965565
b1a90dd95.jpg,4,0,0.014700414
b1b83ad86.jpg,1,0,0.049540877
b1b83ad86.jpg,2,0,0.03076767
b1b83ad86.jpg,3,1,0.881624
b1b83ad86.jpg,4,0,0.003200433
b1bb09d6f.jpg,1,0,0.051365554
b1bb09d6f.jpg,2,0,0.03529721
b1bb09d6f.jpg,3,1,0.8901601
b1bb09d6f.jpg,4,0,0.002944151
b1c324193.jpg,1,0,0.058076665
b1c324193.jpg,2,0,0.029488415
b1c324193.jpg,3,1,0.8760418
b1c324193.jpg,4,0,0.0018634888
b1db71dd6.jpg,1,0,0.3057356
b1db71dd6.jpg,2,0,0.12737666
b1db71dd6.jpg,3,0,0.4195912
b1db71dd6.jpg,4,0,0.10790423
b1e2743f8.jpg,1,0,0.1053879
b1e2743f8.jpg,2,0,0.33149293
b1e2743f8.jpg,3,1,0.716362
b1e2743f8.jpg,4,0,0.0016998524
b1e55236c.jpg,1,0,0.0521117
b1e55236c.jpg,2,0,0.0044867652
b1e55236c.jpg,3,1,0.6120643
b1e55236c.jpg,4,0,0.47322574
b1ec8514e.jpg,1,0,0.53014296
b1ec8514e.jpg,2,0,0.14310743
b1ec8514e.jpg,3,0,0.22082455
b1ec8514e.jpg,4,0,0.00980844
b1ef91654.jpg,1,0,0.40261987
b1ef91654.jpg,2,0,0.37139872
b1ef91654.jpg,3,0,0.18270029
b1ef91654.jpg,4,0,0.020683369
b1f404feb.jpg,1,0,0.12210471
b1f404feb.jpg,2,0,0.5278707
b1f404feb.jpg,3,0,0.41760227
b1f404feb.jpg,4,0,0.086373836
b1fe1789e.jpg,1,1,0.796726
b1fe1789e.jpg,2,0,0.021491364
b1fe1789e.jpg,3,0,0.13814956
b1fe1789e.jpg,4,0,0.007092321
b20c822c2.jpg,1,0,0.011208861
b20c822c2.jpg,2,0,0.001716185
b20c822c2.jpg,3,1,0.90949845
b20c822c2.jpg,4,0,0.09579253
b214b85d0.jpg,1,0,0.15409094
b214b85d0.jpg,2,0,0.1964264
b214b85d0.jpg,3,1,0.6858439
b214b85d0.jpg,4,0,0.0033133011
b2157179a.jpg,1,0,0.03869047
b2157179a.jpg,2,0,0.0030019602
b2157179a.jpg,3,1,0.60192996
b2157179a.jpg,4,0,0.033348244
b21f05c9b.jpg,1,0,0.5268989
b21f05c9b.jpg,2,0,0.023109168
b21f05c9b.jpg,3,1,0.62551427
b21f05c9b.jpg,4,0,0.0040240944
b21f97531.jpg,1,0,0.17948417
b21f97531.jpg,2,0,0.33139595
b21f97531.jpg,3,0,0.5027135
b21f97531.jpg,4,0,0.086296834
b237f89b2.jpg,1,0,0.4715306
b237f89b2.jpg,2,0,0.13613659
b237f89b2.jpg,3,0,0.4579418
b237f89b2.jpg,4,0,0.008492274
b2491c424.jpg,1,0,0.45465764
b2491c424.jpg,2,0,0.026818195
b2491c424.jpg,3,0,0.32516035
b2491c424.jpg,4,0,0.0040989113
b24e83edd.jpg,1,0,0.042436328
b24e83edd.jpg,2,0,0.0029895224
b24e83edd.jpg,3,1,0.888887
b24e83edd.jpg,4,0,0.033019852
b2560c10f.jpg,1,0,0.095844366
b2560c10f.jpg,2,0,0.029159889
b2560c10f.jpg,3,1,0.74038
b2560c10f.jpg,4,0,0.22946246
b25ccf611.jpg,1,0,0.5959467
b25ccf611.jpg,2,0,0.09243736
b25ccf611.jpg,3,0,0.30336198
b25ccf611.jpg,4,0,0.018900475
b266e913e.jpg,1,0,0.5335692
b266e913e.jpg,2,0,0.004220893
b266e913e.jpg,3,1,0.6778157
b266e913e.jpg,4,0,0.027273213
b270b089e.jpg,1,0,0.036945984
b270b089e.jpg,2,0,0.01858992
b270b089e.jpg,3,1,0.8785758
b270b089e.jpg,4,0,0.0032597631
b27329d23.jpg,1,0,0.07522288
b27329d23.jpg,2,0,0.025926003
b27329d23.jpg,3,1,0.8868232
b27329d23.jpg,4,0,0.0024429807
b299b5716.jpg,1,0,0.11410185
b299b5716.jpg,2,0,0.021382695
b299b5716.jpg,3,1,0.717292
b299b5716.jpg,4,0,0.07394681
b29b77cf6.jpg,1,0,0.40256038
b29b77cf6.jpg,2,0,0.23838042
b29b77cf6.jpg,3,0,0.34814426
b29b77cf6.jpg,4,0,0.01125592
b29f59f81.jpg,1,1,0.7864888
b29f59f81.jpg,2,0,0.005800426
b29f59f81.jpg,3,0,0.15198849
b29f59f81.jpg,4,0,0.012755171
b2ad02162.jpg,1,0,0.038045272
b2ad02162.jpg,2,0,0.00234366
b2ad02162.jpg,3,0,0.4722732
b2ad02162.jpg,4,1,0.6042003
b2aea7a20.jpg,1,0,0.49116015
b2aea7a20.jpg,2,0,0.012831711
b2aea7a20.jpg,3,0,0.36250034
b2aea7a20.jpg,4,0,0.03313536
b2c1429fa.jpg,1,0,0.01895115
b2c1429fa.jpg,2,0,0.0046796273
b2c1429fa.jpg,3,1,0.7243832
b2c1429fa.jpg,4,0,0.5138781
b2c7e1161.jpg,1,0,0.06724382
b2c7e1161.jpg,2,0,0.033748705
b2c7e1161.jpg,3,1,0.87040144
b2c7e1161.jpg,4,0,0.0034036532
b2cb0b482.jpg,1,0,0.30823308
b2cb0b482.jpg,2,0,0.016585413
b2cb0b482.jpg,3,0,0.53635293
b2cb0b482.jpg,4,0,0.091293566
b2e950e53.jpg,1,0,0.57036304
b2e950e53.jpg,2,0,0.11513845
b2e950e53.jpg,3,0,0.4218103
b2e950e53.jpg,4,0,0.035799533
b2e9fd157.jpg,1,0,0.043996323
b2e9fd157.jpg,2,0,0.021358639
b2e9fd157.jpg,3,1,0.89715856
b2e9fd157.jpg,4,0,0.0016778851
b2f44ef13.jpg,1,0,0.49135074
b2f44ef13.jpg,2,0,0.0038000848
b2f44ef13.jpg,3,0,0.59721583
b2f44ef13.jpg,4,0,0.0859411
b2fae3494.jpg,1,0,0.022985542
b2fae3494.jpg,2,0,0.0021018002
b2fae3494.jpg,3,1,0.95810753
b2fae3494.jpg,4,0,0.0011986048
b300d4542.jpg,1,0,0.20716761
b300d4542.jpg,2,0,0.015815258
b300d4542.jpg,3,1,0.7164078
b300d4542.jpg,4,0,0.051283598
b35e5ca10.jpg,1,0,0.048668664
b35e5ca10.jpg,2,0,0.027419612
b35e5ca10.jpg,3,1,0.8858805
b35e5ca10.jpg,4,0,0.002520486
b371745dc.jpg,1,0,0.056745436
b371745dc.jpg,2,0,0.09364311
b371745dc.jpg,3,1,0.81812
b371745dc.jpg,4,0,0.0022182572
b388c6de3.jpg,1,0,0.24855863
b388c6de3.jpg,2,0,0.12050846
b388c6de3.jpg,3,1,0.621581
b388c6de3.jpg,4,0,0.008688127
b3912fc50.jpg,1,0,0.039251268
b3912fc50.jpg,2,0,0.022469727
b3912fc50.jpg,3,1,0.90000993
b3912fc50.jpg,4,0,0.0028964374
b399d14c2.jpg,1,0,0.06755339
b399d14c2.jpg,2,0,0.0025114492
b399d14c2.jpg,3,1,0.8615413
b399d14c2.jpg,4,0,0.031806875
b3a053037.jpg,1,0,0.06932639
b3a053037.jpg,2,0,0.041631944
b3a053037.jpg,3,1,0.8720524
b3a053037.jpg,4,0,0.0033655092
b3a766a95.jpg,1,0,0.013762715
b3a766a95.jpg,2,0,0.0026705135
b3a766a95.jpg,3,0,0.56332254
b3a766a95.jpg,4,1,0.801418
b3b770462.jpg,1,0,0.36774933
b3b770462.jpg,2,0,0.07546035
b3b770462.jpg,3,0,0.5240904
b3b770462.jpg,4,0,0.017490903
b3c4b90de.jpg,1,0,0.02896814
b3c4b90de.jpg,2,0,0.00363743
b3c4b90de.jpg,3,1,0.85866255
b3c4b90de.jpg,4,0,0.022003777
b3c95301f.jpg,1,0,0.078898735
b3c95301f.jpg,2,0,0.0034165625
b3c95301f.jpg,3,0,0.29678476
b3c95301f.jpg,4,0,0.2851378
b3e3c04e1.jpg,1,0,0.05254631
b3e3c04e1.jpg,2,0,0.02462388
b3e3c04e1.jpg,3,1,0.89220935
b3e3c04e1.jpg,4,0,0.0027015337
b3f13c62c.jpg,1,0,0.38375172
b3f13c62c.jpg,2,0,0.15232937
b3f13c62c.jpg,3,0,0.46916735
b3f13c62c.jpg,4,0,0.0040458734
b3f594ba3.jpg,1,0,0.06473409
b3f594ba3.jpg,2,0,0.031729665
b3f594ba3.jpg,3,1,0.8790407
b3f594ba3.jpg,4,0,0.003482922
b3f5b4d15.jpg,1,0,0.016649732
b3f5b4d15.jpg,2,0,0.0019630555
b3f5b4d15.jpg,3,1,0.9213131
b3f5b4d15.jpg,4,0,0.01182694
b3f921b2e.jpg,1,0,0.30002287
b3f921b2e.jpg,2,0,0.57439846
b3f921b2e.jpg,3,0,0.33539632
b3f921b2e.jpg,4,0,0.004936965
b40ef0cea.jpg,1,0,0.12035552
b40ef0cea.jpg,2,0,0.03241701
b40ef0cea.jpg,3,1,0.7457798
b40ef0cea.jpg,4,0,0.060907006
b427a8512.jpg,1,0,0.2604597
b427a8512.jpg,2,0,0.101569615
b427a8512.jpg,3,1,0.6181564
b427a8512.jpg,4,0,0.0039896
b43d12673.jpg,1,0,0.08338071
b43d12673.jpg,2,0,0.034210224
b43d12673.jpg,3,1,0.85104305
b43d12673.jpg,4,0,0.0067124763
b44d48b68.jpg,1,0,0.12223967
b44d48b68.jpg,2,0,0.23041089
b44d48b68.jpg,3,1,0.65770566
b44d48b68.jpg,4,0,0.00344387
b45460f22.jpg,1,0,0.17157002
b45460f22.jpg,2,0,0.007218456
b45460f22.jpg,3,1,0.7660268
b45460f22.jpg,4,0,0.021892024
b45ef5598.jpg,1,0,0.41959572
b45ef5598.jpg,2,0,0.014788202
b45ef5598.jpg,3,1,0.61536485
b45ef5598.jpg,4,0,0.03002578
b461a25f2.jpg,1,0,0.114215165
b461a25f2.jpg,2,0,0.080991775
b461a25f2.jpg,3,1,0.84459597
b461a25f2.jpg,4,0,0.005590757
b46d5b298.jpg,1,1,0.76816756
b46d5b298.jpg,2,0,0.00929075
b46d5b298.jpg,3,0,0.15253878
b46d5b298.jpg,4,0,0.03888424
b472ead36.jpg,1,0,0.04784059
b472ead36.jpg,2,0,0.023022955
b472ead36.jpg,3,1,0.9288576
b472ead36.jpg,4,0,0.0018754032
b482d9779.jpg,1,0,0.123076655
b482d9779.jpg,2,0,0.5074912
b482d9779.jpg,3,0,0.4048889
b482d9779.jpg,4,0,0.0044298493
b48ba3f11.jpg,1,0,0.18578671
b48ba3f11.jpg,2,0,0.17654757
b48ba3f11.jpg,3,0,0.3450437
b48ba3f11.jpg,4,0,0.0417314
b48c024cd.jpg,1,0,0.036270324
b48c024cd.jpg,2,0,0.020181052
b48c024cd.jpg,3,1,0.912472
b48c024cd.jpg,4,0,0.002291091
b4a113603.jpg,1,0,0.025134912
b4a113603.jpg,2,0,0.04290012
b4a113603.jpg,3,1,0.90959644
b4a113603.jpg,4,0,0.0035515924
b4c423e86.jpg,1,0,0.18019807
b4c423e86.jpg,2,0,0.07055635
b4c423e86.jpg,3,1,0.72322327
b4c423e86.jpg,4,0,0.004364892
b4d365c88.jpg,1,0,0.038068295
b4d365c88.jpg,2,0,0.0068711177
b4d365c88.jpg,3,1,0.8846826
b4d365c88.jpg,4,0,0.0061501525
b4d77d5f4.jpg,1,0,0.13792017
b4d77d5f4.jpg,2,0,0.5033937
b4d77d5f4.jpg,3,0,0.54396003
b4d77d5f4.jpg,4,0,0.0033043053
b4dfd853c.jpg,1,0,0.051565405
b4dfd853c.jpg,2,0,0.029154306
b4dfd853c.jpg,3,1,0.8795329
b4dfd853c.jpg,4,0,0.0020805334
b4eabb7b9.jpg,1,0,0.44083396
b4eabb7b9.jpg,2,0,0.4805468
b4eabb7b9.jpg,3,0,0.27454153
b4eabb7b9.jpg,4,0,0.0053834594
b4f12f7d4.jpg,1,0,0.28759256
b4f12f7d4.jpg,2,0,0.11274146
b4f12f7d4.jpg,3,1,0.70422584
b4f12f7d4.jpg,4,0,0.0049675438
b4f9a7991.jpg,1,1,0.638694
b4f9a7991.jpg,2,0,0.08025435
b4f9a7991.jpg,3,0,0.19148076
b4f9a7991.jpg,4,0,0.025174497
b5011cef0.jpg,1,0,0.0643886
b5011cef0.jpg,2,0,0.030919133
b5011cef0.jpg,3,1,0.85187674
b5011cef0.jpg,4,0,0.015491221
b506c5877.jpg,1,0,0.025184697
b506c5877.jpg,2,0,0.023875082
b506c5877.jpg,3,1,0.78868824
b506c5877.jpg,4,0,0.08623335
b510b5179.jpg,1,0,0.23737562
b510b5179.jpg,2,0,0.030266285
b510b5179.jpg,3,1,0.80392027
b510b5179.jpg,4,0,0.010135078
b51b806f4.jpg,1,0,0.40400776
b51b806f4.jpg,2,0,0.003959257
b51b806f4.jpg,3,1,0.79865366
b51b806f4.jpg,4,0,0.0051661525
b51cdf84f.jpg,1,0,0.019704593
b51cdf84f.jpg,2,0,0.0034946066
b51cdf84f.jpg,3,0,0.556657
b51cdf84f.jpg,4,1,0.74767226
b5208e347.jpg,1,0,0.08888356
b5208e347.jpg,2,0,0.00688328
b5208e347.jpg,3,1,0.82722837
b5208e347.jpg,4,0,0.010955569
b5283c75d.jpg,1,0,0.18599065
b5283c75d.jpg,2,0,0.08622414
b5283c75d.jpg,3,1,0.62267345
b5283c75d.jpg,4,0,0.09269635
b52a64ccf.jpg,1,0,0.03910695
b52a64ccf.jpg,2,0,0.03106614
b52a64ccf.jpg,3,1,0.8780214
b52a64ccf.jpg,4,0,0.013604604
b53d63381.jpg,1,0,0.23102225
b53d63381.jpg,2,0,0.42562053
b53d63381.jpg,3,0,0.4787569
b53d63381.jpg,4,0,0.0038173164
b5446ae29.jpg,1,0,0.29257092
b5446ae29.jpg,2,0,0.026774466
b5446ae29.jpg,3,1,0.6283262
b5446ae29.jpg,4,0,0.022859203
b55096f78.jpg,1,0,0.45801032
b55096f78.jpg,2,0,0.023675242
b55096f78.jpg,3,0,0.50477886
b55096f78.jpg,4,0,0.016256934
b550e28fb.jpg,1,0,0.33431992
b550e28fb.jpg,2,0,0.014394872
b550e28fb.jpg,3,1,0.6771031
b550e28fb.jpg,4,0,0.0052316277
b55b2f98e.jpg,1,0,0.060501512
b55b2f98e.jpg,2,0,0.032441072
b55b2f98e.jpg,3,1,0.8754203
b55b2f98e.jpg,4,0,0.0023993321
b5611cfb1.jpg,1,0,0.3928683
b5611cfb1.jpg,2,0,0.10146459
b5611cfb1.jpg,3,0,0.34465578
b5611cfb1.jpg,4,0,0.03618655
b561cfe05.jpg,1,0,0.26454008
b561cfe05.jpg,2,0,0.12156553
b561cfe05.jpg,3,0,0.4811078
b561cfe05.jpg,4,0,0.002647897
b563e67b2.jpg,1,0,0.022258
b563e67b2.jpg,2,0,0.0049562906
b563e67b2.jpg,3,1,0.8129821
b563e67b2.jpg,4,0,0.08993071
b56d23079.jpg,1,1,0.6446642
b56d23079.jpg,2,0,0.014072478
b56d23079.jpg,3,0,0.22123462
b56d23079.jpg,4,0,0.030192694
b5727d170.jpg,1,0,0.18445843
b5727d170.jpg,2,0,0.21987985
b5727d170.jpg,3,1,0.6732027
b5727d170.jpg,4,0,0.004720381
b59bae0e7.jpg,1,0,0.4265115
b59bae0e7.jpg,2,1,0.63823354
b59bae0e7.jpg,3,0,0.27253073
b59bae0e7.jpg,4,0,0.0046347794
b5a794250.jpg,1,0,0.31568953
b5a794250.jpg,2,0,0.09876362
b5a794250.jpg,3,0,0.51374394
b5a794250.jpg,4,0,0.010446484
b5ad19e46.jpg,1,0,0.021505453
b5ad19e46.jpg,2,0,0.013194803
b5ad19e46.jpg,3,1,0.6763437
b5ad19e46.jpg,4,0,0.4676479
b5bc4581d.jpg,1,0,0.045213353
b5bc4581d.jpg,2,0,0.031155085
b5bc4581d.jpg,3,1,0.8889208
b5bc4581d.jpg,4,0,0.0027274399
b5be22cc9.jpg,1,1,0.75011224
b5be22cc9.jpg,2,0,0.014478262
b5be22cc9.jpg,3,0,0.20531906
b5be22cc9.jpg,4,0,0.015985616
b5d442d7d.jpg,1,0,0.109502025
b5d442d7d.jpg,2,0,0.005130451
b5d442d7d.jpg,3,1,0.89081484
b5d442d7d.jpg,4,0,0.025340244
b5f5a45de.jpg,1,0,0.21358366
b5f5a45de.jpg,2,0,0.03579564
b5f5a45de.jpg,3,0,0.48356476
b5f5a45de.jpg,4,0,0.00385503
b5f61919e.jpg,1,0,0.41000354
b5f61919e.jpg,2,0,0.012935421
b5f61919e.jpg,3,1,0.6808341
b5f61919e.jpg,4,0,0.030419834
b5feb135a.jpg,1,0,0.028780242
b5feb135a.jpg,2,0,0.005162111
b5feb135a.jpg,3,0,0.24519457
b5feb135a.jpg,4,1,0.84330463
b631bec0a.jpg,1,0,0.19770364
b631bec0a.jpg,2,0,0.37491873
b631bec0a.jpg,3,0,0.5727468
b631bec0a.jpg,4,0,0.0037279676
b6427c1f5.jpg,1,0,0.063993216
b6427c1f5.jpg,2,0,0.028319547
b6427c1f5.jpg,3,1,0.88951486
b6427c1f5.jpg,4,0,0.003951402
b64844bed.jpg,1,0,0.062282007
b64844bed.jpg,2,0,0.035954937
b64844bed.jpg,3,1,0.86876225
b64844bed.jpg,4,0,0.00447416
b648b48e1.jpg,1,0,0.13977702
b648b48e1.jpg,2,1,0.7509668
b648b48e1.jpg,3,0,0.18673654
b648b48e1.jpg,4,0,0.0068178126
b64f40c00.jpg,1,0,0.37667307
b64f40c00.jpg,2,0,0.12932378
b64f40c00.jpg,3,0,0.42488694
b64f40c00.jpg,4,0,0.085037805
b663cf8ad.jpg,1,0,0.05606382
b663cf8ad.jpg,2,0,0.057127442
b663cf8ad.jpg,3,1,0.86694974
b663cf8ad.jpg,4,0,0.0015395837
b6785d19b.jpg,1,0,0.10687888
b6785d19b.jpg,2,0,0.036986098
b6785d19b.jpg,3,0,0.5501328
b6785d19b.jpg,4,0,0.11062739
b6832f07b.jpg,1,0,0.53415614
b6832f07b.jpg,2,0,0.11233479
b6832f07b.jpg,3,0,0.46779528
b6832f07b.jpg,4,0,0.005854536
b691e9917.jpg,1,0,0.5870643
b691e9917.jpg,2,0,0.19991668
b691e9917.jpg,3,0,0.4111611
b691e9917.jpg,4,0,0.0047335397
b692febb2.jpg,1,1,0.6645345
b692febb2.jpg,2,0,0.03327604
b692febb2.jpg,3,0,0.2605816
b692febb2.jpg,4,0,0.015738117
b6bbcf1f4.jpg,1,0,0.12054056
b6bbcf1f4.jpg,2,0,0.026086375
b6bbcf1f4.jpg,3,1,0.78554106
b6bbcf1f4.jpg,4,0,0.06237931
b6bc15429.jpg,1,0,0.02448024
b6bc15429.jpg,2,0,0.0049200975
b6bc15429.jpg,3,0,0.35784605
b6bc15429.jpg,4,1,0.7772805
b6cb0eafb.jpg,1,0,0.05321699
b6cb0eafb.jpg,2,0,0.026767215
b6cb0eafb.jpg,3,1,0.889024
b6cb0eafb.jpg,4,0,0.0036122103
b6d18d011.jpg,1,0,0.17607258
b6d18d011.jpg,2,0,0.01753767
b6d18d011.jpg,3,1,0.69866854
b6d18d011.jpg,4,0,0.008856949
b6d316ee0.jpg,1,0,0.08715725
b6d316ee0.jpg,2,0,0.10697646
b6d316ee0.jpg,3,1,0.7995875
b6d316ee0.jpg,4,0,0.0032444943
b6d419268.jpg,1,0,0.05606797
b6d419268.jpg,2,0,0.029702893
b6d419268.jpg,3,1,0.8846555
b6d419268.jpg,4,0,0.0021181782
b6db2946b.jpg,1,0,0.07940443
b6db2946b.jpg,2,0,0.026696622
b6db2946b.jpg,3,1,0.84227437
b6db2946b.jpg,4,0,0.0027627181
b6edd61b7.jpg,1,0,0.04127647
b6edd61b7.jpg,2,0,0.06165554
b6edd61b7.jpg,3,1,0.8771682
b6edd61b7.jpg,4,0,0.0025089048
b7018c2a5.jpg,1,0,0.36237487
b7018c2a5.jpg,2,0,0.1472683
b7018c2a5.jpg,3,1,0.64644897
b7018c2a5.jpg,4,0,0.0023571614
b70fdd854.jpg,1,0,0.06628041
b70fdd854.jpg,2,0,0.03411949
b70fdd854.jpg,3,1,0.8711812
b70fdd854.jpg,4,0,0.0025416461
b71557177.jpg,1,0,0.39896533
b71557177.jpg,2,0,0.017846527
b71557177.jpg,3,0,0.45507494
b71557177.jpg,4,0,0.09386727
b718c0bdd.jpg,1,0,0.05357426
b718c0bdd.jpg,2,0,0.033678222
b718c0bdd.jpg,3,1,0.87944007
b718c0bdd.jpg,4,0,0.0018712898
b72593e19.jpg,1,0,0.046624925
b72593e19.jpg,2,0,0.026549084
b72593e19.jpg,3,1,0.8975666
b72593e19.jpg,4,0,0.0028027885
b72fccf34.jpg,1,1,0.7548015
b72fccf34.jpg,2,0,0.011568874
b72fccf34.jpg,3,0,0.16784966
b72fccf34.jpg,4,0,0.0465056
b742bde4b.jpg,1,0,0.30911484
b742bde4b.jpg,2,0,0.013037431
b742bde4b.jpg,3,1,0.6736071
b742bde4b.jpg,4,0,0.010696755
b7520bce2.jpg,1,0,0.0601482
b7520bce2.jpg,2,0,0.0031032544
b7520bce2.jpg,3,1,0.76669836
b7520bce2.jpg,4,0,0.030658407
b760debb1.jpg,1,0,0.11438718
b760debb1.jpg,2,0,0.05183415
b760debb1.jpg,3,1,0.7808352
b760debb1.jpg,4,0,0.009365534
b769fa014.jpg,1,1,0.6503884
b769fa014.jpg,2,0,0.0054902486
b769fa014.jpg,3,1,0.6129828
b769fa014.jpg,4,0,0.0063863806
b76ffdb12.jpg,1,0,0.012532133
b76ffdb12.jpg,2,0,0.0020765292
b76ffdb12.jpg,3,1,0.9004176
b76ffdb12.jpg,4,0,0.08758426
b79130600.jpg,1,0,0.07185844
b79130600.jpg,2,0,0.04072958
b79130600.jpg,3,1,0.76825374
b79130600.jpg,4,0,0.034846455
b7ba88a81.jpg,1,0,0.04461232
b7ba88a81.jpg,2,0,0.027304133
b7ba88a81.jpg,3,1,0.89263684
b7ba88a81.jpg,4,0,0.001765191
b7bd3555b.jpg,1,0,0.47121355
b7bd3555b.jpg,2,0,0.05229121
b7bd3555b.jpg,3,0,0.43010125
b7bd3555b.jpg,4,0,0.008943993
b7c8461e6.jpg,1,0,0.031644557
b7c8461e6.jpg,2,0,0.0042721145
b7c8461e6.jpg,3,1,0.91811484
b7c8461e6.jpg,4,0,0.008387487
b7d5cf129.jpg,1,0,0.26003534
b7d5cf129.jpg,2,0,0.29734504
b7d5cf129.jpg,3,0,0.5620067
b7d5cf129.jpg,4,0,0.005307172
b7e366b8c.jpg,1,1,0.78453165
b7e366b8c.jpg,2,0,0.02457474
b7e366b8c.jpg,3,0,0.1502148
b7e366b8c.jpg,4,0,0.0030796162
b7ec896f8.jpg,1,0,0.33956543
b7ec896f8.jpg,2,0,0.10121287
b7ec896f8.jpg,3,1,0.67959386
b7ec896f8.jpg,4,0,0.0045390152
b7f6736cd.jpg,1,0,0.04976244
b7f6736cd.jpg,2,0,0.0699851
b7f6736cd.jpg,3,1,0.87332755
b7f6736cd.jpg,4,0,0.0029389758
b808da6f4.jpg,1,0,0.41078934
b808da6f4.jpg,2,0,0.009583405
b808da6f4.jpg,3,1,0.6887199
b808da6f4.jpg,4,0,0.008036566
b81b25504.jpg,1,0,0.04456071
b81b25504.jpg,2,0,0.024268165
b81b25504.jpg,3,1,0.8878557
b81b25504.jpg,4,0,0.001863529
b81bb231b.jpg,1,0,0.07340755
b81bb231b.jpg,2,0,0.010811222
b81bb231b.jpg,3,1,0.6287289
b81bb231b.jpg,4,0,0.39705715
b81d90a97.jpg,1,0,0.11404085
b81d90a97.jpg,2,0,0.10525566
b81d90a97.jpg,3,1,0.74261135
b81d90a97.jpg,4,0,0.0866614
b8209ebbd.jpg,1,0,0.019905599
b8209ebbd.jpg,2,0,0.0061346604
b8209ebbd.jpg,3,0,0.39376292
b8209ebbd.jpg,4,0,0.43796048
b825a0ab8.jpg,1,0,0.11636642
b825a0ab8.jpg,2,0,0.08207705
b825a0ab8.jpg,3,1,0.80826515
b825a0ab8.jpg,4,0,0.0045832247
b82784905.jpg,1,0,0.08868804
b82784905.jpg,2,0,0.056114033
b82784905.jpg,3,1,0.8647664
b82784905.jpg,4,0,0.0012317348
b8350a9cc.jpg,1,0,0.02876495
b8350a9cc.jpg,2,0,0.01609142
b8350a9cc.jpg,3,1,0.8970902
b8350a9cc.jpg,4,0,0.0054842667
b84338981.jpg,1,0,0.023292115
b84338981.jpg,2,0,0.0087787835
b84338981.jpg,3,1,0.7174459
b84338981.jpg,4,0,0.20186372
b8462555a.jpg,1,1,0.61199725
b8462555a.jpg,2,0,0.28312787
b8462555a.jpg,3,0,0.14032327
b8462555a.jpg,4,0,0.06071022
b85a0fa3b.jpg,1,0,0.55996794
b85a0fa3b.jpg,2,0,0.29873106
b85a0fa3b.jpg,3,0,0.3082552
b85a0fa3b.jpg,4,0,0.004902045
b867cd02e.jpg,1,0,0.0664942
b867cd02e.jpg,2,0,0.0037527822
b867cd02e.jpg,3,1,0.85674995
b867cd02e.jpg,4,0,0.0033859632
b87f6d32a.jpg,1,1,0.75195235
b87f6d32a.jpg,2,0,0.03651014
b87f6d32a.jpg,3,0,0.21532351
b87f6d32a.jpg,4,0,0.02463031
b89258ced.jpg,1,0,0.18082692
b89258ced.jpg,2,0,0.0142150605
b89258ced.jpg,3,1,0.77613515
b89258ced.jpg,4,0,0.0069698184
b8a209c9f.jpg,1,0,0.06380413
b8a209c9f.jpg,2,0,0.033983108
b8a209c9f.jpg,3,1,0.8751135
b8a209c9f.jpg,4,0,0.00283519
b8bdd375d.jpg,1,0,0.21223824
b8bdd375d.jpg,2,0,0.08505452
b8bdd375d.jpg,3,1,0.62363154
b8bdd375d.jpg,4,0,0.07901774
b8c76f32e.jpg,1,0,0.021360643
b8c76f32e.jpg,2,0,0.012352427
b8c76f32e.jpg,3,1,0.7000749
b8c76f32e.jpg,4,0,0.45775974
b8cf07a36.jpg,1,0,0.029334709
b8cf07a36.jpg,2,0,0.0034192707
b8cf07a36.jpg,3,0,0.11633998
b8cf07a36.jpg,4,1,0.9693127
b8dd8561e.jpg,1,0,0.08302537
b8dd8561e.jpg,2,0,0.004346859
b8dd8561e.jpg,3,1,0.68712145
b8dd8561e.jpg,4,0,0.07644942
b8ee49cf6.jpg,1,0,0.029986255
b8ee49cf6.jpg,2,0,0.00836276
b8ee49cf6.jpg,3,1,0.8701913
b8ee49cf6.jpg,4,0,0.012527312
b8f5bf5eb.jpg,1,1,0.6748186
b8f5bf5eb.jpg,2,0,0.13335052
b8f5bf5eb.jpg,3,0,0.27412197
b8f5bf5eb.jpg,4,0,0.11463263
b90cfe35c.jpg,1,0,0.5345366
b90cfe35c.jpg,2,0,0.01825533
b90cfe35c.jpg,3,0,0.3279672
b90cfe35c.jpg,4,0,0.067573525
b91568d51.jpg,1,0,0.28532505
b91568d51.jpg,2,0,0.2225653
b91568d51.jpg,3,0,0.47841322
b91568d51.jpg,4,0,0.122924685
b91a97b41.jpg,1,0,0.038366396
b91a97b41.jpg,2,0,0.0082176
b91a97b41.jpg,3,1,0.84849423
b91a97b41.jpg,4,0,0.060663585
b92905227.jpg,1,0,0.048013832
b92905227.jpg,2,0,0.028834254
b92905227.jpg,3,1,0.8599556
b92905227.jpg,4,0,0.009194642
b92b98314.jpg,1,0,0.018056156
b92b98314.jpg,2,0,0.003484241
b92b98314.jpg,3,0,0.44935432
b92b98314.jpg,4,1,0.7476566
b937fef38.jpg,1,0,0.14064328
b937fef38.jpg,2,0,0.008152684
b937fef38.jpg,3,1,0.8319177
b937fef38.jpg,4,0,0.007630861
b9424f00a.jpg,1,0,0.2689117
b9424f00a.jpg,2,0,0.07084431
b9424f00a.jpg,3,0,0.41509494
b9424f00a.jpg,4,0,0.14342803
b9595f206.jpg,1,0,0.048786085
b9595f206.jpg,2,0,0.0034200698
b9595f206.jpg,3,1,0.8375264
b9595f206.jpg,4,0,0.036079828
b9745c1b4.jpg,1,0,0.08845558
b9745c1b4.jpg,2,0,0.03285217
b9745c1b4.jpg,3,1,0.701385
b9745c1b4.jpg,4,0,0.014036051
b97f3ef83.jpg,1,0,0.036968205
b97f3ef83.jpg,2,0,0.013763347
b97f3ef83.jpg,3,0,0.25214854
b97f3ef83.jpg,4,0,0.5887628
b987b736e.jpg,1,0,0.07737315
b987b736e.jpg,2,0,0.009939671
b987b736e.jpg,3,1,0.78971535
b987b736e.jpg,4,0,0.012790504
b98946867.jpg,1,0,0.013509405
b98946867.jpg,2,0,0.0012019824
b98946867.jpg,3,1,0.9359445
b98946867.jpg,4,0,0.0068911794
b991340c8.jpg,1,0,0.02432947
b991340c8.jpg,2,0,0.009014493
b991340c8.jpg,3,0,0.31897524
b991340c8.jpg,4,1,0.8304064
b99399232.jpg,1,0,0.05493919
b99399232.jpg,2,0,0.032974876
b99399232.jpg,3,1,0.8729975
b99399232.jpg,4,0,0.002214498
b9b08b60f.jpg,1,0,0.06775908
b9b08b60f.jpg,2,0,0.003225968
b9b08b60f.jpg,3,1,0.7235973
b9b08b60f.jpg,4,0,0.014324459
b9baca8a9.jpg,1,1,0.7442909
b9baca8a9.jpg,2,0,0.023649963
b9baca8a9.jpg,3,0,0.27641997
b9baca8a9.jpg,4,0,0.013342365
b9c221b9d.jpg,1,0,0.19982098
b9c221b9d.jpg,2,0,0.03298605
b9c221b9d.jpg,3,1,0.6572371
b9c221b9d.jpg,4,0,0.017622523
b9cac97e1.jpg,1,0,0.23639226
b9cac97e1.jpg,2,0,0.074755386
b9cac97e1.jpg,3,0,0.53719276
b9cac97e1.jpg,4,0,0.10391489
b9d4af840.jpg,1,0,0.11464358
b9d4af840.jpg,2,0,0.32158467
b9d4af840.jpg,3,0,0.4089999
b9d4af840.jpg,4,0,0.052347127
b9d568b36.jpg,1,0,0.5048836
b9d568b36.jpg,2,0,0.1295674
b9d568b36.jpg,3,0,0.2757357
b9d568b36.jpg,4,0,0.012768812
b9db4195d.jpg,1,0,0.14574912
b9db4195d.jpg,2,0,0.24106245
b9db4195d.jpg,3,1,0.72127724
b9db4195d.jpg,4,0,0.002698519
ba0fe2399.jpg,1,0,0.022961736
ba0fe2399.jpg,2,0,0.0070375726
ba0fe2399.jpg,3,1,0.8442146
ba0fe2399.jpg,4,0,0.30154982
ba1196257.jpg,1,0,0.39431927
ba1196257.jpg,2,0,0.15594366
ba1196257.jpg,3,0,0.588708
ba1196257.jpg,4,0,0.02213455
ba1548a47.jpg,1,0,0.044891234
ba1548a47.jpg,2,0,0.0064747003
ba1548a47.jpg,3,0,0.5697374
ba1548a47.jpg,4,0,0.12272065
ba185a66a.jpg,1,0,0.5090845
ba185a66a.jpg,2,0,0.40892342
ba185a66a.jpg,3,0,0.3444405
ba185a66a.jpg,4,0,0.0044326526
ba19059c9.jpg,1,0,0.040162846
ba19059c9.jpg,2,0,0.01434882
ba19059c9.jpg,3,0,0.24685508
ba19059c9.jpg,4,0,0.59740984
ba3270c85.jpg,1,0,0.080448635
ba3270c85.jpg,2,0,0.09243778
ba3270c85.jpg,3,1,0.83528924
ba3270c85.jpg,4,0,0.0025130976
ba37e4571.jpg,1,0,0.5380618
ba37e4571.jpg,2,0,0.0658468
ba37e4571.jpg,3,0,0.43808088
ba37e4571.jpg,4,0,0.019688977
ba4168e4d.jpg,1,0,0.026950354
ba4168e4d.jpg,2,0,0.015726298
ba4168e4d.jpg,3,1,0.91882855
ba4168e4d.jpg,4,0,0.008324438
ba4671cf9.jpg,1,1,0.6489595
ba4671cf9.jpg,2,0,0.062033787
ba4671cf9.jpg,3,0,0.1764003
ba4671cf9.jpg,4,0,0.012630381
ba5b54639.jpg,1,0,0.24309324
ba5b54639.jpg,2,0,0.15295018
ba5b54639.jpg,3,1,0.72149915
ba5b54639.jpg,4,0,0.0049661514
ba6498934.jpg,1,0,0.025510281
ba6498934.jpg,2,0,0.012954298
ba6498934.jpg,3,0,0.42543745
ba6498934.jpg,4,1,0.8323652
ba698a3fb.jpg,1,0,0.3151839
ba698a3fb.jpg,2,0,0.3659698
ba698a3fb.jpg,3,0,0.47021642
ba698a3fb.jpg,4,0,0.0069363895
ba7b94e94.jpg,1,0,0.33056417
ba7b94e94.jpg,2,0,0.28990152
ba7b94e94.jpg,3,0,0.5314594
ba7b94e94.jpg,4,0,0.004534821
ba8ebb757.jpg,1,0,0.24847056
ba8ebb757.jpg,2,0,0.13319816
ba8ebb757.jpg,3,1,0.6421699
ba8ebb757.jpg,4,0,0.0055998657
bab18cd4f.jpg,1,0,0.08297428
bab18cd4f.jpg,2,0,0.0032981886
bab18cd4f.jpg,3,1,0.7486858
bab18cd4f.jpg,4,0,0.02433301
bac14bd8e.jpg,1,0,0.07237597
bac14bd8e.jpg,2,0,0.049770758
bac14bd8e.jpg,3,1,0.8499784
bac14bd8e.jpg,4,0,0.00389372
bac317cbe.jpg,1,0,0.01674445
bac317cbe.jpg,2,0,0.0024444328
bac317cbe.jpg,3,1,0.9171393
bac317cbe.jpg,4,0,0.050301656
bac6dd363.jpg,1,0,0.25264797
bac6dd363.jpg,2,0,0.009128076
bac6dd363.jpg,3,1,0.71288174
bac6dd363.jpg,4,0,0.0617079
baebf692f.jpg,1,0,0.09074277
baebf692f.jpg,2,0,0.0034088928
baebf692f.jpg,3,1,0.7947603
baebf692f.jpg,4,0,0.055780053
baf9ec32f.jpg,1,0,0.43228832
baf9ec32f.jpg,2,0,0.41687945
baf9ec32f.jpg,3,0,0.3978907
baf9ec32f.jpg,4,0,0.0042794463
bb131c78e.jpg,1,0,0.13269512
bb131c78e.jpg,2,0,0.12541665
bb131c78e.jpg,3,1,0.7533533
bb131c78e.jpg,4,0,0.0034160938
bb13a714f.jpg,1,0,0.02669893
bb13a714f.jpg,2,0,0.003911493
bb13a714f.jpg,3,1,0.9409001
bb13a714f.jpg,4,0,0.0027492621
bb177e8e0.jpg,1,0,0.47594428
bb177e8e0.jpg,2,0,0.09703243
bb177e8e0.jpg,3,0,0.3097374
bb177e8e0.jpg,4,0,0.060974713
bb2c16943.jpg,1,0,0.03407799
bb2c16943.jpg,2,0,0.008036002
bb2c16943.jpg,3,1,0.90004754
bb2c16943.jpg,4,0,0.0034975626
bb3ed626f.jpg,1,0,0.04405916
bb3ed626f.jpg,2,0,0.007463569
bb3ed626f.jpg,3,1,0.89042777
bb3ed626f.jpg,4,0,0.012363802
bb43b2824.jpg,1,0,0.03696643
bb43b2824.jpg,2,0,0.019161517
bb43b2824.jpg,3,1,0.89280397
bb43b2824.jpg,4,0,0.00320084
bb4c7b733.jpg,1,0,0.471186
bb4c7b733.jpg,2,0,0.059113096
bb4c7b733.jpg,3,0,0.46615878
bb4c7b733.jpg,4,0,0.09170642
bb5322eae.jpg,1,0,0.04973942
bb5322eae.jpg,2,0,0.029634053
bb5322eae.jpg,3,1,0.8821251
bb5322eae.jpg,4,0,0.0028756857
bb5e5c8ca.jpg,1,0,0.07691107
bb5e5c8ca.jpg,2,0,0.010981526
bb5e5c8ca.jpg,3,1,0.86531854
bb5e5c8ca.jpg,4,0,0.008701376
bb63c3d00.jpg,1,0,0.36019456
bb63c3d00.jpg,2,0,0.41504684
bb63c3d00.jpg,3,0,0.39349043
bb63c3d00.jpg,4,0,0.0038732819
bb65e90f0.jpg,1,0,0.13775492
bb65e90f0.jpg,2,0,0.18270998
bb65e90f0.jpg,3,0,0.5980401
bb65e90f0.jpg,4,0,0.0043931636
bb850954d.jpg,1,0,0.14881006
bb850954d.jpg,2,0,0.10021884
bb850954d.jpg,3,1,0.66637045
bb850954d.jpg,4,0,0.013042931
bb8f4ff47.jpg,1,0,0.045592666
bb8f4ff47.jpg,2,0,0.01069108
bb8f4ff47.jpg,3,0,0.44144657
bb8f4ff47.jpg,4,1,0.6961979
bb9317b39.jpg,1,0,0.28243026
bb9317b39.jpg,2,0,0.075274736
bb9317b39.jpg,3,1,0.6893554
bb9317b39.jpg,4,0,0.023517622
bbbae370e.jpg,1,0,0.3889723
bbbae370e.jpg,2,0,0.009705972
bbbae370e.jpg,3,0,0.54419893
bbbae370e.jpg,4,0,0.010730106
bbc5bbff4.jpg,1,0,0.052364785
bbc5bbff4.jpg,2,0,0.030482227
bbc5bbff4.jpg,3,1,0.88175106
bbc5bbff4.jpg,4,0,0.004828367
bbd4402da.jpg,1,0,0.037605938
bbd4402da.jpg,2,0,0.024346506
bbd4402da.jpg,3,0,0.27807134
bbd4402da.jpg,4,0,0.34629443
bbe2bd39d.jpg,1,0,0.015222933
bbe2bd39d.jpg,2,0,0.004411705
bbe2bd39d.jpg,3,1,0.6005021
bbe2bd39d.jpg,4,0,0.5787163
bbe8381c0.jpg,1,0,0.40031326
bbe8381c0.jpg,2,0,0.0069521856
bbe8381c0.jpg,3,0,0.4786645
bbe8381c0.jpg,4,0,0.19601546
bc09a8da5.jpg,1,0,0.040150557
bc09a8da5.jpg,2,0,0.02895386
bc09a8da5.jpg,3,1,0.88512063
bc09a8da5.jpg,4,0,0.003490151
bc0accce3.jpg,1,0,0.022044942
bc0accce3.jpg,2,0,0.0045135277
bc0accce3.jpg,3,1,0.71851474
bc0accce3.jpg,4,0,0.008424477
bc34d04f1.jpg,1,0,0.025581717
bc34d04f1.jpg,2,0,0.004246866
bc34d04f1.jpg,3,0,0.5653935
bc34d04f1.jpg,4,1,0.72764826
bc5005837.jpg,1,0,0.036946345
bc5005837.jpg,2,0,0.007915907
bc5005837.jpg,3,1,0.72698045
bc5005837.jpg,4,0,0.2909246
bc6d00672.jpg,1,0,0.19391938
bc6d00672.jpg,2,0,0.18462954
bc6d00672.jpg,3,1,0.69953233
bc6d00672.jpg,4,0,0.0030182386
bc6d4c48d.jpg,1,0,0.087144025
bc6d4c48d.jpg,2,0,0.043311756
bc6d4c48d.jpg,3,1,0.8692637
bc6d4c48d.jpg,4,0,0.0019558456
bc7aede35.jpg,1,0,0.36450684
bc7aede35.jpg,2,0,0.032954317
bc7aede35.jpg,3,1,0.66205055
bc7aede35.jpg,4,0,0.024424626
bc7f6b96e.jpg,1,0,0.30780667
bc7f6b96e.jpg,2,0,0.04886226
bc7f6b96e.jpg,3,0,0.3244593
bc7f6b96e.jpg,4,0,0.005709797
bc82e9edb.jpg,1,0,0.46609092
bc82e9edb.jpg,2,0,0.19290893
bc82e9edb.jpg,3,0,0.17510392
bc82e9edb.jpg,4,0,0.020776141
bc844c51a.jpg,1,0,0.08075266
bc844c51a.jpg,2,0,0.00793077
bc844c51a.jpg,3,1,0.854302
bc844c51a.jpg,4,0,0.04035856
bc94d4bf4.jpg,1,0,0.018661892
bc94d4bf4.jpg,2,0,0.0052665086
bc94d4bf4.jpg,3,0,0.511765
bc94d4bf4.jpg,4,0,0.5735308
bcaf9b991.jpg,1,0,0.29942098
bcaf9b991.jpg,2,0,0.04260684
bcaf9b991.jpg,3,1,0.64233637
bcaf9b991.jpg,4,0,0.034716427
bcafe121f.jpg,1,0,0.033481386
bcafe121f.jpg,2,0,0.0075468738
bcafe121f.jpg,3,1,0.6732528
bcafe121f.jpg,4,0,0.2627305
bcc1fd0e4.jpg,1,0,0.052173775
bcc1fd0e4.jpg,2,0,0.035272587
bcc1fd0e4.jpg,3,1,0.8802487
bcc1fd0e4.jpg,4,0,0.0017424729
bcc587559.jpg,1,0,0.04262312
bcc587559.jpg,2,0,0.010018791
bcc587559.jpg,3,1,0.8378597
bcc587559.jpg,4,0,0.19727606
bcd785845.jpg,1,0,0.2074794
bcd785845.jpg,2,0,0.012033171
bcd785845.jpg,3,0,0.5129975
bcd785845.jpg,4,0,0.062410112
bcde8ce6c.jpg,1,0,0.020869197
bcde8ce6c.jpg,2,0,0.00154658
bcde8ce6c.jpg,3,1,0.78640604
bcde8ce6c.jpg,4,0,0.23465963
bce893cfc.jpg,1,0,0.5119223
bce893cfc.jpg,2,0,0.10770673
bce893cfc.jpg,3,0,0.18163373
bce893cfc.jpg,4,0,0.01607771
bce9e1234.jpg,1,0,0.051739942
bce9e1234.jpg,2,0,0.010428506
bce9e1234.jpg,3,1,0.75657326
bce9e1234.jpg,4,0,0.046727926
bcf7d4b9a.jpg,1,0,0.041555878
bcf7d4b9a.jpg,2,0,0.0043059527
bcf7d4b9a.jpg,3,1,0.92340356
bcf7d4b9a.jpg,4,0,0.0099221505
bcf8c8739.jpg,1,0,0.061418567
bcf8c8739.jpg,2,0,0.1021241
bcf8c8739.jpg,3,1,0.86107236
bcf8c8739.jpg,4,0,0.0014034988
bcfb7131c.jpg,1,0,0.020661796
bcfb7131c.jpg,2,0,0.0034433715
bcfb7131c.jpg,3,1,0.8972779
bcfb7131c.jpg,4,0,0.039075702
bcfbbba8e.jpg,1,0,0.5172885
bcfbbba8e.jpg,2,0,0.019310022
bcfbbba8e.jpg,3,0,0.461923
bcfbbba8e.jpg,4,0,0.050455283
bd05e0869.jpg,1,0,0.037294853
bd05e0869.jpg,2,0,0.10949401
bd05e0869.jpg,3,1,0.7059359
bd05e0869.jpg,4,0,0.08104589
bd1123759.jpg,1,0,0.12692413
bd1123759.jpg,2,0,0.005040564
bd1123759.jpg,3,1,0.77253526
bd1123759.jpg,4,0,0.022419378
bd18be172.jpg,1,0,0.05208528
bd18be172.jpg,2,0,0.028524766
bd18be172.jpg,3,1,0.8872292
bd18be172.jpg,4,0,0.0032732023
bd29364c1.jpg,1,0,0.04979529
bd29364c1.jpg,2,0,0.008176978
bd29364c1.jpg,3,1,0.6549639
bd29364c1.jpg,4,1,0.6407628
bd31fe934.jpg,1,1,0.75977844
bd31fe934.jpg,2,0,0.0071463003
bd31fe934.jpg,3,0,0.28910634
bd31fe934.jpg,4,0,0.022386014
bd3d8aa73.jpg,1,0,0.4533042
bd3d8aa73.jpg,2,0,0.01071012
bd3d8aa73.jpg,3,0,0.44173333
bd3d8aa73.jpg,4,0,0.008967928
bd4b04a68.jpg,1,0,0.35333875
bd4b04a68.jpg,2,0,0.039802182
bd4b04a68.jpg,3,0,0.4018705
bd4b04a68.jpg,4,0,0.011710741
bd5c427ba.jpg,1,0,0.014537651
bd5c427ba.jpg,2,0,0.001177892
bd5c427ba.jpg,3,0,0.4957596
bd5c427ba.jpg,4,1,0.82642466
bd712a5ce.jpg,1,0,0.030317582
bd712a5ce.jpg,2,0,0.005796835
bd712a5ce.jpg,3,0,0.517826
bd712a5ce.jpg,4,1,0.78514355
bd8d922a0.jpg,1,0,0.01765781
bd8d922a0.jpg,2,0,0.0034417377
bd8d922a0.jpg,3,1,0.6455536
bd8d922a0.jpg,4,1,0.648737
bd8fc7ac6.jpg,1,0,0.43150532
bd8fc7ac6.jpg,2,0,0.01687969
bd8fc7ac6.jpg,3,0,0.5294979
bd8fc7ac6.jpg,4,0,0.04268436
bd96c3707.jpg,1,0,0.047164604
bd96c3707.jpg,2,0,0.026540637
bd96c3707.jpg,3,1,0.89276224
bd96c3707.jpg,4,0,0.0037198004
bd9de1aa3.jpg,1,0,0.20626946
bd9de1aa3.jpg,2,0,0.21572702
bd9de1aa3.jpg,3,0,0.3485597
bd9de1aa3.jpg,4,0,0.0046315547
bda35ef26.jpg,1,0,0.061454456
bda35ef26.jpg,2,0,0.006139046
bda35ef26.jpg,3,1,0.7738692
bda35ef26.jpg,4,0,0.07649036
bdaae0439.jpg,1,0,0.018871447
bdaae0439.jpg,2,0,0.0034002995
bdaae0439.jpg,3,0,0.31603763
bdaae0439.jpg,4,1,0.83185863
bdab766d8.jpg,1,0,0.03557903
bdab766d8.jpg,2,0,0.020017946
bdab766d8.jpg,3,1,0.830306
bdab766d8.jpg,4,0,0.007088999
bdb1f5a68.jpg,1,0,0.04193579
bdb1f5a68.jpg,2,0,0.008989577
bdb1f5a68.jpg,3,1,0.8181627
bdb1f5a68.jpg,4,0,0.060128376
bdd0575eb.jpg,1,0,0.21175976
bdd0575eb.jpg,2,0,0.01583466
bdd0575eb.jpg,3,1,0.7417789
bdd0575eb.jpg,4,0,0.023231069
bddb8e7c7.jpg,1,0,0.062275615
bddb8e7c7.jpg,2,0,0.089206904
bddb8e7c7.jpg,3,1,0.8518284
bddb8e7c7.jpg,4,0,0.0067131394
bde1926cf.jpg,1,0,0.5863517
bde1926cf.jpg,2,0,0.050078694
bde1926cf.jpg,3,0,0.3935711
bde1926cf.jpg,4,0,0.013636495
bde83a147.jpg,1,0,0.14426506
bde83a147.jpg,2,0,0.0074096355
bde83a147.jpg,3,1,0.79161286
bde83a147.jpg,4,0,0.012583991
bdeec26a6.jpg,1,0,0.36631405
bdeec26a6.jpg,2,0,0.005840257
bdeec26a6.jpg,3,1,0.77830505
bdeec26a6.jpg,4,0,0.008063613
bdfb2a1cf.jpg,1,0,0.029665066
bdfb2a1cf.jpg,2,0,0.0039650197
bdfb2a1cf.jpg,3,1,0.7669894
bdfb2a1cf.jpg,4,1,0.6258575
be0f1a423.jpg,1,0,0.08559421
be0f1a423.jpg,2,0,0.02749374
be0f1a423.jpg,3,1,0.7273883
be0f1a423.jpg,4,0,0.18427342
be16b3bd7.jpg,1,0,0.020666877
be16b3bd7.jpg,2,0,0.005262932
be16b3bd7.jpg,3,0,0.45382035
be16b3bd7.jpg,4,1,0.6927785
be1d57397.jpg,1,0,0.09183124
be1d57397.jpg,2,0,0.039103087
be1d57397.jpg,3,0,0.44134715
be1d57397.jpg,4,0,0.53189063
be32e10c4.jpg,1,0,0.026594723
be32e10c4.jpg,2,0,0.00483473
be32e10c4.jpg,3,1,0.6972594
be32e10c4.jpg,4,0,0.019945946
be3cb0832.jpg,1,0,0.3353707
be3cb0832.jpg,2,0,0.54355305
be3cb0832.jpg,3,0,0.42132446
be3cb0832.jpg,4,0,0.0049208556
be4c7826d.jpg,1,0,0.034927018
be4c7826d.jpg,2,0,0.019629503
be4c7826d.jpg,3,1,0.89066464
be4c7826d.jpg,4,0,0.0031576473
be580e071.jpg,1,1,0.72602004
be580e071.jpg,2,0,0.008647431
be580e071.jpg,3,0,0.24666351
be580e071.jpg,4,0,0.037473347
be65fa5bf.jpg,1,0,0.12752269
be65fa5bf.jpg,2,0,0.0041863746
be65fa5bf.jpg,3,1,0.8056805
be65fa5bf.jpg,4,0,0.027307345
be6f60f41.jpg,1,0,0.05658758
be6f60f41.jpg,2,0,0.055560183
be6f60f41.jpg,3,1,0.8522992
be6f60f41.jpg,4,0,0.004292349
be71429c0.jpg,1,0,0.08745545
be71429c0.jpg,2,0,0.08148763
be71429c0.jpg,3,1,0.82057285
be71429c0.jpg,4,0,0.003928745
be76e9ca7.jpg,1,0,0.048857737
be76e9ca7.jpg,2,0,0.004656585
be76e9ca7.jpg,3,1,0.9241006
be76e9ca7.jpg,4,0,0.004148885
be96c9f75.jpg,1,0,0.06389971
be96c9f75.jpg,2,0,0.0069305967
be96c9f75.jpg,3,1,0.85895747
be96c9f75.jpg,4,0,0.00658205
be9d502c2.jpg,1,0,0.123082705
be9d502c2.jpg,2,0,0.019198567
be9d502c2.jpg,3,1,0.8269532
be9d502c2.jpg,4,0,0.0036849075
bea7019d6.jpg,1,0,0.07270352
bea7019d6.jpg,2,0,0.01201867
bea7019d6.jpg,3,1,0.8656564
bea7019d6.jpg,4,0,0.0062231296
beaf745ad.jpg,1,0,0.03627551
beaf745ad.jpg,2,0,0.017545037
beaf745ad.jpg,3,1,0.8906505
beaf745ad.jpg,4,0,0.0033684287
beb2bb41c.jpg,1,1,0.6276726
beb2bb41c.jpg,2,0,0.032132473
beb2bb41c.jpg,3,0,0.3791912
beb2bb41c.jpg,4,0,0.026784522
beb464736.jpg,1,0,0.05185887
beb464736.jpg,2,0,0.0033365649
beb464736.jpg,3,1,0.68557376
beb464736.jpg,4,0,0.45748088
bec462e1a.jpg,1,0,0.30877283
bec462e1a.jpg,2,0,0.027831608
bec462e1a.jpg,3,0,0.46666571
bec462e1a.jpg,4,0,0.0070784413
bed6dfbaa.jpg,1,0,0.025559751
bed6dfbaa.jpg,2,0,0.010725473
bed6dfbaa.jpg,3,0,0.31930175
bed6dfbaa.jpg,4,0,0.48675215
bedcb1c50.jpg,1,0,0.03484493
bedcb1c50.jpg,2,0,0.0051259403
bedcb1c50.jpg,3,1,0.8592946
bedcb1c50.jpg,4,0,0.021401206
bee40f5e8.jpg,1,0,0.014080358
bee40f5e8.jpg,2,0,0.004716772
bee40f5e8.jpg,3,0,0.33981124
bee40f5e8.jpg,4,1,0.8693759
beed63b8a.jpg,1,0,0.043491755
beed63b8a.jpg,2,0,0.003856181
beed63b8a.jpg,3,1,0.9068344
beed63b8a.jpg,4,0,0.008841887
bef37fcc9.jpg,1,0,0.062080014
bef37fcc9.jpg,2,0,0.1751932
bef37fcc9.jpg,3,0,0.48799595
bef37fcc9.jpg,4,0,0.10546839
bf156e94b.jpg,1,0,0.22757548
bf156e94b.jpg,2,0,0.540702
bf156e94b.jpg,3,0,0.1853478
bf156e94b.jpg,4,0,0.058302928
bf15ef26b.jpg,1,0,0.013823052
bf15ef26b.jpg,2,0,0.0029265594
bf15ef26b.jpg,3,1,0.91488725
bf15ef26b.jpg,4,0,0.19365102
bf275fe13.jpg,1,0,0.3943602
bf275fe13.jpg,2,0,0.003768897
bf275fe13.jpg,3,1,0.6620328
bf275fe13.jpg,4,0,0.04766357
bf2eee467.jpg,1,0,0.059160236
bf2eee467.jpg,2,0,0.01827058
bf2eee467.jpg,3,1,0.9075809
bf2eee467.jpg,4,0,0.005957898
bf3851074.jpg,1,0,0.05518596
bf3851074.jpg,2,0,0.037125815
bf3851074.jpg,3,1,0.8699673
bf3851074.jpg,4,0,0.0019295001
bf4613a64.jpg,1,0,0.09599758
bf4613a64.jpg,2,0,0.06363375
bf4613a64.jpg,3,1,0.75509685
bf4613a64.jpg,4,0,0.0067958697
bf49e89d7.jpg,1,0,0.043940604
bf49e89d7.jpg,2,0,0.0043817325
bf49e89d7.jpg,3,1,0.8223285
bf49e89d7.jpg,4,0,0.10371485
bf537d326.jpg,1,0,0.36806735
bf537d326.jpg,2,0,0.37842894
bf537d326.jpg,3,0,0.2549521
bf537d326.jpg,4,0,0.0032856278
bf5fb70c4.jpg,1,0,0.07277511
bf5fb70c4.jpg,2,0,0.011135373
bf5fb70c4.jpg,3,1,0.8289575
bf5fb70c4.jpg,4,0,0.024557903
bf63acc0a.jpg,1,0,0.018420074
bf63acc0a.jpg,2,0,0.003900189
bf63acc0a.jpg,3,1,0.8823294
bf63acc0a.jpg,4,0,0.19507515
bf8946d3e.jpg,1,0,0.012069457
bf8946d3e.jpg,2,0,0.008611166
bf8946d3e.jpg,3,1,0.6976142
bf8946d3e.jpg,4,0,0.42906472
bfb40616d.jpg,1,0,0.07569417
bfb40616d.jpg,2,0,0.0329603
bfb40616d.jpg,3,1,0.84814924
bfb40616d.jpg,4,0,0.008179717
bfe66549d.jpg,1,0,0.12808551
bfe66549d.jpg,2,0,0.19658762
bfe66549d.jpg,3,0,0.18911742
bfe66549d.jpg,4,0,0.0021133146
bfea6acdb.jpg,1,0,0.053184897
bfea6acdb.jpg,2,0,0.0030105726
bfea6acdb.jpg,3,1,0.81531024
bfea6acdb.jpg,4,0,0.061510358
bff4ca86d.jpg,1,0,0.32240167
bff4ca86d.jpg,2,0,0.0045727496
bff4ca86d.jpg,3,1,0.6521116
bff4ca86d.jpg,4,0,0.023987724
c012bce3a.jpg,1,0,0.024317592
c012bce3a.jpg,2,0,0.0062475256
c012bce3a.jpg,3,0,0.3023967
c012bce3a.jpg,4,1,0.8276127
c026ed0bf.jpg,1,0,0.52259684
c026ed0bf.jpg,2,0,0.4335434
c026ed0bf.jpg,3,0,0.24086505
c026ed0bf.jpg,4,0,0.007099726
c031250e1.jpg,1,0,0.14294845
c031250e1.jpg,2,0,0.07152618
c031250e1.jpg,3,1,0.77238303
c031250e1.jpg,4,0,0.0050153933
c0473efc0.jpg,1,0,0.2574153
c0473efc0.jpg,2,0,0.4210625
c0473efc0.jpg,3,0,0.57273644
c0473efc0.jpg,4,0,0.0033716562
c06c30b8f.jpg,1,0,0.04641451
c06c30b8f.jpg,2,0,0.026070857
c06c30b8f.jpg,3,1,0.87799996
c06c30b8f.jpg,4,0,0.002235389
c08151cdb.jpg,1,0,0.028074533
c08151cdb.jpg,2,0,0.0032667618
c08151cdb.jpg,3,1,0.919825
c08151cdb.jpg,4,0,0.011518431
c08479410.jpg,1,0,0.055817526
c08479410.jpg,2,0,0.04131773
c08479410.jpg,3,1,0.8733688
c08479410.jpg,4,0,0.002040316
c088b2aa5.jpg,1,0,0.37121642
c088b2aa5.jpg,2,0,0.13399471
c088b2aa5.jpg,3,0,0.52994883
c088b2aa5.jpg,4,0,0.005729728
c08f421b3.jpg,1,0,0.4145573
c08f421b3.jpg,2,0,0.24476697
c08f421b3.jpg,3,0,0.3846419
c08f421b3.jpg,4,0,0.060068082
c090c3c13.jpg,1,0,0.5769442
c090c3c13.jpg,2,0,0.09488628
c090c3c13.jpg,3,0,0.509732
c090c3c13.jpg,4,0,0.03060778
c099cc14d.jpg,1,0,0.2863142
c099cc14d.jpg,2,0,0.12454242
c099cc14d.jpg,3,0,0.42368189
c099cc14d.jpg,4,0,0.07405011
c09a61e4d.jpg,1,0,0.07841932
c09a61e4d.jpg,2,0,0.03923407
c09a61e4d.jpg,3,1,0.8777292
c09a61e4d.jpg,4,0,0.002367832
c0a306a89.jpg,1,0,0.011544962
c0a306a89.jpg,2,0,0.0019058398
c0a306a89.jpg,3,1,0.8117059
c0a306a89.jpg,4,0,0.06758762
c0bd7fecd.jpg,1,0,0.051712427
c0bd7fecd.jpg,2,0,0.03438482
c0bd7fecd.jpg,3,1,0.8825515
c0bd7fecd.jpg,4,0,0.002650039
c0d2bf815.jpg,1,0,0.037146036
c0d2bf815.jpg,2,0,0.008310756
c0d2bf815.jpg,3,1,0.9302411
c0d2bf815.jpg,4,0,0.012390561
c0f291919.jpg,1,0,0.24604948
c0f291919.jpg,2,0,0.38012365
c0f291919.jpg,3,1,0.60637736
c0f291919.jpg,4,0,0.003541556
c0fe641f5.jpg,1,0,0.04359222
c0fe641f5.jpg,2,0,0.0031824587
c0fe641f5.jpg,3,1,0.9106741
c0fe641f5.jpg,4,0,0.02594369
c107d2116.jpg,1,0,0.06732098
c107d2116.jpg,2,0,0.096850865
c107d2116.jpg,3,1,0.7673411
c107d2116.jpg,4,0,0.014741412
c17134e9a.jpg,1,0,0.1774558
c17134e9a.jpg,2,0,0.0086000655
c17134e9a.jpg,3,1,0.79813904
c17134e9a.jpg,4,0,0.0067228875
c18226711.jpg,1,1,0.7055738
c18226711.jpg,2,0,0.015993359
c18226711.jpg,3,0,0.35827613
c18226711.jpg,4,0,0.035548422
c18bdcaab.jpg,1,0,0.065511785
c18bdcaab.jpg,2,0,0.051872965
c18bdcaab.jpg,3,1,0.86462
c18bdcaab.jpg,4,0,0.0018516361
c19f4a515.jpg,1,1,0.63624734
c19f4a515.jpg,2,0,0.4205533
c19f4a515.jpg,3,0,0.24073742
c19f4a515.jpg,4,0,0.0038296292
c19fbfede.jpg,1,0,0.11007429
c19fbfede.jpg,2,0,0.012642864
c19fbfede.jpg,3,1,0.8469773
c19fbfede.jpg,4,0,0.008984264
c1a16904e.jpg,1,0,0.3916464
c1a16904e.jpg,2,0,0.2799463
c1a16904e.jpg,3,0,0.32088122
c1a16904e.jpg,4,0,0.014262942
c1c3f9072.jpg,1,0,0.46157923
c1c3f9072.jpg,2,0,0.123159744
c1c3f9072.jpg,3,0,0.54074824
c1c3f9072.jpg,4,0,0.003165039
c1cdaec82.jpg,1,0,0.0078033
c1cdaec82.jpg,2,0,0.00088973384
c1cdaec82.jpg,3,1,0.84778357
c1cdaec82.jpg,4,0,0.33214262
c1dbb5dc2.jpg,1,0,0.07551008
c1dbb5dc2.jpg,2,0,0.010725133
c1dbb5dc2.jpg,3,1,0.8654848
c1dbb5dc2.jpg,4,0,0.0035946227
c1e1e7b0c.jpg,1,0,0.100252025
c1e1e7b0c.jpg,2,0,0.027287437
c1e1e7b0c.jpg,3,1,0.87540275
c1e1e7b0c.jpg,4,0,0.003686808
c1e353dcd.jpg,1,1,0.66995597
c1e353dcd.jpg,2,0,0.013560504
c1e353dcd.jpg,3,0,0.2646302
c1e353dcd.jpg,4,0,0.008957761
c1fac7911.jpg,1,0,0.08821987
c1fac7911.jpg,2,0,0.15466164
c1fac7911.jpg,3,1,0.7368414
c1fac7911.jpg,4,0,0.0027997273
c1fe7bb7b.jpg,1,0,0.45033446
c1fe7bb7b.jpg,2,0,0.006144626
c1fe7bb7b.jpg,3,1,0.7202771
c1fe7bb7b.jpg,4,0,0.004575826
c203dbcd8.jpg,1,0,0.050558597
c203dbcd8.jpg,2,0,0.025144426
c203dbcd8.jpg,3,1,0.86883074
c203dbcd8.jpg,4,0,0.0033273352
c211aba5d.jpg,1,0,0.050562322
c211aba5d.jpg,2,0,0.0055503068
c211aba5d.jpg,3,0,0.35916284
c211aba5d.jpg,4,0,0.022525335
c224552e0.jpg,1,0,0.028862795
c224552e0.jpg,2,0,0.0012728561
c224552e0.jpg,3,1,0.9596595
c224552e0.jpg,4,0,0.0009891837
c232bb33a.jpg,1,0,0.07992632
c232bb33a.jpg,2,0,0.008040997
c232bb33a.jpg,3,1,0.75389284
c232bb33a.jpg,4,0,0.09304324
c234bf0a0.jpg,1,0,0.14567378
c234bf0a0.jpg,2,0,0.09402743
c234bf0a0.jpg,3,1,0.6615532
c234bf0a0.jpg,4,0,0.0069541223
c285fda54.jpg,1,0,0.04585235
c285fda54.jpg,2,0,0.022160871
c285fda54.jpg,3,1,0.86066264
c285fda54.jpg,4,0,0.0133033665
c2b1fa3bb.jpg,1,0,0.062335227
c2b1fa3bb.jpg,2,0,0.009120177
c2b1fa3bb.jpg,3,1,0.8790083
c2b1fa3bb.jpg,4,0,0.018613541
c2b52f420.jpg,1,0,0.072592
c2b52f420.jpg,2,0,0.036679342
c2b52f420.jpg,3,1,0.8653427
c2b52f420.jpg,4,0,0.008899594
c2b717001.jpg,1,0,0.027824305
c2b717001.jpg,2,0,0.008775036
c2b717001.jpg,3,1,0.85610753
c2b717001.jpg,4,0,0.029169476
c2cd72225.jpg,1,0,0.1334507
c2cd72225.jpg,2,0,0.22302242
c2cd72225.jpg,3,1,0.6465456
c2cd72225.jpg,4,0,0.0034770817
c2cf4d6a4.jpg,1,0,0.033682242
c2cf4d6a4.jpg,2,0,0.019607445
c2cf4d6a4.jpg,3,1,0.87351316
c2cf4d6a4.jpg,4,0,0.0026637746
c3024f1df.jpg,1,1,0.7913105
c3024f1df.jpg,2,0,0.0072421166
c3024f1df.jpg,3,0,0.19805956
c3024f1df.jpg,4,0,0.03053949
c30cfc352.jpg,1,0,0.04035477
c30cfc352.jpg,2,0,0.024111526
c30cfc352.jpg,3,1,0.89856035
c30cfc352.jpg,4,0,0.0016072243
c316ff42d.jpg,1,0,0.034082267
c316ff42d.jpg,2,0,0.0059053916
c316ff42d.jpg,3,1,0.9017021
c316ff42d.jpg,4,0,0.017231062
c317afb0d.jpg,1,0,0.16228001
c317afb0d.jpg,2,0,0.011110987
c317afb0d.jpg,3,1,0.79594594
c317afb0d.jpg,4,0,0.07651261
c31fb36b0.jpg,1,0,0.55358195
c31fb36b0.jpg,2,0,0.01928063
c31fb36b0.jpg,3,0,0.4927404
c31fb36b0.jpg,4,0,0.012326491
c329ee870.jpg,1,0,0.03628144
c329ee870.jpg,2,0,0.0037301257
c329ee870.jpg,3,1,0.6117108
c329ee870.jpg,4,0,0.012476538
c32dca83f.jpg,1,0,0.55039495
c32dca83f.jpg,2,0,0.29963377
c32dca83f.jpg,3,0,0.18840803
c32dca83f.jpg,4,0,0.024433395
c3404a212.jpg,1,0,0.027306506
c3404a212.jpg,2,0,0.0052335015
c3404a212.jpg,3,1,0.68911844
c3404a212.jpg,4,0,0.34028503
c367c6133.jpg,1,0,0.43308052
c367c6133.jpg,2,0,0.16216724
c367c6133.jpg,3,0,0.44644132
c367c6133.jpg,4,0,0.007951807
c3697c31b.jpg,1,0,0.47979984
c3697c31b.jpg,2,0,0.08508241
c3697c31b.jpg,3,0,0.47134927
c3697c31b.jpg,4,0,0.039485447
c37e5676c.jpg,1,0,0.083379805
c37e5676c.jpg,2,0,0.30819803
c37e5676c.jpg,3,1,0.71953815
c37e5676c.jpg,4,0,0.005005564
c3830a69d.jpg,1,0,0.41197404
c3830a69d.jpg,2,0,0.018188486
c3830a69d.jpg,3,1,0.71397704
c3830a69d.jpg,4,0,0.02248056
c38908d5f.jpg,1,0,0.466625
c38908d5f.jpg,2,0,0.41939914
c38908d5f.jpg,3,0,0.35943136
c38908d5f.jpg,4,0,0.004538066
c3ac9d13a.jpg,1,0,0.3777652
c3ac9d13a.jpg,2,0,0.34615746
c3ac9d13a.jpg,3,0,0.51841694
c3ac9d13a.jpg,4,0,0.00686165
c3c5f4579.jpg,1,0,0.06331607
c3c5f4579.jpg,2,0,0.059858095
c3c5f4579.jpg,3,1,0.84601945
c3c5f4579.jpg,4,0,0.0050906874
c3d2f200d.jpg,1,0,0.040209044
c3d2f200d.jpg,2,0,0.005595887
c3d2f200d.jpg,3,1,0.700448
c3d2f200d.jpg,4,0,0.047245447
c3db04098.jpg,1,0,0.47017157
c3db04098.jpg,2,0,0.09090835
c3db04098.jpg,3,0,0.41009244
c3db04098.jpg,4,0,0.017421052
c3e859718.jpg,1,0,0.37695965
c3e859718.jpg,2,0,0.3485272
c3e859718.jpg,3,0,0.46091378
c3e859718.jpg,4,0,0.005467504
c3ee5cece.jpg,1,1,0.7230239
c3ee5cece.jpg,2,0,0.07710255
c3ee5cece.jpg,3,0,0.1619133
c3ee5cece.jpg,4,0,0.031056853
c3efffd1a.jpg,1,0,0.016501073
c3efffd1a.jpg,2,0,0.0019683708
c3efffd1a.jpg,3,1,0.9263409
c3efffd1a.jpg,4,0,0.006506458
c3f9989d5.jpg,1,0,0.11217651
c3f9989d5.jpg,2,0,0.051547665
c3f9989d5.jpg,3,1,0.7054324
c3f9989d5.jpg,4,0,0.003159364
c4122a477.jpg,1,0,0.035569254
c4122a477.jpg,2,0,0.006686818
c4122a477.jpg,3,1,0.91687113
c4122a477.jpg,4,0,0.012282786
c4183830e.jpg,1,0,0.2177726
c4183830e.jpg,2,0,0.018449044
c4183830e.jpg,3,0,0.5920309
c4183830e.jpg,4,0,0.29089615
c41abc01e.jpg,1,0,0.598759
c41abc01e.jpg,2,0,0.04130509
c41abc01e.jpg,3,0,0.3413379
c41abc01e.jpg,4,0,0.061744675
c41bc1046.jpg,1,0,0.028582169
c41bc1046.jpg,2,0,0.0036461959
c41bc1046.jpg,3,1,0.8888256
c41bc1046.jpg,4,0,0.038219135
c4205f42e.jpg,1,0,0.08299877
c4205f42e.jpg,2,0,0.0049992613
c4205f42e.jpg,3,1,0.8583142
c4205f42e.jpg,4,0,0.06164525
c436c6598.jpg,1,0,0.05154865
c436c6598.jpg,2,0,0.036961947
c436c6598.jpg,3,1,0.8524359
c436c6598.jpg,4,0,0.02220534
c43fd3530.jpg,1,0,0.020591045
c43fd3530.jpg,2,0,0.0012193149
c43fd3530.jpg,3,1,0.959384
c43fd3530.jpg,4,0,0.0031468838
c4405bef9.jpg,1,1,0.74871963
c4405bef9.jpg,2,0,0.10014943
c4405bef9.jpg,3,0,0.1621454
c4405bef9.jpg,4,0,0.0033634547
c44181848.jpg,1,1,0.8094755
c44181848.jpg,2,0,0.024388561
c44181848.jpg,3,0,0.131355
c44181848.jpg,4,0,0.010042998
c45a6f20c.jpg,1,1,0.66651475
c45a6f20c.jpg,2,0,0.018414276
c45a6f20c.jpg,3,0,0.27646104
c45a6f20c.jpg,4,0,0.025312206
c4617b332.jpg,1,0,0.053682134
c4617b332.jpg,2,0,0.037200186
c4617b332.jpg,3,1,0.86692506
c4617b332.jpg,4,0,0.002560958
c467097f4.jpg,1,0,0.10876105
c467097f4.jpg,2,0,0.0072132214
c467097f4.jpg,3,1,0.878743
c467097f4.jpg,4,0,0.01660073
c4779c4b4.jpg,1,0,0.32062504
c4779c4b4.jpg,2,0,0.002717207
c4779c4b4.jpg,3,1,0.84954125
c4779c4b4.jpg,4,0,0.0138160875
c47dffb07.jpg,1,0,0.08571282
c47dffb07.jpg,2,0,0.005801818
c47dffb07.jpg,3,1,0.87907314
c47dffb07.jpg,4,0,0.0061502815
c48a7c7d8.jpg,1,0,0.03967278
c48a7c7d8.jpg,2,0,0.0049855653
c48a7c7d8.jpg,3,1,0.7451859
c48a7c7d8.jpg,4,0,0.017188229
c4987c901.jpg,1,0,0.059318423
c4987c901.jpg,2,0,0.031832296
c4987c901.jpg,3,1,0.8839026
c4987c901.jpg,4,0,0.0020765355
c4a188b8e.jpg,1,0,0.46256188
c4a188b8e.jpg,2,0,0.48674235
c4a188b8e.jpg,3,0,0.29156506
c4a188b8e.jpg,4,0,0.0055553312
c4a6f277f.jpg,1,0,0.024379715
c4a6f277f.jpg,2,0,0.007280815
c4a6f277f.jpg,3,1,0.8424113
c4a6f277f.jpg,4,0,0.1256194
c4b2d361b.jpg,1,0,0.07186086
c4b2d361b.jpg,2,0,0.0052911695
c4b2d361b.jpg,3,1,0.61644495
c4b2d361b.jpg,4,0,0.021002747
c4b46d7e7.jpg,1,0,0.016111454
c4b46d7e7.jpg,2,0,0.004045082
c4b46d7e7.jpg,3,1,0.89184064
c4b46d7e7.jpg,4,0,0.0122361975
c4c6ed653.jpg,1,0,0.5950499
c4c6ed653.jpg,2,0,0.01260391
c4c6ed653.jpg,3,0,0.49618578
c4c6ed653.jpg,4,0,0.0044810455
c4cdef75c.jpg,1,0,0.5471295
c4cdef75c.jpg,2,0,0.17592019
c4cdef75c.jpg,3,0,0.30377474
c4cdef75c.jpg,4,0,0.03547901
c4edde8c5.jpg,1,0,0.50587827
c4edde8c5.jpg,2,0,0.33063644
c4edde8c5.jpg,3,0,0.19907899
c4edde8c5.jpg,4,0,0.070739046
c4f438138.jpg,1,0,0.21250911
c4f438138.jpg,2,0,0.008649348
c4f438138.jpg,3,1,0.75448817
c4f438138.jpg,4,0,0.044440582
c4f860151.jpg,1,0,0.065045215
c4f860151.jpg,2,0,0.05530085
c4f860151.jpg,3,1,0.8410055
c4f860151.jpg,4,0,0.048852604
c503b072a.jpg,1,0,0.09390574
c503b072a.jpg,2,0,0.031470362
c503b072a.jpg,3,1,0.8768931
c503b072a.jpg,4,0,0.0018719932
c503d36ac.jpg,1,0,0.061530333
c503d36ac.jpg,2,0,0.04816183
c503d36ac.jpg,3,1,0.8662248
c503d36ac.jpg,4,0,0.0017173389
c5073e778.jpg,1,0,0.5456621
c5073e778.jpg,2,0,0.0067820866
c5073e778.jpg,3,0,0.44796118
c5073e778.jpg,4,0,0.15353546
c50de1f31.jpg,1,0,0.114507854
c50de1f31.jpg,2,0,0.1015667
c50de1f31.jpg,3,1,0.7489996
c50de1f31.jpg,4,0,0.0033330831
c51ab9aa9.jpg,1,0,0.044223282
c51ab9aa9.jpg,2,0,0.016384194
c51ab9aa9.jpg,3,1,0.81220704
c51ab9aa9.jpg,4,0,0.04768331
c521ad2a6.jpg,1,0,0.1381996
c521ad2a6.jpg,2,0,0.08963529
c521ad2a6.jpg,3,1,0.76462096
c521ad2a6.jpg,4,0,0.008397429
c530161a6.jpg,1,0,0.050153855
c530161a6.jpg,2,0,0.014196362
c530161a6.jpg,3,0,0.32622433
c530161a6.jpg,4,1,0.71297854
c544a9d4e.jpg,1,0,0.032931242
c544a9d4e.jpg,2,0,0.013844068
c544a9d4e.jpg,3,1,0.9138265
c544a9d4e.jpg,4,0,0.0032352142
c5456ff9b.jpg,1,1,0.76083964
c5456ff9b.jpg,2,0,0.0395595
c5456ff9b.jpg,3,0,0.19966517
c5456ff9b.jpg,4,0,0.017187595
c55581dff.jpg,1,0,0.28595778
c55581dff.jpg,2,0,0.012473487
c55581dff.jpg,3,1,0.7499408
c55581dff.jpg,4,0,0.013776683
c5581b152.jpg,1,0,0.26660576
c5581b152.jpg,2,0,0.019724647
c5581b152.jpg,3,1,0.77778715
c5581b152.jpg,4,0,0.039923623
c5609d0f1.jpg,1,0,0.038565874
c5609d0f1.jpg,2,0,0.004863653
c5609d0f1.jpg,3,1,0.77072984
c5609d0f1.jpg,4,0,0.013383058
c5685f42e.jpg,1,0,0.1384078
c5685f42e.jpg,2,0,0.00376195
c5685f42e.jpg,3,1,0.9159701
c5685f42e.jpg,4,0,0.011639218
c5699669f.jpg,1,0,0.1358204
c5699669f.jpg,2,0,0.10383999
c5699669f.jpg,3,1,0.79331136
c5699669f.jpg,4,0,0.007363662
c5770f737.jpg,1,0,0.093779884
c5770f737.jpg,2,0,0.037698645
c5770f737.jpg,3,1,0.8409088
c5770f737.jpg,4,0,0.0017571027
c5772a9d6.jpg,1,0,0.28619626
c5772a9d6.jpg,2,0,0.1700917
c5772a9d6.jpg,3,1,0.6770914
c5772a9d6.jpg,4,0,0.004413541
c57bbee34.jpg,1,0,0.045300722
c57bbee34.jpg,2,0,0.022961399
c57bbee34.jpg,3,1,0.8930623
c57bbee34.jpg,4,0,0.001739673
c588f15f5.jpg,1,0,0.017839415
c588f15f5.jpg,2,0,0.0034662124
c588f15f5.jpg,3,1,0.8845151
c588f15f5.jpg,4,0,0.07818303
c590cb628.jpg,1,1,0.7077361
c590cb628.jpg,2,0,0.005855369
c590cb628.jpg,3,0,0.4360861
c590cb628.jpg,4,0,0.009324982
c5971928d.jpg,1,0,0.34538507
c5971928d.jpg,2,0,0.08479643
c5971928d.jpg,3,1,0.72739
c5971928d.jpg,4,0,0.012373403
c5b81a129.jpg,1,1,0.7384019
c5b81a129.jpg,2,0,0.091531284
c5b81a129.jpg,3,0,0.20801705
c5b81a129.jpg,4,0,0.010139145
c5bd13a82.jpg,1,0,0.15167649
c5bd13a82.jpg,2,0,0.17083706
c5bd13a82.jpg,3,1,0.75556284
c5bd13a82.jpg,4,0,0.0038050972
c5bdaa12a.jpg,1,0,0.099325605
c5bdaa12a.jpg,2,0,0.4884477
c5bdaa12a.jpg,3,0,0.41846406
c5bdaa12a.jpg,4,0,0.087521695
c5c550269.jpg,1,0,0.23644887
c5c550269.jpg,2,0,0.13941254
c5c550269.jpg,3,0,0.5080083
c5c550269.jpg,4,0,0.06391454
c5c99623d.jpg,1,0,0.038364843
c5c99623d.jpg,2,0,0.018512819
c5c99623d.jpg,3,1,0.8869605
c5c99623d.jpg,4,0,0.0058744648
c5ea5ede3.jpg,1,0,0.06913991
c5ea5ede3.jpg,2,0,0.046548475
c5ea5ede3.jpg,3,1,0.84316677
c5ea5ede3.jpg,4,0,0.003023653
c5eb5b8ef.jpg,1,0,0.04079322
c5eb5b8ef.jpg,2,0,0.021149764
c5eb5b8ef.jpg,3,1,0.7678547
c5eb5b8ef.jpg,4,0,0.053026035
c5f22d971.jpg,1,0,0.21843593
c5f22d971.jpg,2,0,0.39669803
c5f22d971.jpg,3,0,0.46134332
c5f22d971.jpg,4,0,0.005066656
c5fdc7085.jpg,1,0,0.0799649
c5fdc7085.jpg,2,0,0.04986171
c5fdc7085.jpg,3,1,0.8616967
c5fdc7085.jpg,4,0,0.0024630767
c61c8dd6b.jpg,1,0,0.40835977
c61c8dd6b.jpg,2,0,0.01064676
c61c8dd6b.jpg,3,1,0.6711543
c61c8dd6b.jpg,4,0,0.06665296
c62df418e.jpg,1,0,0.08600364
c62df418e.jpg,2,0,0.0059465575
c62df418e.jpg,3,1,0.9004876
c62df418e.jpg,4,0,0.007328375
c6373dff3.jpg,1,1,0.6646616
c6373dff3.jpg,2,0,0.007646417
c6373dff3.jpg,3,0,0.36014757
c6373dff3.jpg,4,0,0.04343282
c63ec6dd2.jpg,1,0,0.31284246
c63ec6dd2.jpg,2,0,0.30489567
c63ec6dd2.jpg,3,0,0.5352023
c63ec6dd2.jpg,4,0,0.0053357366
c641e799b.jpg,1,0,0.033479903
c641e799b.jpg,2,0,0.0050310832
c641e799b.jpg,3,0,0.53793305
c641e799b.jpg,4,0,0.033896353
c658c42ca.jpg,1,1,0.72614676
c658c42ca.jpg,2,0,0.007797513
c658c42ca.jpg,3,0,0.19104595
c658c42ca.jpg,4,0,0.045788046
c66f8a343.jpg,1,0,0.051565986
c66f8a343.jpg,2,0,0.04287378
c66f8a343.jpg,3,1,0.8429039
c66f8a343.jpg,4,0,0.0034534961
c66fe5faa.jpg,1,0,0.09720891
c66fe5faa.jpg,2,0,0.0019926254
c66fe5faa.jpg,3,1,0.9204171
c66fe5faa.jpg,4,0,0.003589866
c67587070.jpg,1,0,0.059949648
c67587070.jpg,2,0,0.5020375
c67587070.jpg,3,0,0.5229967
c67587070.jpg,4,0,0.025763774
c6820e0fd.jpg,1,0,0.030868338
c6820e0fd.jpg,2,0,0.0054797954
c6820e0fd.jpg,3,1,0.80530196
c6820e0fd.jpg,4,0,0.023817077
c69adf2c4.jpg,1,0,0.17384523
c69adf2c4.jpg,2,0,0.035267446
c69adf2c4.jpg,3,0,0.5718771
c69adf2c4.jpg,4,0,0.116834454
c6b5ec73d.jpg,1,0,0.3088338
c6b5ec73d.jpg,2,0,0.25844553
c6b5ec73d.jpg,3,0,0.56176955
c6b5ec73d.jpg,4,0,0.0067901127
c6b9a2ac0.jpg,1,0,0.2673227
c6b9a2ac0.jpg,2,0,0.48310181
c6b9a2ac0.jpg,3,0,0.40871668
c6b9a2ac0.jpg,4,0,0.0034741058
c6bc7ca4b.jpg,1,0,0.0090362765
c6bc7ca4b.jpg,2,0,0.0015311154
c6bc7ca4b.jpg,3,1,0.63183314
c6bc7ca4b.jpg,4,1,0.8608189
c6beaa7d0.jpg,1,0,0.40333033
c6beaa7d0.jpg,2,0,0.08641678
c6beaa7d0.jpg,3,0,0.25059596
c6beaa7d0.jpg,4,0,0.0069681928
c6de9db6e.jpg,1,0,0.14844118
c6de9db6e.jpg,2,0,0.017729891
c6de9db6e.jpg,3,1,0.7796416
c6de9db6e.jpg,4,0,0.023019737
c6e79ad5d.jpg,1,0,0.302085
c6e79ad5d.jpg,2,0,0.0067568924
c6e79ad5d.jpg,3,0,0.3669988
c6e79ad5d.jpg,4,0,0.5408167
c6f648543.jpg,1,0,0.023242483
c6f648543.jpg,2,0,0.002140395
c6f648543.jpg,3,1,0.9408336
c6f648543.jpg,4,0,0.016225843
c6fc7eb80.jpg,1,0,0.040820748
c6fc7eb80.jpg,2,0,0.0061618723
c6fc7eb80.jpg,3,0,0.41136
c6fc7eb80.jpg,4,1,0.79885155
c6fe30fe6.jpg,1,1,0.726933
c6fe30fe6.jpg,2,0,0.00521007
c6fe30fe6.jpg,3,0,0.3239276
c6fe30fe6.jpg,4,0,0.008398903
c707919df.jpg,1,0,0.24310254
c707919df.jpg,2,0,0.13009119
c707919df.jpg,3,1,0.6711359
c707919df.jpg,4,0,0.00408499
c70b53a15.jpg,1,0,0.083631456
c70b53a15.jpg,2,0,0.007248692
c70b53a15.jpg,3,1,0.85956556
c70b53a15.jpg,4,0,0.009879708
c70ce636e.jpg,1,0,0.31860685
c70ce636e.jpg,2,0,0.1286168
c70ce636e.jpg,3,0,0.50047773
c70ce636e.jpg,4,0,0.01792735
c70f0b7c0.jpg,1,0,0.46659827
c70f0b7c0.jpg,2,0,0.060234085
c70f0b7c0.jpg,3,0,0.5337495
c70f0b7c0.jpg,4,0,0.03648545
c70f8c5e0.jpg,1,0,0.23752171
c70f8c5e0.jpg,2,0,0.0051045106
c70f8c5e0.jpg,3,1,0.68463105
c70f8c5e0.jpg,4,0,0.038260207
c716d86d5.jpg,1,0,0.5274164
c716d86d5.jpg,2,0,0.29533532
c716d86d5.jpg,3,0,0.30827743
c716d86d5.jpg,4,0,0.0055279587
c71c89af8.jpg,1,0,0.008869083
c71c89af8.jpg,2,0,0.0020473956
c71c89af8.jpg,3,1,0.9416596
c71c89af8.jpg,4,0,0.017549006
c71eb4e51.jpg,1,0,0.06247154
c71eb4e51.jpg,2,0,0.009894658
c71eb4e51.jpg,3,1,0.8883272
c71eb4e51.jpg,4,0,0.009903838
c723f1ada.jpg,1,0,0.081216514
c723f1ada.jpg,2,0,0.025522424
c723f1ada.jpg,3,1,0.84996957
c723f1ada.jpg,4,0,0.034426752
c724c62c2.jpg,1,0,0.38774908
c724c62c2.jpg,2,0,0.11600691
c724c62c2.jpg,3,1,0.64699036
c724c62c2.jpg,4,0,0.006177128
c725bafda.jpg,1,0,0.024001747
c725bafda.jpg,2,0,0.021862755
c725bafda.jpg,3,1,0.85478574
c725bafda.jpg,4,0,0.036678154
c730de63c.jpg,1,0,0.028788725
c730de63c.jpg,2,0,0.002869333
c730de63c.jpg,3,1,0.7981622
c730de63c.jpg,4,0,0.046386093
c7335eee0.jpg,1,0,0.05790868
c7335eee0.jpg,2,0,0.040179264
c7335eee0.jpg,3,1,0.87749004
c7335eee0.jpg,4,0,0.0027123904
c759436cd.jpg,1,0,0.3207798
c759436cd.jpg,2,0,0.1290064
c759436cd.jpg,3,0,0.5577531
c759436cd.jpg,4,0,0.006020878
c7667ac1b.jpg,1,1,0.6487572
c7667ac1b.jpg,2,0,0.04930353
c7667ac1b.jpg,3,0,0.23670311
c7667ac1b.jpg,4,0,0.013650447
c76cf4783.jpg,1,0,0.11399824
c76cf4783.jpg,2,0,0.010873701
c76cf4783.jpg,3,1,0.817594
c76cf4783.jpg,4,0,0.026322097
c77c67b9a.jpg,1,0,0.029464819
c77c67b9a.jpg,2,0,0.0045245187
c77c67b9a.jpg,3,1,0.91217256
c77c67b9a.jpg,4,0,0.019507406
c7865cb81.jpg,1,0,0.26877692
c7865cb81.jpg,2,0,0.32895663
c7865cb81.jpg,3,1,0.6598016
c7865cb81.jpg,4,0,0.003179447
c7abcfd22.jpg,1,0,0.38580903
c7abcfd22.jpg,2,0,0.008002524
c7abcfd22.jpg,3,1,0.6278731
c7abcfd22.jpg,4,0,0.100053705
c7d5147b1.jpg,1,0,0.0811267
c7d5147b1.jpg,2,0,0.0053367633
c7d5147b1.jpg,3,1,0.7838676
c7d5147b1.jpg,4,0,0.0129641555
c7f0c9b72.jpg,1,0,0.05420713
c7f0c9b72.jpg,2,0,0.003687082
c7f0c9b72.jpg,3,1,0.9080303
c7f0c9b72.jpg,4,0,0.012924639
c7f574347.jpg,1,0,0.09398844
c7f574347.jpg,2,0,0.021113241
c7f574347.jpg,3,1,0.8485066
c7f574347.jpg,4,0,0.0028155502
c7fb01bad.jpg,1,0,0.1832587
c7fb01bad.jpg,2,0,0.01018736
c7fb01bad.jpg,3,1,0.83458215
c7fb01bad.jpg,4,0,0.008279667
c7ff73078.jpg,1,0,0.3443593
c7ff73078.jpg,2,0,0.46098205
c7ff73078.jpg,3,0,0.38899434
c7ff73078.jpg,4,0,0.005179615
c806af1a2.jpg,1,0,0.11191233
c806af1a2.jpg,2,0,0.049636498
c806af1a2.jpg,3,1,0.8426325
c806af1a2.jpg,4,0,0.0076609068
c809fea25.jpg,1,0,0.23131742
c809fea25.jpg,2,0,0.2125597
c809fea25.jpg,3,0,0.5863952
c809fea25.jpg,4,0,0.008964155
c80a621ed.jpg,1,0,0.10827484
c80a621ed.jpg,2,0,0.020869978
c80a621ed.jpg,3,1,0.8230603
c80a621ed.jpg,4,0,0.018721772
c80afabec.jpg,1,0,0.0337614
c80afabec.jpg,2,0,0.0032227284
c80afabec.jpg,3,1,0.93063664
c80afabec.jpg,4,0,0.004508777
c810a8210.jpg,1,0,0.26529285
c810a8210.jpg,2,0,0.54040986
c810a8210.jpg,3,0,0.32865986
c810a8210.jpg,4,0,0.0055888738
c8144de93.jpg,1,0,0.09732288
c8144de93.jpg,2,0,0.21948422
c8144de93.jpg,3,1,0.64961994
c8144de93.jpg,4,0,0.0041585458
c82561e06.jpg,1,0,0.053733885
c82561e06.jpg,2,0,0.026833327
c82561e06.jpg,3,1,0.8795981
c82561e06.jpg,4,0,0.0022359292
c8311ec86.jpg,1,0,0.027589098
c8311ec86.jpg,2,0,0.015386828
c8311ec86.jpg,3,1,0.85830045
c8311ec86.jpg,4,0,0.014569842
c832f2a91.jpg,1,0,0.538925
c832f2a91.jpg,2,0,0.48977923
c832f2a91.jpg,3,0,0.2997706
c832f2a91.jpg,4,0,0.0038383286
c838e6bf9.jpg,1,0,0.09421096
c838e6bf9.jpg,2,0,0.01953497
c838e6bf9.jpg,3,1,0.70190126
c838e6bf9.jpg,4,0,0.27572218
c84852214.jpg,1,0,0.04612592
c84852214.jpg,2,0,0.0019737955
c84852214.jpg,3,1,0.90344715
c84852214.jpg,4,0,0.003520521
c866d1a07.jpg,1,0,0.39422718
c866d1a07.jpg,2,0,0.109115385
c866d1a07.jpg,3,0,0.5754929
c866d1a07.jpg,4,0,0.0048801554
c86f91dbf.jpg,1,0,0.06736591
c86f91dbf.jpg,2,0,0.050621282
c86f91dbf.jpg,3,1,0.86947656
c86f91dbf.jpg,4,0,0.0020350718
c870157d0.jpg,1,0,0.20867026
c870157d0.jpg,2,0,0.44055524
c870157d0.jpg,3,0,0.38216388
c870157d0.jpg,4,0,0.0075601824
c8766c2b0.jpg,1,0,0.17638622
c8766c2b0.jpg,2,0,0.02905591
c8766c2b0.jpg,3,1,0.6236219
c8766c2b0.jpg,4,0,0.13441695
c87a69e9e.jpg,1,0,0.03857528
c87a69e9e.jpg,2,0,0.11258673
c87a69e9e.jpg,3,1,0.80756944
c87a69e9e.jpg,4,0,0.037482787
c88afd888.jpg,1,0,0.24063116
c88afd888.jpg,2,0,0.03580559
c88afd888.jpg,3,1,0.67360264
c88afd888.jpg,4,0,0.021251574
c8d5e181c.jpg,1,0,0.25626993
c8d5e181c.jpg,2,0,0.04478861
c8d5e181c.jpg,3,0,0.5254401
c8d5e181c.jpg,4,0,0.039427202
c8d6c7276.jpg,1,0,0.028074792
c8d6c7276.jpg,2,0,0.024656741
c8d6c7276.jpg,3,0,0.591804
c8d6c7276.jpg,4,1,0.67227024
c8f2d68aa.jpg,1,0,0.14592147
c8f2d68aa.jpg,2,0,0.0038814282
c8f2d68aa.jpg,3,1,0.6484116
c8f2d68aa.jpg,4,0,0.3988743
c90749e10.jpg,1,0,0.021531247
c90749e10.jpg,2,0,0.010353339
c90749e10.jpg,3,0,0.37212095
c90749e10.jpg,4,1,0.8538142
c90f155dd.jpg,1,0,0.21957089
c90f155dd.jpg,2,0,0.091510795
c90f155dd.jpg,3,0,0.55186504
c90f155dd.jpg,4,0,0.005661733
c9105ebaa.jpg,1,0,0.0641592
c9105ebaa.jpg,2,0,0.043290135
c9105ebaa.jpg,3,1,0.67611164
c9105ebaa.jpg,4,0,0.106388755
c91c10abe.jpg,1,0,0.37962678
c91c10abe.jpg,2,0,0.4889606
c91c10abe.jpg,3,0,0.23068589
c91c10abe.jpg,4,0,0.0033763137
c91c8c515.jpg,1,0,0.26653033
c91c8c515.jpg,2,0,0.4369061
c91c8c515.jpg,3,0,0.49113166
c91c8c515.jpg,4,0,0.004352138
c9283c89c.jpg,1,0,0.37674797
c9283c89c.jpg,2,0,0.052368496
c9283c89c.jpg,3,0,0.50746423
c9283c89c.jpg,4,0,0.021097891
c93217423.jpg,1,0,0.314848
c93217423.jpg,2,0,0.065389134
c93217423.jpg,3,0,0.5813461
c93217423.jpg,4,0,0.003716901
c936baa0d.jpg,1,0,0.39940253
c936baa0d.jpg,2,0,0.57725775
c936baa0d.jpg,3,0,0.23895037
c936baa0d.jpg,4,0,0.0048300293
c9462b670.jpg,1,0,0.0718534
c9462b670.jpg,2,0,0.024587194
c9462b670.jpg,3,1,0.8154697
c9462b670.jpg,4,0,0.053611975
c95842fe0.jpg,1,0,0.020879993
c95842fe0.jpg,2,0,0.0026149119
c95842fe0.jpg,3,1,0.7963658
c95842fe0.jpg,4,0,0.2726177
c95a0bde3.jpg,1,0,0.029749146
c95a0bde3.jpg,2,0,0.09495016
c95a0bde3.jpg,3,1,0.8015668
c95a0bde3.jpg,4,0,0.031438787
c95cf5ff4.jpg,1,0,0.017730722
c95cf5ff4.jpg,2,0,0.0041001383
c95cf5ff4.jpg,3,1,0.61263186
c95cf5ff4.jpg,4,1,0.6848507
c96562a3f.jpg,1,0,0.2538263
c96562a3f.jpg,2,0,0.010476444
c96562a3f.jpg,3,1,0.7581579
c96562a3f.jpg,4,0,0.009175895
c96a11fda.jpg,1,0,0.5231582
c96a11fda.jpg,2,0,0.016063305
c96a11fda.jpg,3,0,0.5131003
c96a11fda.jpg,4,0,0.017424349
c9737bd79.jpg,1,0,0.23341574
c9737bd79.jpg,2,0,0.023918757
c9737bd79.jpg,3,1,0.7300985
c9737bd79.jpg,4,0,0.04451487
c9a829f1d.jpg,1,0,0.17482282
c9a829f1d.jpg,2,0,0.19659449
c9a829f1d.jpg,3,0,0.50601333
c9a829f1d.jpg,4,0,0.043179575
c9c288694.jpg,1,0,0.09757357
c9c288694.jpg,2,0,0.03294296
c9c288694.jpg,3,1,0.7006549
c9c288694.jpg,4,0,0.19216196
c9c83d676.jpg,1,0,0.24016194
c9c83d676.jpg,2,0,0.18365806
c9c83d676.jpg,3,0,0.3780024
c9c83d676.jpg,4,0,0.2399538
c9ca9769f.jpg,1,0,0.031134909
c9ca9769f.jpg,2,0,0.12344552
c9ca9769f.jpg,3,1,0.88645244
c9ca9769f.jpg,4,0,0.0057998165
c9d337d08.jpg,1,0,0.45093966
c9d337d08.jpg,2,0,0.0972875
c9d337d08.jpg,3,0,0.39923513
c9d337d08.jpg,4,0,0.024477772
c9dd6af37.jpg,1,0,0.35860905
c9dd6af37.jpg,2,0,0.18365633
c9dd6af37.jpg,3,1,0.62108713
c9dd6af37.jpg,4,0,0.012171359
c9de6ccd8.jpg,1,0,0.032968465
c9de6ccd8.jpg,2,0,0.02040591
c9de6ccd8.jpg,3,1,0.85423404
c9de6ccd8.jpg,4,0,0.026913792
c9e2ce466.jpg,1,0,0.2010436
c9e2ce466.jpg,2,0,0.39638624
c9e2ce466.jpg,3,0,0.4818665
c9e2ce466.jpg,4,0,0.0029267825
c9e624247.jpg,1,0,0.23202546
c9e624247.jpg,2,0,0.0295206
c9e624247.jpg,3,1,0.6326271
c9e624247.jpg,4,0,0.013145667
ca006d837.jpg,1,0,0.01765501
ca006d837.jpg,2,0,0.0022002303
ca006d837.jpg,3,1,0.8492422
ca006d837.jpg,4,0,0.11785454
ca06f386b.jpg,1,0,0.04191299
ca06f386b.jpg,2,0,0.11944407
ca06f386b.jpg,3,1,0.80316705
ca06f386b.jpg,4,0,0.03433766
ca0cc6593.jpg,1,0,0.22435088
ca0cc6593.jpg,2,0,0.046076808
ca0cc6593.jpg,3,1,0.70775753
ca0cc6593.jpg,4,0,0.11249232
ca2cf67cd.jpg,1,0,0.38393041
ca2cf67cd.jpg,2,1,0.63673884
ca2cf67cd.jpg,3,0,0.27926147
ca2cf67cd.jpg,4,0,0.0037154194
ca3f36941.jpg,1,0,0.5959954
ca3f36941.jpg,2,0,0.058225498
ca3f36941.jpg,3,0,0.3194746
ca3f36941.jpg,4,0,0.008507848
ca488bf0c.jpg,1,0,0.0380645
ca488bf0c.jpg,2,0,0.022346646
ca488bf0c.jpg,3,0,0.27023488
ca488bf0c.jpg,4,1,0.70347023
ca57b6361.jpg,1,0,0.06299822
ca57b6361.jpg,2,0,0.008641125
ca57b6361.jpg,3,1,0.9048125
ca57b6361.jpg,4,0,0.013725296
ca7eae31a.jpg,1,0,0.018892197
ca7eae31a.jpg,2,0,0.009812399
ca7eae31a.jpg,3,0,0.31501177
ca7eae31a.jpg,4,1,0.8234181
ca8cb4053.jpg,1,0,0.3552601
ca8cb4053.jpg,2,0,0.4603666
ca8cb4053.jpg,3,0,0.35400116
ca8cb4053.jpg,4,0,0.006472426
caa22ee7b.jpg,1,0,0.075284295
caa22ee7b.jpg,2,0,0.0032680861
caa22ee7b.jpg,3,0,0.42406723
caa22ee7b.jpg,4,0,0.01929896
caa97f186.jpg,1,0,0.32089373
caa97f186.jpg,2,0,0.2962467
caa97f186.jpg,3,0,0.49484432
caa97f186.jpg,4,0,0.00819462
caaa39713.jpg,1,0,0.15251386
caaa39713.jpg,2,0,0.13392873
caaa39713.jpg,3,0,0.5659028
caaa39713.jpg,4,0,0.02526514
cabb682ba.jpg,1,1,0.64657825
cabb682ba.jpg,2,0,0.07610163
cabb682ba.jpg,3,0,0.3689034
cabb682ba.jpg,4,0,0.008764901
cace69ac5.jpg,1,0,0.031632397
cace69ac5.jpg,2,0,0.00422214
cace69ac5.jpg,3,1,0.90781254
cace69ac5.jpg,4,0,0.012696792
cad8af606.jpg,1,0,0.5360128
cad8af606.jpg,2,0,0.029568529
cad8af606.jpg,3,0,0.4470409
cad8af606.jpg,4,0,0.017421426
caf4103e1.jpg,1,0,0.045990404
caf4103e1.jpg,2,0,0.02297668
caf4103e1.jpg,3,1,0.89044636
caf4103e1.jpg,4,0,0.0023114656
cafc3c0f8.jpg,1,0,0.24266285
cafc3c0f8.jpg,2,0,0.103085876
cafc3c0f8.jpg,3,1,0.71728474
cafc3c0f8.jpg,4,0,0.004909647
cb058c4b6.jpg,1,0,0.2696847
cb058c4b6.jpg,2,0,0.35618612
cb058c4b6.jpg,3,0,0.41558847
cb058c4b6.jpg,4,0,0.0051229503
cb17da791.jpg,1,0,0.09343231
cb17da791.jpg,2,0,0.01472072
cb17da791.jpg,3,1,0.82435393
cb17da791.jpg,4,0,0.019734278
cb241fa5d.jpg,1,0,0.02811767
cb241fa5d.jpg,2,0,0.0584919
cb241fa5d.jpg,3,1,0.89017147
cb241fa5d.jpg,4,0,0.011987634
cb28e4857.jpg,1,0,0.014433646
cb28e4857.jpg,2,0,0.0018706965
cb28e4857.jpg,3,1,0.60360545
cb28e4857.jpg,4,1,0.76889086
cb2ec6334.jpg,1,0,0.017340137
cb2ec6334.jpg,2,0,0.0044247583
cb2ec6334.jpg,3,1,0.814529
cb2ec6334.jpg,4,0,0.31880116
cb2f31dd9.jpg,1,0,0.011576097
cb2f31dd9.jpg,2,0,0.0057265703
cb2f31dd9.jpg,3,1,0.9227579
cb2f31dd9.jpg,4,0,0.0051491014
cb56debfc.jpg,1,0,0.41983306
cb56debfc.jpg,2,0,0.014630451
cb56debfc.jpg,3,0,0.4651713
cb56debfc.jpg,4,0,0.02145957
cb658b504.jpg,1,0,0.13595112
cb658b504.jpg,2,0,0.026636342
cb658b504.jpg,3,1,0.8656675
cb658b504.jpg,4,0,0.0021056887
cb6baf88f.jpg,1,0,0.2916103
cb6baf88f.jpg,2,0,0.01220489
cb6baf88f.jpg,3,1,0.73990697
cb6baf88f.jpg,4,0,0.01799151
cb6d21fbe.jpg,1,1,0.69648653
cb6d21fbe.jpg,2,0,0.12003208
cb6d21fbe.jpg,3,0,0.19998145
cb6d21fbe.jpg,4,0,0.016486792
cb79736be.jpg,1,0,0.1977302
cb79736be.jpg,2,0,0.004927061
cb79736be.jpg,3,1,0.62108475
cb79736be.jpg,4,0,0.027626716
cb79d5976.jpg,1,0,0.3434963
cb79d5976.jpg,2,0,0.07548705
cb79d5976.jpg,3,0,0.5911294
cb79d5976.jpg,4,0,0.0035921435
cb82292d7.jpg,1,0,0.45852932
cb82292d7.jpg,2,0,0.02774167
cb82292d7.jpg,3,0,0.5737747
cb82292d7.jpg,4,0,0.045346666
cb86f76ff.jpg,1,1,0.72926944
cb86f76ff.jpg,2,0,0.026282003
cb86f76ff.jpg,3,0,0.25750393
cb86f76ff.jpg,4,0,0.026157109
cb8ef1b52.jpg,1,0,0.4088947
cb8ef1b52.jpg,2,0,0.09702364
cb8ef1b52.jpg,3,0,0.33701923
cb8ef1b52.jpg,4,0,0.0064245346
cba3fdc7a.jpg,1,0,0.39565787
cba3fdc7a.jpg,2,0,0.0064260494
cba3fdc7a.jpg,3,1,0.7034778
cba3fdc7a.jpg,4,0,0.01129476
cbaa03f3a.jpg,1,0,0.17007935
cbaa03f3a.jpg,2,0,0.0040757773
cbaa03f3a.jpg,3,1,0.6314461
cbaa03f3a.jpg,4,0,0.009198816
cbb1d7ff5.jpg,1,0,0.0426024
cbb1d7ff5.jpg,2,0,0.0061907214
cbb1d7ff5.jpg,3,0,0.36190462
cbb1d7ff5.jpg,4,1,0.777966
cbb57da24.jpg,1,0,0.025545724
cbb57da24.jpg,2,0,0.06487484
cbb57da24.jpg,3,1,0.80506855
cbb57da24.jpg,4,0,0.0137624005
cbbd588a7.jpg,1,0,0.19330956
cbbd588a7.jpg,2,0,0.10708002
cbbd588a7.jpg,3,1,0.65407807
cbbd588a7.jpg,4,0,0.109801
cbc03f38d.jpg,1,0,0.10742151
cbc03f38d.jpg,2,0,0.028053274
cbc03f38d.jpg,3,1,0.79043406
cbc03f38d.jpg,4,0,0.03508761
cbc8837d1.jpg,1,0,0.0098681245
cbc8837d1.jpg,2,0,0.0018578839
cbc8837d1.jpg,3,1,0.83369637
cbc8837d1.jpg,4,0,0.13500227
cc069dc99.jpg,1,0,0.04994972
cc069dc99.jpg,2,0,0.38197026
cc069dc99.jpg,3,1,0.7557114
cc069dc99.jpg,4,0,0.0082668755
cc0754ca6.jpg,1,1,0.61924356
cc0754ca6.jpg,2,0,0.11192026
cc0754ca6.jpg,3,0,0.450629
cc0754ca6.jpg,4,0,0.024532622
cc1d2e3ed.jpg,1,0,0.07398116
cc1d2e3ed.jpg,2,0,0.05467118
cc1d2e3ed.jpg,3,1,0.8750822
cc1d2e3ed.jpg,4,0,0.0022933488
cc2131e0b.jpg,1,0,0.026570102
cc2131e0b.jpg,2,0,0.005481068
cc2131e0b.jpg,3,1,0.9153271
cc2131e0b.jpg,4,0,0.0105253
cc33570d3.jpg,1,0,0.019198677
cc33570d3.jpg,2,0,0.0012679504
cc33570d3.jpg,3,1,0.9437732
cc33570d3.jpg,4,0,0.012198195
cc53db07e.jpg,1,0,0.4687414
cc53db07e.jpg,2,0,0.0094478205
cc53db07e.jpg,3,0,0.37897202
cc53db07e.jpg,4,0,0.3793303
cc543c089.jpg,1,0,0.59286433
cc543c089.jpg,2,0,0.03408948
cc543c089.jpg,3,0,0.5465266
cc543c089.jpg,4,0,0.006893597
cc5a45f4b.jpg,1,0,0.016895574
cc5a45f4b.jpg,2,0,0.0017989362
cc5a45f4b.jpg,3,1,0.9128897
cc5a45f4b.jpg,4,0,0.12041253
cc5d47ef1.jpg,1,0,0.31807187
cc5d47ef1.jpg,2,0,0.13525409
cc5d47ef1.jpg,3,1,0.6709066
cc5d47ef1.jpg,4,0,0.0053358446
cc68f6266.jpg,1,0,0.10832674
cc68f6266.jpg,2,0,0.023824072
cc68f6266.jpg,3,1,0.7692735
cc68f6266.jpg,4,0,0.011985128
cc6e5e804.jpg,1,0,0.01046865
cc6e5e804.jpg,2,0,0.0018195924
cc6e5e804.jpg,3,0,0.5351998
cc6e5e804.jpg,4,1,0.81221837
cc75529a8.jpg,1,0,0.03373398
cc75529a8.jpg,2,0,0.014359771
cc75529a8.jpg,3,0,0.25392747
cc75529a8.jpg,4,1,0.6393304
cc889c09c.jpg,1,0,0.24844949
cc889c09c.jpg,2,0,0.00849947
cc889c09c.jpg,3,0,0.46013817
cc889c09c.jpg,4,0,0.09405158
cc97fd78b.jpg,1,0,0.35658303
cc97fd78b.jpg,2,0,0.449976
cc97fd78b.jpg,3,0,0.38146892
cc97fd78b.jpg,4,0,0.004712067
cc9ddbc17.jpg,1,0,0.20571016
cc9ddbc17.jpg,2,0,0.109332174
cc9ddbc17.jpg,3,0,0.5672001
cc9ddbc17.jpg,4,0,0.05524309
ccab9ac6a.jpg,1,0,0.026926802
ccab9ac6a.jpg,2,0,0.0063658417
ccab9ac6a.jpg,3,0,0.56712866
ccab9ac6a.jpg,4,1,0.7815521
ccb37910c.jpg,1,0,0.21938248
ccb37910c.jpg,2,0,0.06033036
ccb37910c.jpg,3,1,0.6827395
ccb37910c.jpg,4,0,0.084615864
ccb799c73.jpg,1,0,0.057355005
ccb799c73.jpg,2,0,0.017289685
ccb799c73.jpg,3,1,0.8443778
ccb799c73.jpg,4,0,0.009860718
ccba8b288.jpg,1,0,0.011402611
ccba8b288.jpg,2,0,0.0012686119
ccba8b288.jpg,3,0,0.49673772
ccba8b288.jpg,4,0,0.58437437
ccbf31fea.jpg,1,0,0.0320784
ccbf31fea.jpg,2,0,0.050906345
ccbf31fea.jpg,3,1,0.7183697
ccbf31fea.jpg,4,0,0.27642357
ccd4bb323.jpg,1,0,0.2873264
ccd4bb323.jpg,2,0,0.006545514
ccd4bb323.jpg,3,1,0.7418523
ccd4bb323.jpg,4,0,0.007098425
cce86d44a.jpg,1,0,0.57701486
cce86d44a.jpg,2,0,0.050545666
cce86d44a.jpg,3,0,0.19375245
cce86d44a.jpg,4,0,0.0059883487
cced384bc.jpg,1,0,0.4391946
cced384bc.jpg,2,1,0.6465748
cced384bc.jpg,3,0,0.2770038
cced384bc.jpg,4,0,0.0028113325
ccf05f04c.jpg,1,0,0.046914715
ccf05f04c.jpg,2,0,0.029832968
ccf05f04c.jpg,3,1,0.89492536
ccf05f04c.jpg,4,0,0.0021047005
ccf3d81d8.jpg,1,0,0.16460118
ccf3d81d8.jpg,2,0,0.08897375
ccf3d81d8.jpg,3,1,0.7279914
ccf3d81d8.jpg,4,0,0.034877874
cd17f385a.jpg,1,0,0.06373633
cd17f385a.jpg,2,0,0.034129195
cd17f385a.jpg,3,1,0.8689905
cd17f385a.jpg,4,0,0.001974269
cd2495b76.jpg,1,0,0.49430034
cd2495b76.jpg,2,0,0.003013559
cd2495b76.jpg,3,1,0.7284233
cd2495b76.jpg,4,0,0.006689571
cd2c6a9f6.jpg,1,0,0.3709158
cd2c6a9f6.jpg,2,0,0.0112492265
cd2c6a9f6.jpg,3,0,0.5903417
cd2c6a9f6.jpg,4,0,0.008980126
cd3ad295e.jpg,1,0,0.26156625
cd3ad295e.jpg,2,0,0.101964034
cd3ad295e.jpg,3,0,0.52455056
cd3ad295e.jpg,4,0,0.11675873
cd3c63a35.jpg,1,0,0.29123375
cd3c63a35.jpg,2,0,0.19908874
cd3c63a35.jpg,3,1,0.67242604
cd3c63a35.jpg,4,0,0.0040375404
cd3eafdf3.jpg,1,1,0.69405144
cd3eafdf3.jpg,2,0,0.012417916
cd3eafdf3.jpg,3,0,0.21327563
cd3eafdf3.jpg,4,0,0.055351447
cd49f2ad2.jpg,1,0,0.13502143
cd49f2ad2.jpg,2,1,0.6363756
cd49f2ad2.jpg,3,0,0.29003647
cd49f2ad2.jpg,4,0,0.026088169
cd52e274e.jpg,1,0,0.09676478
cd52e274e.jpg,2,0,0.03388642
cd52e274e.jpg,3,1,0.88033104
cd52e274e.jpg,4,0,0.002331775
cd5d3b767.jpg,1,0,0.060923416
cd5d3b767.jpg,2,0,0.034173474
cd5d3b767.jpg,3,1,0.8751245
cd5d3b767.jpg,4,0,0.0026277266
cd728676f.jpg,1,0,0.3473371
cd728676f.jpg,2,0,0.085266136
cd728676f.jpg,3,0,0.54359263
cd728676f.jpg,4,0,0.005667671
cd75780c0.jpg,1,1,0.6826996
cd75780c0.jpg,2,0,0.082281955
cd75780c0.jpg,3,0,0.20379184
cd75780c0.jpg,4,0,0.007174086
cd90e9e2f.jpg,1,0,0.13712889
cd90e9e2f.jpg,2,0,0.022461139
cd90e9e2f.jpg,3,1,0.8357136
cd90e9e2f.jpg,4,0,0.018686451
cd959786a.jpg,1,0,0.47838715
cd959786a.jpg,2,0,0.012078732
cd959786a.jpg,3,0,0.5097564
cd959786a.jpg,4,0,0.043996632
cda0f0c35.jpg,1,0,0.083535224
cda0f0c35.jpg,2,0,0.030019425
cda0f0c35.jpg,3,1,0.864501
cda0f0c35.jpg,4,0,0.002859125
cdad0968a.jpg,1,0,0.06991129
cdad0968a.jpg,2,0,0.008071543
cdad0968a.jpg,3,1,0.8812931
cdad0968a.jpg,4,0,0.0022585334
cdb0eeaf8.jpg,1,0,0.41195205
cdb0eeaf8.jpg,2,0,0.030613927
cdb0eeaf8.jpg,3,1,0.68266934
cdb0eeaf8.jpg,4,0,0.020446325
cdc12746f.jpg,1,0,0.4175129
cdc12746f.jpg,2,0,0.33765936
cdc12746f.jpg,3,0,0.44637814
cdc12746f.jpg,4,0,0.004219137
cddb0e896.jpg,1,0,0.025028124
cddb0e896.jpg,2,0,0.013098691
cddb0e896.jpg,3,0,0.22097595
cddb0e896.jpg,4,0,0.3364273
cde3fa486.jpg,1,0,0.048200507
cde3fa486.jpg,2,0,0.029607227
cde3fa486.jpg,3,1,0.88884574
cde3fa486.jpg,4,0,0.0024087334
cde486dbf.jpg,1,0,0.2928538
cde486dbf.jpg,2,0,0.0062779593
cde486dbf.jpg,3,1,0.7894997
cde486dbf.jpg,4,0,0.012129016
cdf4b12a8.jpg,1,0,0.05282904
cdf4b12a8.jpg,2,0,0.035424143
cdf4b12a8.jpg,3,1,0.86502075
cdf4b12a8.jpg,4,0,0.0017561481
cdfb634a5.jpg,1,0,0.07030936
cdfb634a5.jpg,2,0,0.030259969
cdfb634a5.jpg,3,1,0.87243134
cdfb634a5.jpg,4,0,0.0022385146
cdfd3ccb8.jpg,1,0,0.019413516
cdfd3ccb8.jpg,2,0,0.002184389
cdfd3ccb8.jpg,3,1,0.9313399
cdfd3ccb8.jpg,4,0,0.009662609
ce1595255.jpg,1,1,0.7906451
ce1595255.jpg,2,0,0.0071112607
ce1595255.jpg,3,0,0.20397629
ce1595255.jpg,4,0,0.034404267
ce1c08011.jpg,1,0,0.47946858
ce1c08011.jpg,2,0,0.2115543
ce1c08011.jpg,3,0,0.55457145
ce1c08011.jpg,4,0,0.0042860187
ce1c2cb55.jpg,1,0,0.2128291
ce1c2cb55.jpg,2,0,0.005732024
ce1c2cb55.jpg,3,1,0.760073
ce1c2cb55.jpg,4,0,0.020058978
ce1c6976b.jpg,1,0,0.091818005
ce1c6976b.jpg,2,0,0.006861039
ce1c6976b.jpg,3,1,0.89173627
ce1c6976b.jpg,4,0,0.016471604
ce200ee33.jpg,1,1,0.61612505
ce200ee33.jpg,2,0,0.02695553
ce200ee33.jpg,3,0,0.29477128
ce200ee33.jpg,4,0,0.013161165
ce2dc1341.jpg,1,0,0.030836357
ce2dc1341.jpg,2,0,0.014192191
ce2dc1341.jpg,3,1,0.8834259
ce2dc1341.jpg,4,0,0.0032581862
ce3520141.jpg,1,0,0.08561346
ce3520141.jpg,2,0,0.0075602536
ce3520141.jpg,3,1,0.9149106
ce3520141.jpg,4,0,0.0039703846
ce3cb19ad.jpg,1,0,0.03272402
ce3cb19ad.jpg,2,0,0.0031037878
ce3cb19ad.jpg,3,1,0.77282614
ce3cb19ad.jpg,4,0,0.010533673
ce5786cf4.jpg,1,0,0.38726404
ce5786cf4.jpg,2,0,0.019308891
ce5786cf4.jpg,3,0,0.40916744
ce5786cf4.jpg,4,0,0.011248075
ce6170a7f.jpg,1,0,0.116345026
ce6170a7f.jpg,2,0,0.27911377
ce6170a7f.jpg,3,1,0.64162076
ce6170a7f.jpg,4,0,0.0029975718
ce65e3cb7.jpg,1,0,0.55301875
ce65e3cb7.jpg,2,0,0.06824467
ce65e3cb7.jpg,3,0,0.30191386
ce65e3cb7.jpg,4,0,0.0055181556
ce81ef3e1.jpg,1,1,0.61695343
ce81ef3e1.jpg,2,0,0.041217923
ce81ef3e1.jpg,3,0,0.27935445
ce81ef3e1.jpg,4,0,0.020122604
ce8b43c3f.jpg,1,0,0.31004193
ce8b43c3f.jpg,2,0,0.11354303
ce8b43c3f.jpg,3,0,0.5000515
ce8b43c3f.jpg,4,0,0.04334895
ce8cd04be.jpg,1,0,0.08407799
ce8cd04be.jpg,2,0,0.06708139
ce8cd04be.jpg,3,1,0.8398819
ce8cd04be.jpg,4,0,0.0033228786
ce8df86bc.jpg,1,0,0.03695965
ce8df86bc.jpg,2,0,0.0043971483
ce8df86bc.jpg,3,1,0.91095036
ce8df86bc.jpg,4,0,0.011448276
ceae81fba.jpg,1,0,0.46726468
ceae81fba.jpg,2,0,0.045134217
ceae81fba.jpg,3,0,0.58617634
ceae81fba.jpg,4,0,0.01054839
ceaf613db.jpg,1,0,0.049066648
ceaf613db.jpg,2,0,0.012200178
ceaf613db.jpg,3,1,0.8778412
ceaf613db.jpg,4,0,0.015198422
cebaf478d.jpg,1,0,0.042869072
cebaf478d.jpg,2,0,0.057604056
cebaf478d.jpg,3,1,0.84473974
cebaf478d.jpg,4,0,0.009294327
ced84b70e.jpg,1,0,0.05609013
ced84b70e.jpg,2,0,0.014837883
ced84b70e.jpg,3,1,0.9056774
ced84b70e.jpg,4,0,0.0032329021
cedb843a0.jpg,1,1,0.6701152
cedb843a0.jpg,2,0,0.10985056
cedb843a0.jpg,3,0,0.3382896
cedb843a0.jpg,4,0,0.011771659
cef061073.jpg,1,0,0.08853463
cef061073.jpg,2,0,0.051546056
cef061073.jpg,3,1,0.80530596
cef061073.jpg,4,0,0.022060746
cef1fc34d.jpg,1,0,0.44252416
cef1fc34d.jpg,2,0,0.5787825
cef1fc34d.jpg,3,0,0.27956197
cef1fc34d.jpg,4,0,0.004246045
cf01f1683.jpg,1,0,0.3925964
cf01f1683.jpg,2,0,0.5645257
cf01f1683.jpg,3,0,0.3193598
cf01f1683.jpg,4,0,0.00500896
cf0483836.jpg,1,0,0.1757281
cf0483836.jpg,2,0,0.012922093
cf0483836.jpg,3,1,0.7655117
cf0483836.jpg,4,0,0.010681934
cf06b295a.jpg,1,0,0.16388829
cf06b295a.jpg,2,1,0.6982474
cf06b295a.jpg,3,0,0.21276413
cf06b295a.jpg,4,0,0.024801547
cf075fd69.jpg,1,0,0.100219004
cf075fd69.jpg,2,0,0.037687507
cf075fd69.jpg,3,1,0.8590705
cf075fd69.jpg,4,0,0.0026364578
cf15d9341.jpg,1,0,0.058750626
cf15d9341.jpg,2,0,0.04476661
cf15d9341.jpg,3,1,0.8542652
cf15d9341.jpg,4,0,0.004975498
cf212fd7f.jpg,1,0,0.28083608
cf212fd7f.jpg,2,0,0.044859473
cf212fd7f.jpg,3,1,0.60627615
cf212fd7f.jpg,4,0,0.020555409
cf2308a94.jpg,1,0,0.5118832
cf2308a94.jpg,2,0,0.43519711
cf2308a94.jpg,3,0,0.31012273
cf2308a94.jpg,4,0,0.0047987984
cf26564c9.jpg,1,0,0.015260362
cf26564c9.jpg,2,0,0.001997391
cf26564c9.jpg,3,1,0.92719454
cf26564c9.jpg,4,0,0.015128069
cf330222a.jpg,1,0,0.44009063
cf330222a.jpg,2,0,0.065966055
cf330222a.jpg,3,0,0.38048387
cf330222a.jpg,4,0,0.05696438
cf4fe3225.jpg,1,0,0.5952337
cf4fe3225.jpg,2,0,0.0063989963
cf4fe3225.jpg,3,1,0.65343213
cf4fe3225.jpg,4,0,0.007831194
cf57a69f6.jpg,1,0,0.10122462
cf57a69f6.jpg,2,0,0.021157613
cf57a69f6.jpg,3,1,0.7818835
cf57a69f6.jpg,4,0,0.0771048
cf6df9053.jpg,1,1,0.6887136
cf6df9053.jpg,2,0,0.055907782
cf6df9053.jpg,3,0,0.21828401
cf6df9053.jpg,4,0,0.0072743767
cf7510194.jpg,1,0,0.11094449
cf7510194.jpg,2,0,0.0037187838
cf7510194.jpg,3,1,0.7533482
cf7510194.jpg,4,0,0.028390428
cf88bcfdc.jpg,1,0,0.033638556
cf88bcfdc.jpg,2,0,0.014804863
cf88bcfdc.jpg,3,1,0.8868666
cf88bcfdc.jpg,4,0,0.0041164416
cf8c73e61.jpg,1,0,0.042109225
cf8c73e61.jpg,2,0,0.02247523
cf8c73e61.jpg,3,1,0.85782003
cf8c73e61.jpg,4,0,0.01133838
cf8c8b49f.jpg,1,0,0.16508083
cf8c8b49f.jpg,2,0,0.06769117
cf8c8b49f.jpg,3,1,0.72223574
cf8c8b49f.jpg,4,0,0.020397369
cf9e18f39.jpg,1,0,0.11180294
cf9e18f39.jpg,2,0,0.013266587
cf9e18f39.jpg,3,1,0.8675224
cf9e18f39.jpg,4,0,0.006165476
cfa100338.jpg,1,0,0.4488274
cfa100338.jpg,2,0,0.10802529
cfa100338.jpg,3,0,0.46834743
cfa100338.jpg,4,0,0.0074679716
cfad161fa.jpg,1,0,0.2904056
cfad161fa.jpg,2,0,0.0758186
cfad161fa.jpg,3,1,0.7209045
cfad161fa.jpg,4,0,0.012219499
cfc1f177e.jpg,1,0,0.5226347
cfc1f177e.jpg,2,0,0.005957676
cfc1f177e.jpg,3,1,0.6417957
cfc1f177e.jpg,4,0,0.00583248
cfd15babc.jpg,1,0,0.1792777
cfd15babc.jpg,2,0,0.0048208046
cfd15babc.jpg,3,1,0.903995
cfd15babc.jpg,4,0,0.0052134753
cfd617c99.jpg,1,0,0.058680654
cfd617c99.jpg,2,0,0.5899927
cfd617c99.jpg,3,0,0.53671694
cfd617c99.jpg,4,0,0.0023105398
cfdde1e9d.jpg,1,0,0.20769824
cfdde1e9d.jpg,2,1,0.7141178
cfdde1e9d.jpg,3,0,0.17359708
cfdde1e9d.jpg,4,0,0.0143061215
cfe180664.jpg,1,0,0.07358245
cfe180664.jpg,2,0,0.0046548205
cfe180664.jpg,3,1,0.8208534
cfe180664.jpg,4,0,0.011514234
cfe3be217.jpg,1,0,0.37737474
cfe3be217.jpg,2,0,0.5545328
cfe3be217.jpg,3,0,0.31504226
cfe3be217.jpg,4,0,0.0042254208
cfe5611d6.jpg,1,0,0.0116867805
cfe5611d6.jpg,2,0,0.0018115445
cfe5611d6.jpg,3,1,0.90115243
cfe5611d6.jpg,4,0,0.0720694
cfeecacf4.jpg,1,0,0.026210854
cfeecacf4.jpg,2,0,0.0075029233
cfeecacf4.jpg,3,0,0.36627316
cfeecacf4.jpg,4,1,0.7295179
cff7083bf.jpg,1,0,0.13081111
cff7083bf.jpg,2,0,0.011420269
cff7083bf.jpg,3,1,0.8038438
cff7083bf.jpg,4,0,0.11519418
cffcdfcc7.jpg,1,0,0.033945266
cffcdfcc7.jpg,2,0,0.061038416
cffcdfcc7.jpg,3,0,0.52399814
cffcdfcc7.jpg,4,0,0.32174042
d01856bb9.jpg,1,0,0.04944105
d01856bb9.jpg,2,0,0.030720979
d01856bb9.jpg,3,1,0.89383084
d01856bb9.jpg,4,0,0.004360964
d01da361f.jpg,1,0,0.23917292
d01da361f.jpg,2,0,0.16621743
d01da361f.jpg,3,1,0.7009194
d01da361f.jpg,4,0,0.004161874
d026bc8f6.jpg,1,0,0.049513247
d026bc8f6.jpg,2,0,0.009286405
d026bc8f6.jpg,3,0,0.33676764
d026bc8f6.jpg,4,1,0.75361866
d02b355a6.jpg,1,0,0.044810724
d02b355a6.jpg,2,0,0.016888104
d02b355a6.jpg,3,1,0.73392797
d02b355a6.jpg,4,0,0.071164325
d02cbfe3f.jpg,1,0,0.5956882
d02cbfe3f.jpg,2,0,0.4568441
d02cbfe3f.jpg,3,0,0.15439105
d02cbfe3f.jpg,4,0,0.025402637
d04a7fb6c.jpg,1,0,0.123623885
d04a7fb6c.jpg,2,0,0.026730137
d04a7fb6c.jpg,3,1,0.8144807
d04a7fb6c.jpg,4,0,0.0034410313
d04f206a1.jpg,1,0,0.11544923
d04f206a1.jpg,2,0,0.07297487
d04f206a1.jpg,3,1,0.6316674
d04f206a1.jpg,4,0,0.19822198
d0793e6b2.jpg,1,0,0.07180075
d0793e6b2.jpg,2,0,0.06368282
d0793e6b2.jpg,3,1,0.85777664
d0793e6b2.jpg,4,0,0.003265012
d0a61fb79.jpg,1,0,0.17129129
d0a61fb79.jpg,2,0,0.059818637
d0a61fb79.jpg,3,1,0.7516481
d0a61fb79.jpg,4,0,0.005934617
d0c788032.jpg,1,1,0.66841006
d0c788032.jpg,2,0,0.037927322
d0c788032.jpg,3,0,0.1955149
d0c788032.jpg,4,0,0.009031875
d0cc23544.jpg,1,0,0.026659654
d0cc23544.jpg,2,0,0.007186688
d0cc23544.jpg,3,1,0.8463259
d0cc23544.jpg,4,0,0.0879125
d0cee7515.jpg,1,0,0.034776147
d0cee7515.jpg,2,0,0.023661042
d0cee7515.jpg,3,1,0.872503
d0cee7515.jpg,4,0,0.005016802
d0d0681d3.jpg,1,0,0.47950843
d0d0681d3.jpg,2,0,0.01920708
d0d0681d3.jpg,3,0,0.23832346
d0d0681d3.jpg,4,0,0.03147116
d0dd75bf3.jpg,1,0,0.025457101
d0dd75bf3.jpg,2,0,0.004869135
d0dd75bf3.jpg,3,1,0.72480613
d0dd75bf3.jpg,4,0,0.02647158
d0e50871e.jpg,1,1,0.7759277
d0e50871e.jpg,2,0,0.019197231
d0e50871e.jpg,3,0,0.13379538
d0e50871e.jpg,4,0,0.005511116
d0f83a37f.jpg,1,0,0.027183965
d0f83a37f.jpg,2,0,0.0028006425
d0f83a37f.jpg,3,0,0.52883095
d0f83a37f.jpg,4,0,0.5319676
d1010eb14.jpg,1,0,0.11720402
d1010eb14.jpg,2,0,0.057120297
d1010eb14.jpg,3,0,0.23443687
d1010eb14.jpg,4,0,0.0031670362
d1094a21e.jpg,1,0,0.16105986
d1094a21e.jpg,2,0,0.0088916505
d1094a21e.jpg,3,1,0.8490173
d1094a21e.jpg,4,0,0.010569248
d10aa3eaa.jpg,1,0,0.08005348
d10aa3eaa.jpg,2,0,0.013090915
d10aa3eaa.jpg,3,1,0.8953176
d10aa3eaa.jpg,4,0,0.0061342097
d118e5d28.jpg,1,0,0.2376617
d118e5d28.jpg,2,0,0.35292792
d118e5d28.jpg,3,1,0.6862883
d118e5d28.jpg,4,0,0.0030111305
d1697d11c.jpg,1,0,0.37739357
d1697d11c.jpg,2,0,0.015033979
d1697d11c.jpg,3,0,0.47960845
d1697d11c.jpg,4,0,0.076848544
d181eaa7a.jpg,1,0,0.38514292
d181eaa7a.jpg,2,0,0.55722827
d181eaa7a.jpg,3,0,0.31982985
d181eaa7a.jpg,4,0,0.0042474843
d18484293.jpg,1,0,0.023470558
d18484293.jpg,2,0,0.0041747545
d18484293.jpg,3,1,0.9224088
d18484293.jpg,4,0,0.02725435
d18e48954.jpg,1,0,0.030287847
d18e48954.jpg,2,0,0.009101451
d18e48954.jpg,3,1,0.8159682
d18e48954.jpg,4,0,0.023335429
d19f4f267.jpg,1,0,0.015216905
d19f4f267.jpg,2,0,0.0018688025
d19f4f267.jpg,3,1,0.92687446
d19f4f267.jpg,4,0,0.017399637
d1a765848.jpg,1,0,0.58596677
d1a765848.jpg,2,0,0.0049198265
d1a765848.jpg,3,0,0.5184862
d1a765848.jpg,4,0,0.024260158
d1ae5708a.jpg,1,0,0.031110419
d1ae5708a.jpg,2,0,0.0015688346
d1ae5708a.jpg,3,1,0.9514037
d1ae5708a.jpg,4,0,0.0036677883
d1af014c5.jpg,1,0,0.32842067
d1af014c5.jpg,2,0,0.08549074
d1af014c5.jpg,3,0,0.44817805
d1af014c5.jpg,4,0,0.18722959
d1b14f8de.jpg,1,0,0.019496791
d1b14f8de.jpg,2,0,0.0019440259
d1b14f8de.jpg,3,1,0.928742
d1b14f8de.jpg,4,0,0.012908245
d1b3aa6e7.jpg,1,1,0.7772191
d1b3aa6e7.jpg,2,0,0.02030384
d1b3aa6e7.jpg,3,0,0.14725997
d1b3aa6e7.jpg,4,0,0.006610561
d1d054d6f.jpg,1,0,0.015657075
d1d054d6f.jpg,2,0,0.0045282175
d1d054d6f.jpg,3,0,0.47818935
d1d054d6f.jpg,4,1,0.7466362
d1d1e5ce4.jpg,1,0,0.16567773
d1d1e5ce4.jpg,2,0,0.53885734
d1d1e5ce4.jpg,3,0,0.36663485
d1d1e5ce4.jpg,4,0,0.0036990482
d1dbcdd73.jpg,1,0,0.55702883
d1dbcdd73.jpg,2,0,0.0124030635
d1dbcdd73.jpg,3,0,0.29187807
d1dbcdd73.jpg,4,0,0.053829268
d1ebc9acf.jpg,1,0,0.23601349
d1ebc9acf.jpg,2,0,0.11244189
d1ebc9acf.jpg,3,0,0.43756464
d1ebc9acf.jpg,4,0,0.007176198
d1ffe3bb4.jpg,1,0,0.06485949
d1ffe3bb4.jpg,2,0,0.037140552
d1ffe3bb4.jpg,3,1,0.87136966
d1ffe3bb4.jpg,4,0,0.0022930044
d2033d01e.jpg,1,0,0.020379962
d2033d01e.jpg,2,0,0.0032264348
d2033d01e.jpg,3,1,0.6369073
d2033d01e.jpg,4,1,0.75868505
d20433c70.jpg,1,1,0.68180114
d20433c70.jpg,2,0,0.015502223
d20433c70.jpg,3,0,0.27560547
d20433c70.jpg,4,0,0.02832429
d20453181.jpg,1,0,0.26992077
d20453181.jpg,2,0,0.25771636
d20453181.jpg,3,1,0.60824746
d20453181.jpg,4,0,0.004833625
d22160e16.jpg,1,0,0.04889791
d22160e16.jpg,2,0,0.08037495
d22160e16.jpg,3,1,0.84528875
d22160e16.jpg,4,0,0.017154617
d221d2a3f.jpg,1,0,0.10168836
d221d2a3f.jpg,2,0,0.0249998
d221d2a3f.jpg,3,0,0.5712046
d221d2a3f.jpg,4,0,0.04927815
d22364fb6.jpg,1,1,0.7359975
d22364fb6.jpg,2,0,0.11678242
d22364fb6.jpg,3,0,0.15456305
d22364fb6.jpg,4,0,0.013113581
d22746d82.jpg,1,0,0.59065145
d22746d82.jpg,2,0,0.2500715
d22746d82.jpg,3,0,0.21943218
d22746d82.jpg,4,0,0.004025332
d23579fb1.jpg,1,0,0.54735714
d23579fb1.jpg,2,0,0.58833134
d23579fb1.jpg,3,0,0.14924008
d23579fb1.jpg,4,0,0.0051235836
d2482b60f.jpg,1,0,0.4358329
d2482b60f.jpg,2,0,0.02244634
d2482b60f.jpg,3,1,0.616003
d2482b60f.jpg,4,0,0.008408217
d249e6983.jpg,1,0,0.045205075
d249e6983.jpg,2,0,0.003282683
d249e6983.jpg,3,1,0.91311765
d249e6983.jpg,4,0,0.015767518
d25120582.jpg,1,0,0.011175287
d25120582.jpg,2,0,0.0036848176
d25120582.jpg,3,0,0.4264674
d25120582.jpg,4,1,0.7758667
d276348c3.jpg,1,0,0.09783033
d276348c3.jpg,2,0,0.035374697
d276348c3.jpg,3,0,0.47234407
d276348c3.jpg,4,0,0.30084944
d28f267cd.jpg,1,0,0.4239844
d28f267cd.jpg,2,0,0.014399096
d28f267cd.jpg,3,1,0.6410031
d28f267cd.jpg,4,0,0.011962351
d29833610.jpg,1,0,0.018907608
d29833610.jpg,2,0,0.0033991998
d29833610.jpg,3,1,0.90567154
d29833610.jpg,4,0,0.05245358
d2cc8297a.jpg,1,0,0.32967794
d2cc8297a.jpg,2,0,0.24435408
d2cc8297a.jpg,3,0,0.28144553
d2cc8297a.jpg,4,0,0.06491636
d2d0ce0d2.jpg,1,0,0.109061696
d2d0ce0d2.jpg,2,0,0.49150935
d2d0ce0d2.jpg,3,0,0.54986244
d2d0ce0d2.jpg,4,0,0.004406663
d30c49bd3.jpg,1,0,0.08922849
d30c49bd3.jpg,2,0,0.07890023
d30c49bd3.jpg,3,1,0.6700087
d30c49bd3.jpg,4,0,0.005404389
d3122844c.jpg,1,0,0.041887145
d3122844c.jpg,2,0,0.022899864
d3122844c.jpg,3,1,0.8939683
d3122844c.jpg,4,0,0.0018134889
d328fa7ca.jpg,1,0,0.07353432
d328fa7ca.jpg,2,0,0.00862254
d328fa7ca.jpg,3,1,0.8315866
d328fa7ca.jpg,4,0,0.06954541
d33a5afcf.jpg,1,0,0.022787983
d33a5afcf.jpg,2,0,0.0038891889
d33a5afcf.jpg,3,1,0.851772
d33a5afcf.jpg,4,0,0.10770967
d33dfa024.jpg,1,0,0.04068564
d33dfa024.jpg,2,0,0.01996837
d33dfa024.jpg,3,1,0.88055617
d33dfa024.jpg,4,0,0.0037031423
d34bd0f27.jpg,1,0,0.10124905
d34bd0f27.jpg,2,0,0.020838372
d34bd0f27.jpg,3,1,0.7843094
d34bd0f27.jpg,4,0,0.07943017
d3612cb9b.jpg,1,0,0.15259027
d3612cb9b.jpg,2,0,0.04069687
d3612cb9b.jpg,3,1,0.77627945
d3612cb9b.jpg,4,0,0.019268194
d37025202.jpg,1,0,0.1570165
d37025202.jpg,2,0,0.015630325
d37025202.jpg,3,1,0.77417374
d37025202.jpg,4,0,0.08252485
d3705608b.jpg,1,0,0.1181859
d3705608b.jpg,2,0,0.0060829944
d3705608b.jpg,3,1,0.7651594
d3705608b.jpg,4,0,0.010402857
d37248c9c.jpg,1,0,0.101155065
d37248c9c.jpg,2,0,0.010636491
d37248c9c.jpg,3,1,0.71311337
d37248c9c.jpg,4,0,0.07253937
d374d9575.jpg,1,0,0.018150471
d374d9575.jpg,2,0,0.0032121586
d374d9575.jpg,3,1,0.9497483
d374d9575.jpg,4,0,0.009707953
d3764cee5.jpg,1,0,0.017730191
d3764cee5.jpg,2,0,0.0090841865
d3764cee5.jpg,3,1,0.78000206
d3764cee5.jpg,4,0,0.22865723
d3797515c.jpg,1,0,0.52586013
d3797515c.jpg,2,0,0.012924839
d3797515c.jpg,3,0,0.5468668
d3797515c.jpg,4,0,0.07766202
d3801de15.jpg,1,0,0.022445843
d3801de15.jpg,2,0,0.0016173235
d3801de15.jpg,3,1,0.95343167
d3801de15.jpg,4,0,0.004677812
d387d301f.jpg,1,0,0.032429807
d387d301f.jpg,2,0,0.019963846
d387d301f.jpg,3,1,0.87976027
d387d301f.jpg,4,0,0.007752105
d3b31df77.jpg,1,0,0.43402198
d3b31df77.jpg,2,0,0.10233933
d3b31df77.jpg,3,0,0.44151846
d3b31df77.jpg,4,0,0.044235643
d3b616a4d.jpg,1,1,0.7486653
d3b616a4d.jpg,2,0,0.0074259737
d3b616a4d.jpg,3,0,0.18329217
d3b616a4d.jpg,4,0,0.05064021
d3b9e4552.jpg,1,0,0.0310675
d3b9e4552.jpg,2,0,0.0034992553
d3b9e4552.jpg,3,1,0.86563224
d3b9e4552.jpg,4,0,0.01637154
d3bbfd329.jpg,1,0,0.10429731
d3bbfd329.jpg,2,0,0.034388084
d3bbfd329.jpg,3,0,0.2909415
d3bbfd329.jpg,4,1,0.690484
d3cc17414.jpg,1,0,0.18186331
d3cc17414.jpg,2,0,0.0070907287
d3cc17414.jpg,3,1,0.73623866
d3cc17414.jpg,4,0,0.015434143
d3dcedbd7.jpg,1,0,0.44723633
d3dcedbd7.jpg,2,0,0.009935585
d3dcedbd7.jpg,3,1,0.683363
d3dcedbd7.jpg,4,0,0.026673073
d3e6289b0.jpg,1,1,0.621658
d3e6289b0.jpg,2,0,0.1455329
d3e6289b0.jpg,3,0,0.29234353
d3e6289b0.jpg,4,0,0.01084071
d3e65fe39.jpg,1,0,0.030743768
d3e65fe39.jpg,2,0,0.010159648
d3e65fe39.jpg,3,1,0.6880179
d3e65fe39.jpg,4,1,0.6229773
d3eab1bad.jpg,1,0,0.3820078
d3eab1bad.jpg,2,0,0.0107448995
d3eab1bad.jpg,3,0,0.43991032
d3eab1bad.jpg,4,0,0.014262828
d3f5d0e6f.jpg,1,0,0.18207802
d3f5d0e6f.jpg,2,0,0.006886089
d3f5d0e6f.jpg,3,1,0.83846945
d3f5d0e6f.jpg,4,0,0.018174825
d40dd288f.jpg,1,1,0.75972086
d40dd288f.jpg,2,0,0.036200732
d40dd288f.jpg,3,0,0.16049843
d40dd288f.jpg,4,0,0.016948583
d42853714.jpg,1,0,0.23319042
d42853714.jpg,2,0,0.010020084
d42853714.jpg,3,1,0.8154409
d42853714.jpg,4,0,0.007639393
d42cd8b5b.jpg,1,0,0.08338738
d42cd8b5b.jpg,2,0,0.0047348575
d42cd8b5b.jpg,3,1,0.67421484
d42cd8b5b.jpg,4,0,0.029236069
d42d5725e.jpg,1,0,0.032936305
d42d5725e.jpg,2,0,0.010915571
d42d5725e.jpg,3,1,0.89207363
d42d5725e.jpg,4,0,0.0071860068
d435fb62d.jpg,1,0,0.13478555
d435fb62d.jpg,2,0,0.0053417976
d435fb62d.jpg,3,1,0.82219577
d435fb62d.jpg,4,0,0.04013404
d43d48f40.jpg,1,0,0.16507661
d43d48f40.jpg,2,0,0.005278273
d43d48f40.jpg,3,1,0.86611843
d43d48f40.jpg,4,0,0.034262415
d43f8718c.jpg,1,0,0.3324806
d43f8718c.jpg,2,0,0.012052305
d43f8718c.jpg,3,1,0.7072842
d43f8718c.jpg,4,0,0.046140995
d45189d81.jpg,1,0,0.055243533
d45189d81.jpg,2,0,0.0068643778
d45189d81.jpg,3,1,0.9082634
d45189d81.jpg,4,0,0.011907057
d45989186.jpg,1,0,0.03212098
d45989186.jpg,2,0,0.0058832164
d45989186.jpg,3,0,0.49697283
d45989186.jpg,4,1,0.6478047
d459bbe2f.jpg,1,0,0.040032428
d459bbe2f.jpg,2,0,0.031032378
d459bbe2f.jpg,3,1,0.7892942
d459bbe2f.jpg,4,0,0.075874805
d46a05389.jpg,1,0,0.08346593
d46a05389.jpg,2,0,0.015355245
d46a05389.jpg,3,1,0.84211046
d46a05389.jpg,4,0,0.0048714564
d482010a4.jpg,1,1,0.6888165
d482010a4.jpg,2,0,0.118511915
d482010a4.jpg,3,0,0.16467904
d482010a4.jpg,4,0,0.056257468
d48963891.jpg,1,1,0.77796966
d48963891.jpg,2,0,0.008273597
d48963891.jpg,3,0,0.22873138
d48963891.jpg,4,0,0.012098804
d49797229.jpg,1,0,0.057389904
d49797229.jpg,2,0,0.049661133
d49797229.jpg,3,1,0.8830598
d49797229.jpg,4,0,0.0010785194
d49ed89d0.jpg,1,0,0.11113609
d49ed89d0.jpg,2,0,0.015891787
d49ed89d0.jpg,3,1,0.6856206
d49ed89d0.jpg,4,0,0.23865575
d4a0cb9af.jpg,1,1,0.78726476
d4a0cb9af.jpg,2,0,0.047624063
d4a0cb9af.jpg,3,0,0.13014974
d4a0cb9af.jpg,4,0,0.00844605
d4ab26b9f.jpg,1,0,0.48398185
d4ab26b9f.jpg,2,0,0.06977731
d4ab26b9f.jpg,3,0,0.48354483
d4ab26b9f.jpg,4,0,0.005848296
d4ac8538b.jpg,1,0,0.02794637
d4ac8538b.jpg,2,0,0.017367812
d4ac8538b.jpg,3,1,0.89210254
d4ac8538b.jpg,4,0,0.0039046712
d4bf09007.jpg,1,0,0.059629764
d4bf09007.jpg,2,0,0.005573901
d4bf09007.jpg,3,1,0.78609115
d4bf09007.jpg,4,0,0.019258158
d4c7b5a50.jpg,1,0,0.04127087
d4c7b5a50.jpg,2,0,0.004602646
d4c7b5a50.jpg,3,1,0.9202459
d4c7b5a50.jpg,4,0,0.006532313
d4ca2ce6f.jpg,1,0,0.026163345
d4ca2ce6f.jpg,2,0,0.0026097156
d4ca2ce6f.jpg,3,1,0.88731414
d4ca2ce6f.jpg,4,0,0.098592885
d509a0ef5.jpg,1,0,0.06245478
d509a0ef5.jpg,2,0,0.037760533
d509a0ef5.jpg,3,1,0.8799322
d509a0ef5.jpg,4,0,0.0024475188
d5137b6f8.jpg,1,0,0.20751877
d5137b6f8.jpg,2,0,0.24978887
d5137b6f8.jpg,3,1,0.698687
d5137b6f8.jpg,4,0,0.0029147093
d51dbfaff.jpg,1,0,0.4641192
d51dbfaff.jpg,2,0,0.042310935
d51dbfaff.jpg,3,0,0.59483635
d51dbfaff.jpg,4,0,0.024051994
d52fefa0f.jpg,1,0,0.03122013
d52fefa0f.jpg,2,0,0.020790877
d52fefa0f.jpg,3,1,0.88481957
d52fefa0f.jpg,4,0,0.003151198
d53490d7f.jpg,1,0,0.095386215
d53490d7f.jpg,2,0,0.03471544
d53490d7f.jpg,3,1,0.8592472
d53490d7f.jpg,4,0,0.0049298014
d537cbc67.jpg,1,0,0.050287347
d537cbc67.jpg,2,0,0.032858364
d537cbc67.jpg,3,1,0.8909249
d537cbc67.jpg,4,0,0.0022222784
d56358b9c.jpg,1,0,0.14090084
d56358b9c.jpg,2,0,0.021894304
d56358b9c.jpg,3,1,0.7340395
d56358b9c.jpg,4,0,0.022111388
d593872fc.jpg,1,1,0.7577054
d593872fc.jpg,2,0,0.010277568
d593872fc.jpg,3,0,0.31875753
d593872fc.jpg,4,0,0.027112594
d599b529f.jpg,1,0,0.10545351
d599b529f.jpg,2,0,0.4753294
d599b529f.jpg,3,0,0.56234974
d599b529f.jpg,4,0,0.0033831627
d5ae74330.jpg,1,0,0.025558421
d5ae74330.jpg,2,0,0.0034342243
d5ae74330.jpg,3,0,0.33729455
d5ae74330.jpg,4,1,0.8254254
d5bbdc8a8.jpg,1,1,0.646954
d5bbdc8a8.jpg,2,0,0.26036176
d5bbdc8a8.jpg,3,0,0.36189154
d5bbdc8a8.jpg,4,0,0.0040492616
d5c27e0b3.jpg,1,0,0.047090847
d5c27e0b3.jpg,2,0,0.0030525045
d5c27e0b3.jpg,3,1,0.77393174
d5c27e0b3.jpg,4,0,0.027647084
d5c5a2fb5.jpg,1,0,0.05255569
d5c5a2fb5.jpg,2,0,0.03249107
d5c5a2fb5.jpg,3,1,0.8817351
d5c5a2fb5.jpg,4,0,0.0029550933
d5dfb5fab.jpg,1,0,0.41316494
d5dfb5fab.jpg,2,0,0.22576725
d5dfb5fab.jpg,3,0,0.35270455
d5dfb5fab.jpg,4,0,0.049415614
d5e2414f6.jpg,1,0,0.052881822
d5e2414f6.jpg,2,0,0.0033086604
d5e2414f6.jpg,3,1,0.8343974
d5e2414f6.jpg,4,0,0.020225137
d5e6da554.jpg,1,0,0.05165917
d5e6da554.jpg,2,0,0.038606856
d5e6da554.jpg,3,1,0.88122934
d5e6da554.jpg,4,0,0.0020085296
d5e8bbe9a.jpg,1,0,0.011256288
d5e8bbe9a.jpg,2,0,0.004724028
d5e8bbe9a.jpg,3,0,0.26402146
d5e8bbe9a.jpg,4,1,0.8980184
d5ecffd36.jpg,1,0,0.14218596
d5ecffd36.jpg,2,0,0.14821628
d5ecffd36.jpg,3,1,0.67918247
d5ecffd36.jpg,4,0,0.0022120203
d5ed29f8a.jpg,1,0,0.064531706
d5ed29f8a.jpg,2,0,0.034757793
d5ed29f8a.jpg,3,1,0.87900263
d5ed29f8a.jpg,4,0,0.002664802
d5fab51f7.jpg,1,0,0.03835589
d5fab51f7.jpg,2,0,0.0076019787
d5fab51f7.jpg,3,0,0.27358714
d5fab51f7.jpg,4,1,0.83643866
d60373f8f.jpg,1,0,0.025825782
d60373f8f.jpg,2,0,0.004971453
d60373f8f.jpg,3,1,0.71064717
d60373f8f.jpg,4,0,0.4851897
d6074ed01.jpg,1,0,0.020048788
d6074ed01.jpg,2,0,0.009829893
d6074ed01.jpg,3,0,0.3441155
d6074ed01.jpg,4,1,0.8193279
d612303c8.jpg,1,0,0.02022509
d612303c8.jpg,2,0,0.0033911604
d612303c8.jpg,3,1,0.87531424
d612303c8.jpg,4,0,0.08698222
d6128fbfc.jpg,1,0,0.4050047
d6128fbfc.jpg,2,0,0.004616208
d6128fbfc.jpg,3,1,0.7082854
d6128fbfc.jpg,4,0,0.020723507
d632dce94.jpg,1,1,0.66607636
d632dce94.jpg,2,0,0.049553934
d632dce94.jpg,3,0,0.31881425
d632dce94.jpg,4,0,0.009554517
d6377dc32.jpg,1,0,0.031144412
d6377dc32.jpg,2,0,0.015572209
d6377dc32.jpg,3,1,0.8923777
d6377dc32.jpg,4,0,0.0059917155
d64c53ce9.jpg,1,0,0.033713557
d64c53ce9.jpg,2,0,0.005010974
d64c53ce9.jpg,3,1,0.7569263
d64c53ce9.jpg,4,0,0.008549812
d6677e1ff.jpg,1,0,0.12307185
d6677e1ff.jpg,2,0,0.005832357
d6677e1ff.jpg,3,1,0.7594967
d6677e1ff.jpg,4,0,0.099649884
d66d23a18.jpg,1,0,0.34466812
d66d23a18.jpg,2,0,0.014089531
d66d23a18.jpg,3,0,0.37125412
d66d23a18.jpg,4,0,0.29899582
d670249ed.jpg,1,0,0.01832837
d670249ed.jpg,2,0,0.0013797226
d670249ed.jpg,3,1,0.9457576
d670249ed.jpg,4,0,0.0022105703
d67e52625.jpg,1,0,0.04930508
d67e52625.jpg,2,0,0.03269008
d67e52625.jpg,3,1,0.88274986
d67e52625.jpg,4,0,0.0025146976
d68497d38.jpg,1,0,0.51315516
d68497d38.jpg,2,0,0.08975327
d68497d38.jpg,3,0,0.41126847
d68497d38.jpg,4,0,0.019463617
d69a661a4.jpg,1,0,0.48075747
d69a661a4.jpg,2,0,0.09973091
d69a661a4.jpg,3,0,0.4341267
d69a661a4.jpg,4,0,0.0043797796
d6a83570c.jpg,1,1,0.7816166
d6a83570c.jpg,2,0,0.018853873
d6a83570c.jpg,3,0,0.24166733
d6a83570c.jpg,4,0,0.007971817
d6aaa6918.jpg,1,1,0.8082281
d6aaa6918.jpg,2,0,0.015321389
d6aaa6918.jpg,3,0,0.16668744
d6aaa6918.jpg,4,0,0.012294971
d6c5f2953.jpg,1,0,0.29074538
d6c5f2953.jpg,2,1,0.6741269
d6c5f2953.jpg,3,0,0.3052636
d6c5f2953.jpg,4,0,0.0031010539
d6cba7ed9.jpg,1,0,0.024890766
d6cba7ed9.jpg,2,0,0.0059513114
d6cba7ed9.jpg,3,1,0.8862962
d6cba7ed9.jpg,4,0,0.04861613
d703c6491.jpg,1,0,0.2529036
d703c6491.jpg,2,0,0.17930122
d703c6491.jpg,3,0,0.5075868
d703c6491.jpg,4,0,0.13239378
d704ab756.jpg,1,0,0.055038203
d704ab756.jpg,2,0,0.03672962
d704ab756.jpg,3,1,0.88713217
d704ab756.jpg,4,0,0.0024422659
d719f2ae6.jpg,1,0,0.035515442
d719f2ae6.jpg,2,0,0.017355328
d719f2ae6.jpg,3,0,0.24825852
d719f2ae6.jpg,4,0,0.47905883
d720d5df0.jpg,1,0,0.017343309
d720d5df0.jpg,2,0,0.0036197014
d720d5df0.jpg,3,1,0.92682165
d720d5df0.jpg,4,0,0.0112517355
d723c8b84.jpg,1,0,0.16228126
d723c8b84.jpg,2,0,0.26525888
d723c8b84.jpg,3,0,0.25806516
d723c8b84.jpg,4,0,0.31460306
d727d0e26.jpg,1,1,0.77762157
d727d0e26.jpg,2,0,0.020497615
d727d0e26.jpg,3,0,0.29503047
d727d0e26.jpg,4,0,0.013418543
d727e0233.jpg,1,0,0.035252023
d727e0233.jpg,2,0,0.010129224
d727e0233.jpg,3,1,0.6684537
d727e0233.jpg,4,0,0.33758748
d72d91596.jpg,1,0,0.025168687
d72d91596.jpg,2,0,0.0030658303
d72d91596.jpg,3,0,0.48576674
d72d91596.jpg,4,1,0.7975672
d72ec3680.jpg,1,0,0.39038777
d72ec3680.jpg,2,0,0.045891106
d72ec3680.jpg,3,1,0.62330204
d72ec3680.jpg,4,0,0.008133822
d736c8fb8.jpg,1,0,0.33480656
d736c8fb8.jpg,2,1,0.7026961
d736c8fb8.jpg,3,0,0.11061415
d736c8fb8.jpg,4,0,0.021378724
d74421b6b.jpg,1,0,0.08653519
d74421b6b.jpg,2,0,0.024104645
d74421b6b.jpg,3,1,0.8745404
d74421b6b.jpg,4,0,0.0023239432
d74741da2.jpg,1,0,0.2640128
d74741da2.jpg,2,0,0.14320232
d74741da2.jpg,3,0,0.45718932
d74741da2.jpg,4,0,0.09639562
d75bcedf0.jpg,1,0,0.12353566
d75bcedf0.jpg,2,0,0.028665079
d75bcedf0.jpg,3,0,0.46795237
d75bcedf0.jpg,4,0,0.48042682
d770a1260.jpg,1,0,0.046890724
d770a1260.jpg,2,0,0.027985811
d770a1260.jpg,3,1,0.88116986
d770a1260.jpg,4,0,0.004074999
d7741a3ba.jpg,1,0,0.063633144
d7741a3ba.jpg,2,0,0.038066015
d7741a3ba.jpg,3,1,0.8739217
d7741a3ba.jpg,4,0,0.0025174255
d7838216b.jpg,1,0,0.09882418
d7838216b.jpg,2,0,0.017351916
d7838216b.jpg,3,1,0.88307214
d7838216b.jpg,4,0,0.006304346
d79e9fe53.jpg,1,0,0.05470711
d79e9fe53.jpg,2,0,0.23681976
d79e9fe53.jpg,3,1,0.74001795
d79e9fe53.jpg,4,0,0.013714273
d7a14c445.jpg,1,0,0.43661916
d7a14c445.jpg,2,1,0.65425867
d7a14c445.jpg,3,0,0.25039804
d7a14c445.jpg,4,0,0.0052369605
d7a46c984.jpg,1,1,0.6657445
d7a46c984.jpg,2,0,0.03146349
d7a46c984.jpg,3,0,0.50570136
d7a46c984.jpg,4,0,0.0024895195
d7cc00da8.jpg,1,0,0.21057771
d7cc00da8.jpg,2,0,0.01981329
d7cc00da8.jpg,3,1,0.7784908
d7cc00da8.jpg,4,0,0.025878271
d7cdb342c.jpg,1,0,0.0108447
d7cdb342c.jpg,2,0,0.0023049293
d7cdb342c.jpg,3,1,0.85393995
d7cdb342c.jpg,4,0,0.28169623
d7e623967.jpg,1,0,0.050536916
d7e623967.jpg,2,0,0.006861907
d7e623967.jpg,3,1,0.6547217
d7e623967.jpg,4,0,0.28080785
d7f3fae23.jpg,1,0,0.10170167
d7f3fae23.jpg,2,1,0.7556742
d7f3fae23.jpg,3,0,0.13054156
d7f3fae23.jpg,4,0,0.024766045
d8073b1f7.jpg,1,0,0.0677375
d8073b1f7.jpg,2,0,0.0049388967
d8073b1f7.jpg,3,1,0.83787346
d8073b1f7.jpg,4,0,0.026355268
d8129a060.jpg,1,0,0.54796654
d8129a060.jpg,2,0,0.36502862
d8129a060.jpg,3,0,0.34816286
d8129a060.jpg,4,0,0.005320531
d82a63ce0.jpg,1,0,0.21605183
d82a63ce0.jpg,2,0,0.03556175
d82a63ce0.jpg,3,1,0.62021345
d82a63ce0.jpg,4,0,0.02024211
d838ab96a.jpg,1,0,0.049392015
d838ab96a.jpg,2,0,0.028511949
d838ab96a.jpg,3,1,0.8897784
d838ab96a.jpg,4,0,0.0015802383
d8451253a.jpg,1,1,0.62086374
d8451253a.jpg,2,0,0.030485092
d8451253a.jpg,3,0,0.39110658
d8451253a.jpg,4,0,0.0072032977
d85f11bdc.jpg,1,0,0.14271891
d85f11bdc.jpg,2,0,0.13150163
d85f11bdc.jpg,3,0,0.27431485
d85f11bdc.jpg,4,0,0.17163734
d86058cd2.jpg,1,0,0.030248402
d86058cd2.jpg,2,0,0.02267413
d86058cd2.jpg,3,1,0.85043436
d86058cd2.jpg,4,0,0.07711652
d866b5d5c.jpg,1,0,0.059810545
d866b5d5c.jpg,2,0,0.036361318
d866b5d5c.jpg,3,1,0.86738306
d866b5d5c.jpg,4,0,0.0024402165
d8697da18.jpg,1,0,0.19739199
d8697da18.jpg,2,1,0.6363893
d8697da18.jpg,3,0,0.362146
d8697da18.jpg,4,0,0.0025621087
d86f86d8e.jpg,1,0,0.19738537
d86f86d8e.jpg,2,0,0.007028109
d86f86d8e.jpg,3,1,0.7537264
d86f86d8e.jpg,4,0,0.017047748
d87b73199.jpg,1,0,0.2505937
d87b73199.jpg,2,0,0.11142751
d87b73199.jpg,3,0,0.5319995
d87b73199.jpg,4,0,0.008784538
d87e387bc.jpg,1,0,0.15749158
d87e387bc.jpg,2,0,0.17180406
d87e387bc.jpg,3,1,0.62753576
d87e387bc.jpg,4,0,0.011718203
d882e0abc.jpg,1,0,0.16548073
d882e0abc.jpg,2,0,0.01741881
d882e0abc.jpg,3,1,0.61137813
d882e0abc.jpg,4,0,0.008474457
d888063ea.jpg,1,0,0.18878637
d888063ea.jpg,2,0,0.25915417
d888063ea.jpg,3,1,0.64459103
d888063ea.jpg,4,0,0.004008361
d89072b2f.jpg,1,0,0.036620297
d89072b2f.jpg,2,0,0.004400182
d89072b2f.jpg,3,1,0.7170035
d89072b2f.jpg,4,0,0.02389066
d898dbda6.jpg,1,0,0.15750715
d898dbda6.jpg,2,0,0.0037793654
d898dbda6.jpg,3,1,0.7380654
d898dbda6.jpg,4,0,0.1688226
d899cba2b.jpg,1,0,0.048583586
d899cba2b.jpg,2,0,0.031112859
d899cba2b.jpg,3,1,0.88303614
d899cba2b.jpg,4,0,0.0019114608
d8ad15be2.jpg,1,0,0.02220247
d8ad15be2.jpg,2,0,0.0042607826
d8ad15be2.jpg,3,1,0.75673294
d8ad15be2.jpg,4,0,0.29594937
d8b27c0ee.jpg,1,0,0.32962713
d8b27c0ee.jpg,2,0,0.3734652
d8b27c0ee.jpg,3,0,0.47157773
d8b27c0ee.jpg,4,0,0.004741119
d8beae3f0.jpg,1,0,0.29785925
d8beae3f0.jpg,2,0,0.04504015
d8beae3f0.jpg,3,0,0.47131446
d8beae3f0.jpg,4,0,0.31707373
d8c84083f.jpg,1,0,0.037950423
d8c84083f.jpg,2,0,0.0040204762
d8c84083f.jpg,3,1,0.88543886
d8c84083f.jpg,4,0,0.016488442
d8d24f9d5.jpg,1,0,0.5215227
d8d24f9d5.jpg,2,0,0.011002269
d8d24f9d5.jpg,3,0,0.41188684
d8d24f9d5.jpg,4,0,0.025678739
d8e4d055f.jpg,1,0,0.02595904
d8e4d055f.jpg,2,0,0.043296125
d8e4d055f.jpg,3,0,0.4901851
d8e4d055f.jpg,4,1,0.6078872
d8e8ccc4e.jpg,1,0,0.46792948
d8e8ccc4e.jpg,2,0,0.3116127
d8e8ccc4e.jpg,3,0,0.43981877
d8e8ccc4e.jpg,4,0,0.00411232
d8f8075c8.jpg,1,1,0.7513788
d8f8075c8.jpg,2,0,0.032187507
d8f8075c8.jpg,3,0,0.27122363
d8f8075c8.jpg,4,0,0.019083273
d90fe397c.jpg,1,0,0.36530605
d90fe397c.jpg,2,0,0.06745044
d90fe397c.jpg,3,0,0.58108646
d90fe397c.jpg,4,0,0.035919894
d91b461ec.jpg,1,0,0.03558704
d91b461ec.jpg,2,0,0.0073605794
d91b461ec.jpg,3,1,0.89773154
d91b461ec.jpg,4,0,0.021740874
d91bdcdc0.jpg,1,0,0.49480733
d91bdcdc0.jpg,2,0,0.17211284
d91bdcdc0.jpg,3,0,0.35796514
d91bdcdc0.jpg,4,0,0.007841864
d92bedaf6.jpg,1,0,0.44777933
d92bedaf6.jpg,2,0,0.017206717
d92bedaf6.jpg,3,1,0.6680828
d92bedaf6.jpg,4,0,0.02213678
d9411a571.jpg,1,0,0.22414403
d9411a571.jpg,2,0,0.02978924
d9411a571.jpg,3,1,0.64947784
d9411a571.jpg,4,0,0.012851451
d9478364a.jpg,1,0,0.055242617
d9478364a.jpg,2,0,0.05007272
d9478364a.jpg,3,1,0.7722158
d9478364a.jpg,4,0,0.04714494
d94a5e8a8.jpg,1,0,0.58179384
d94a5e8a8.jpg,2,0,0.01106427
d94a5e8a8.jpg,3,0,0.24288887
d94a5e8a8.jpg,4,0,0.049382012
d96935f24.jpg,1,0,0.038527474
d96935f24.jpg,2,0,0.0060458104
d96935f24.jpg,3,1,0.81637985
d96935f24.jpg,4,0,0.087885745
d969f659e.jpg,1,0,0.017885277
d969f659e.jpg,2,0,0.0027812766
d969f659e.jpg,3,1,0.6209895
d969f659e.jpg,4,1,0.8161308
d9707c2a8.jpg,1,0,0.14605917
d9707c2a8.jpg,2,0,0.0036833016
d9707c2a8.jpg,3,1,0.6716954
d9707c2a8.jpg,4,0,0.03152809
d9790fe90.jpg,1,0,0.030948924
d9790fe90.jpg,2,0,0.0032160666
d9790fe90.jpg,3,1,0.6987477
d9790fe90.jpg,4,0,0.4217316
d9853a856.jpg,1,0,0.048015017
d9853a856.jpg,2,0,0.003443936
d9853a856.jpg,3,1,0.8214061
d9853a856.jpg,4,0,0.018786281
d98aded62.jpg,1,1,0.60955304
d98aded62.jpg,2,0,0.040708486
d98aded62.jpg,3,0,0.3791208
d98aded62.jpg,4,0,0.042653143
d9aa75dcc.jpg,1,0,0.029768467
d9aa75dcc.jpg,2,0,0.008991703
d9aa75dcc.jpg,3,1,0.8738015
d9aa75dcc.jpg,4,0,0.028915578
d9bb4a465.jpg,1,0,0.0660575
d9bb4a465.jpg,2,0,0.030239029
d9bb4a465.jpg,3,1,0.89315885
d9bb4a465.jpg,4,0,0.0025601226
d9bff439f.jpg,1,0,0.028446952
d9bff439f.jpg,2,0,0.0037527604
d9bff439f.jpg,3,1,0.79301023
d9bff439f.jpg,4,0,0.02380316
d9d3cc821.jpg,1,0,0.036548
d9d3cc821.jpg,2,0,0.017832944
d9d3cc821.jpg,3,1,0.8777475
d9d3cc821.jpg,4,0,0.0031680819
d9f4fcf01.jpg,1,0,0.29572222
d9f4fcf01.jpg,2,0,0.015461427
d9f4fcf01.jpg,3,0,0.35532698
d9f4fcf01.jpg,4,0,0.19606848
da087e582.jpg,1,0,0.2431249
da087e582.jpg,2,0,0.02223987
da087e582.jpg,3,1,0.6070452
da087e582.jpg,4,0,0.029182235
da1ae6ece.jpg,1,0,0.04468632
da1ae6ece.jpg,2,0,0.016636023
da1ae6ece.jpg,3,1,0.8678472
da1ae6ece.jpg,4,0,0.003145326
da20415dd.jpg,1,0,0.01931977
da20415dd.jpg,2,0,0.0071293055
da20415dd.jpg,3,0,0.2931795
da20415dd.jpg,4,1,0.864146
da2c3c94d.jpg,1,0,0.05049415
da2c3c94d.jpg,2,0,0.031978786
da2c3c94d.jpg,3,1,0.8827768
da2c3c94d.jpg,4,0,0.0023722767
da2e43f73.jpg,1,1,0.78551745
da2e43f73.jpg,2,0,0.0063802428
da2e43f73.jpg,3,0,0.18402249
da2e43f73.jpg,4,0,0.02396118
da5c2583b.jpg,1,0,0.1258638
da5c2583b.jpg,2,0,0.04810402
da5c2583b.jpg,3,1,0.76121354
da5c2583b.jpg,4,0,0.0072895973
da67871af.jpg,1,0,0.07419678
da67871af.jpg,2,0,0.056398064
da67871af.jpg,3,0,0.39917073
da67871af.jpg,4,0,0.0073400685
da6cce90a.jpg,1,1,0.7151955
da6cce90a.jpg,2,0,0.078132756
da6cce90a.jpg,3,0,0.219864
da6cce90a.jpg,4,0,0.032036927
da8392b29.jpg,1,0,0.14541326
da8392b29.jpg,2,0,0.00824297
da8392b29.jpg,3,1,0.62406343
da8392b29.jpg,4,0,0.017579501
da8475a4d.jpg,1,0,0.23399681
da8475a4d.jpg,2,0,0.10867188
da8475a4d.jpg,3,0,0.5621568
da8475a4d.jpg,4,0,0.028061623
da891d3af.jpg,1,0,0.41589645
da891d3af.jpg,2,0,0.021969005
da891d3af.jpg,3,1,0.6192008
da891d3af.jpg,4,0,0.0037426215
da9942d06.jpg,1,0,0.21417372
da9942d06.jpg,2,0,0.18624042
da9942d06.jpg,3,0,0.39809546
da9942d06.jpg,4,0,0.0741297
dab41427c.jpg,1,0,0.3139024
dab41427c.jpg,2,0,0.04338632
dab41427c.jpg,3,0,0.58473325
dab41427c.jpg,4,0,0.07406739
dad45e1ab.jpg,1,0,0.1638754
dad45e1ab.jpg,2,0,0.26878187
dad45e1ab.jpg,3,1,0.72627324
dad45e1ab.jpg,4,0,0.003293589
dad835a5e.jpg,1,0,0.08331662
dad835a5e.jpg,2,0,0.008870114
dad835a5e.jpg,3,1,0.8199275
dad835a5e.jpg,4,0,0.004843328
dae47b14e.jpg,1,0,0.48448113
dae47b14e.jpg,2,0,0.36349037
dae47b14e.jpg,3,0,0.14174016
dae47b14e.jpg,4,0,0.0041346676
db021d031.jpg,1,0,0.41394925
db021d031.jpg,2,0,0.5459364
db021d031.jpg,3,0,0.325506
db021d031.jpg,4,0,0.003030697
db10954bc.jpg,1,0,0.04651861
db10954bc.jpg,2,0,0.018962832
db10954bc.jpg,3,1,0.8995642
db10954bc.jpg,4,0,0.008327476
db24670d4.jpg,1,0,0.3631645
db24670d4.jpg,2,0,0.5894239
db24670d4.jpg,3,0,0.2949429
db24670d4.jpg,4,0,0.0042674104
db2e1ff41.jpg,1,1,0.637136
db2e1ff41.jpg,2,0,0.01023616
db2e1ff41.jpg,3,0,0.32035118
db2e1ff41.jpg,4,0,0.009938246
db381c6e7.jpg,1,0,0.3571223
db381c6e7.jpg,2,0,0.32289866
db381c6e7.jpg,3,0,0.5143049
db381c6e7.jpg,4,0,0.004768995
db3bb0d46.jpg,1,0,0.04956484
db3bb0d46.jpg,2,0,0.030513192
db3bb0d46.jpg,3,1,0.88689476
db3bb0d46.jpg,4,0,0.002028349
db406c510.jpg,1,0,0.25591576
db406c510.jpg,2,0,0.027269801
db406c510.jpg,3,1,0.64826244
db406c510.jpg,4,0,0.027417654
db44963e5.jpg,1,0,0.07737637
db44963e5.jpg,2,0,0.045639914
db44963e5.jpg,3,1,0.797108
db44963e5.jpg,4,0,0.027232058
db6a2003b.jpg,1,0,0.053776298
db6a2003b.jpg,2,0,0.06761747
db6a2003b.jpg,3,1,0.88720083
db6a2003b.jpg,4,0,0.0020390213
db6a9172c.jpg,1,0,0.07089367
db6a9172c.jpg,2,0,0.31692672
db6a9172c.jpg,3,0,0.46423027
db6a9172c.jpg,4,0,0.024684101
db6d480b5.jpg,1,0,0.1280386
db6d480b5.jpg,2,0,0.103710145
db6d480b5.jpg,3,1,0.7615319
db6d480b5.jpg,4,0,0.0758591
db72ffc2e.jpg,1,0,0.09286785
db72ffc2e.jpg,2,0,0.011938457
db72ffc2e.jpg,3,1,0.817578
db72ffc2e.jpg,4,0,0.049292844
db730a124.jpg,1,0,0.03357879
db730a124.jpg,2,0,0.019971184
db730a124.jpg,3,1,0.9075193
db730a124.jpg,4,0,0.0020666632
db758d243.jpg,1,1,0.735842
db758d243.jpg,2,0,0.2112151
db758d243.jpg,3,0,0.22858341
db758d243.jpg,4,0,0.0030167159
db7cff638.jpg,1,0,0.046824265
db7cff638.jpg,2,0,0.021212583
db7cff638.jpg,3,1,0.80102116
db7cff638.jpg,4,0,0.10483664
db9b94ec0.jpg,1,0,0.033499468
db9b94ec0.jpg,2,0,0.009907286
db9b94ec0.jpg,3,1,0.8299143
db9b94ec0.jpg,4,0,0.09105552
db9d34c52.jpg,1,0,0.4782385
db9d34c52.jpg,2,0,0.0142063955
db9d34c52.jpg,3,0,0.4924616
db9d34c52.jpg,4,0,0.015934687
dbeb33ddc.jpg,1,0,0.029053776
dbeb33ddc.jpg,2,0,0.0028151523
dbeb33ddc.jpg,3,1,0.91339326
dbeb33ddc.jpg,4,0,0.009116878
dbefb141e.jpg,1,0,0.02661856
dbefb141e.jpg,2,0,0.006777458
dbefb141e.jpg,3,1,0.84199935
dbefb141e.jpg,4,0,0.1854183
dbf5acb5e.jpg,1,0,0.025190292
dbf5acb5e.jpg,2,0,0.012208157
dbf5acb5e.jpg,3,0,0.30798015
dbf5acb5e.jpg,4,0,0.5671297
dbfc43562.jpg,1,0,0.027871756
dbfc43562.jpg,2,0,0.0035739737
dbfc43562.jpg,3,1,0.8674829
dbfc43562.jpg,4,0,0.0910168
dc074ffd3.jpg,1,0,0.043584887
dc074ffd3.jpg,2,0,0.0112067005
dc074ffd3.jpg,3,0,0.56145114
dc074ffd3.jpg,4,0,0.14522548
dc0cc9179.jpg,1,0,0.3470699
dc0cc9179.jpg,2,0,0.37032244
dc0cc9179.jpg,3,0,0.23052675
dc0cc9179.jpg,4,0,0.015264914
dc108224f.jpg,1,0,0.041489396
dc108224f.jpg,2,0,0.020216307
dc108224f.jpg,3,1,0.8776013
dc108224f.jpg,4,0,0.0026377914
dc1283e68.jpg,1,0,0.44122577
dc1283e68.jpg,2,0,0.014682032
dc1283e68.jpg,3,0,0.42812338
dc1283e68.jpg,4,0,0.013873354
dc2033d9a.jpg,1,0,0.19440816
dc2033d9a.jpg,2,0,0.05205351
dc2033d9a.jpg,3,1,0.77497834
dc2033d9a.jpg,4,0,0.06554634
dc2205ab2.jpg,1,0,0.05365474
dc2205ab2.jpg,2,0,0.029336179
dc2205ab2.jpg,3,1,0.8836138
dc2205ab2.jpg,4,0,0.0023021009
dc2389797.jpg,1,0,0.02047628
dc2389797.jpg,2,0,0.0021353767
dc2389797.jpg,3,0,0.5088058
dc2389797.jpg,4,1,0.9215178
dc265fa8b.jpg,1,0,0.042763084
dc265fa8b.jpg,2,0,0.009342487
dc265fa8b.jpg,3,0,0.3298113
dc265fa8b.jpg,4,1,0.7533999
dc2977a7c.jpg,1,0,0.08448269
dc2977a7c.jpg,2,0,0.015065174
dc2977a7c.jpg,3,0,0.25918436
dc2977a7c.jpg,4,1,0.82505304
dc3090141.jpg,1,0,0.033399712
dc3090141.jpg,2,0,0.0065435334
dc3090141.jpg,3,0,0.53526324
dc3090141.jpg,4,0,0.016062332
dc33467ce.jpg,1,0,0.02313511
dc33467ce.jpg,2,0,0.005556991
dc33467ce.jpg,3,1,0.8299511
dc33467ce.jpg,4,0,0.13733718
dc4f9fc81.jpg,1,0,0.21746601
dc4f9fc81.jpg,2,0,0.0048933583
dc4f9fc81.jpg,3,1,0.7268169
dc4f9fc81.jpg,4,0,0.007832936
dc5acf74b.jpg,1,0,0.06990003
dc5acf74b.jpg,2,0,0.043775495
dc5acf74b.jpg,3,1,0.6986017
dc5acf74b.jpg,4,0,0.15179393
dc5c24d9f.jpg,1,0,0.13179183
dc5c24d9f.jpg,2,0,0.021419644
dc5c24d9f.jpg,3,0,0.5776631
dc5c24d9f.jpg,4,0,0.05043832
dc5d220aa.jpg,1,0,0.016664462
dc5d220aa.jpg,2,0,0.003751057
dc5d220aa.jpg,3,1,0.90574235
dc5d220aa.jpg,4,0,0.05485026
dc74717d9.jpg,1,0,0.1409957
dc74717d9.jpg,2,0,0.11276659
dc74717d9.jpg,3,1,0.6373009
dc74717d9.jpg,4,0,0.05159333
dc7a4ab17.jpg,1,0,0.46536568
dc7a4ab17.jpg,2,0,0.03552881
dc7a4ab17.jpg,3,0,0.5422215
dc7a4ab17.jpg,4,0,0.034199193
dc852d7bc.jpg,1,0,0.04586995
dc852d7bc.jpg,2,0,0.007732121
dc852d7bc.jpg,3,0,0.5406248
dc852d7bc.jpg,4,1,0.7308555
dc89301ff.jpg,1,0,0.09031064
dc89301ff.jpg,2,0,0.33604822
dc89301ff.jpg,3,1,0.65948015
dc89301ff.jpg,4,0,0.0040098857
dc8b0afdb.jpg,1,0,0.1324553
dc8b0afdb.jpg,2,0,0.09918367
dc8b0afdb.jpg,3,1,0.7074084
dc8b0afdb.jpg,4,0,0.07064696
dc8d040ab.jpg,1,0,0.4365306
dc8d040ab.jpg,2,0,0.303602
dc8d040ab.jpg,3,0,0.31075546
dc8d040ab.jpg,4,0,0.011346531
dc9f2a84b.jpg,1,0,0.5798778
dc9f2a84b.jpg,2,0,0.01622138
dc9f2a84b.jpg,3,1,0.6529392
dc9f2a84b.jpg,4,0,0.0054899454
dca50791d.jpg,1,0,0.34608483
dca50791d.jpg,2,0,0.2835393
dca50791d.jpg,3,0,0.469136
dca50791d.jpg,4,0,0.00904669
dcc359aca.jpg,1,0,0.3570801
dcc359aca.jpg,2,0,0.024169093
dcc359aca.jpg,3,0,0.42374444
dcc359aca.jpg,4,0,0.019574804
dcdfc29b2.jpg,1,1,0.7357858
dcdfc29b2.jpg,2,0,0.009981356
dcdfc29b2.jpg,3,0,0.20640612
dcdfc29b2.jpg,4,0,0.06654798
dcebca3d6.jpg,1,0,0.06573656
dcebca3d6.jpg,2,0,0.3395816
dcebca3d6.jpg,3,0,0.5585624
dcebca3d6.jpg,4,0,0.034872074
dcef185c1.jpg,1,1,0.6035089
dcef185c1.jpg,2,0,0.10047442
dcef185c1.jpg,3,0,0.21262617
dcef185c1.jpg,4,0,0.032888647
dcf0cab3d.jpg,1,0,0.25391182
dcf0cab3d.jpg,2,0,0.026399083
dcf0cab3d.jpg,3,1,0.7453859
dcf0cab3d.jpg,4,0,0.009247105
dd135f9ec.jpg,1,0,0.4813781
dd135f9ec.jpg,2,0,0.2962208
dd135f9ec.jpg,3,0,0.44726154
dd135f9ec.jpg,4,0,0.006277556
dd37b174a.jpg,1,0,0.4112456
dd37b174a.jpg,2,0,0.017028661
dd37b174a.jpg,3,0,0.5646172
dd37b174a.jpg,4,0,0.04011686
dd4531cef.jpg,1,0,0.014294498
dd4531cef.jpg,2,0,0.0023188572
dd4531cef.jpg,3,0,0.51892376
dd4531cef.jpg,4,1,0.7811145
dd460a71f.jpg,1,0,0.02887546
dd460a71f.jpg,2,0,0.017547453
dd460a71f.jpg,3,1,0.74534124
dd460a71f.jpg,4,0,0.39296353
dd522b9fe.jpg,1,0,0.22536813
dd522b9fe.jpg,2,0,0.43105313
dd522b9fe.jpg,3,0,0.5719795
dd522b9fe.jpg,4,0,0.0039880085
dd571d45c.jpg,1,0,0.19669425
dd571d45c.jpg,2,0,0.0127308145
dd571d45c.jpg,3,1,0.7882444
dd571d45c.jpg,4,0,0.010915227
dd77c2560.jpg,1,0,0.0130491955
dd77c2560.jpg,2,0,0.0021830124
dd77c2560.jpg,3,1,0.910405
dd77c2560.jpg,4,0,0.07628772
dd7e2d6f5.jpg,1,0,0.13446401
dd7e2d6f5.jpg,2,0,0.11398387
dd7e2d6f5.jpg,3,1,0.6547684
dd7e2d6f5.jpg,4,0,0.007103687
dd7f00ee2.jpg,1,0,0.24539584
dd7f00ee2.jpg,2,0,0.033189557
dd7f00ee2.jpg,3,1,0.64420664
dd7f00ee2.jpg,4,0,0.013379477
dd8b6bbc0.jpg,1,0,0.21003984
dd8b6bbc0.jpg,2,0,0.17667936
dd8b6bbc0.jpg,3,0,0.5578717
dd8b6bbc0.jpg,4,0,0.014803964
dd9364137.jpg,1,0,0.051104028
dd9364137.jpg,2,0,0.02934699
dd9364137.jpg,3,1,0.8817145
dd9364137.jpg,4,0,0.0021515505
ddca8eddd.jpg,1,0,0.044434905
ddca8eddd.jpg,2,0,0.036425482
ddca8eddd.jpg,3,1,0.88024235
ddca8eddd.jpg,4,0,0.0020843518
ddd51fc3b.jpg,1,0,0.0150701925
ddd51fc3b.jpg,2,0,0.0022395875
ddd51fc3b.jpg,3,1,0.90393776
ddd51fc3b.jpg,4,0,0.048267554
dde40f6ee.jpg,1,0,0.08541141
dde40f6ee.jpg,2,0,0.038081158
dde40f6ee.jpg,3,1,0.76640487
dde40f6ee.jpg,4,0,0.12460601
ddedcc295.jpg,1,0,0.06742096
ddedcc295.jpg,2,0,0.06824688
ddedcc295.jpg,3,1,0.8613975
ddedcc295.jpg,4,0,0.0018696237
de0344beb.jpg,1,0,0.047622677
de0344beb.jpg,2,0,0.025304234
de0344beb.jpg,3,1,0.89164764
de0344beb.jpg,4,0,0.0024788158
de1752dbc.jpg,1,0,0.027895434
de1752dbc.jpg,2,0,0.004266598
de1752dbc.jpg,3,1,0.8139715
de1752dbc.jpg,4,0,0.14022313
de1ca9faf.jpg,1,0,0.3347907
de1ca9faf.jpg,2,0,0.031606603
de1ca9faf.jpg,3,1,0.71319705
de1ca9faf.jpg,4,0,0.016541423
de1cbc142.jpg,1,0,0.15420626
de1cbc142.jpg,2,0,0.2909523
de1cbc142.jpg,3,0,0.45202756
de1cbc142.jpg,4,0,0.05799176
de204c923.jpg,1,0,0.013924144
de204c923.jpg,2,0,0.0041836514
de204c923.jpg,3,0,0.31266287
de204c923.jpg,4,1,0.8962898
de2a1c17e.jpg,1,0,0.10692063
de2a1c17e.jpg,2,1,0.6833256
de2a1c17e.jpg,3,0,0.16052341
de2a1c17e.jpg,4,0,0.0054401928
de2df260c.jpg,1,0,0.23266947
de2df260c.jpg,2,1,0.74818873
de2df260c.jpg,3,0,0.15213154
de2df260c.jpg,4,0,0.0056777517
de30f5435.jpg,1,0,0.3378297
de30f5435.jpg,2,0,0.015200251
de30f5435.jpg,3,1,0.640578
de30f5435.jpg,4,0,0.011565994
de3697a6b.jpg,1,0,0.26345322
de3697a6b.jpg,2,0,0.55665
de3697a6b.jpg,3,0,0.35994363
de3697a6b.jpg,4,0,0.0034526407
de380b874.jpg,1,0,0.093396194
de380b874.jpg,2,0,0.005527142
de380b874.jpg,3,1,0.8914755
de380b874.jpg,4,0,0.011000536
de3a78982.jpg,1,0,0.23568392
de3a78982.jpg,2,0,0.15491267
de3a78982.jpg,3,1,0.71823865
de3a78982.jpg,4,0,0.003960593
de3e2cde1.jpg,1,0,0.35507867
de3e2cde1.jpg,2,0,0.01458625
de3e2cde1.jpg,3,1,0.7818219
de3e2cde1.jpg,4,0,0.028145785
de441539f.jpg,1,0,0.56685925
de441539f.jpg,2,0,0.010214271
de441539f.jpg,3,0,0.32275495
de441539f.jpg,4,0,0.04454426
de5881c2b.jpg,1,0,0.05693167
de5881c2b.jpg,2,0,0.032946575
de5881c2b.jpg,3,1,0.8862589
de5881c2b.jpg,4,0,0.0036352908
de5d1eab7.jpg,1,1,0.62778735
de5d1eab7.jpg,2,0,0.07020125
de5d1eab7.jpg,3,0,0.25260746
de5d1eab7.jpg,4,0,0.033200536
de647f3f0.jpg,1,0,0.38832173
de647f3f0.jpg,2,0,0.47990522
de647f3f0.jpg,3,0,0.36616537
de647f3f0.jpg,4,0,0.00533204
de68c8b21.jpg,1,0,0.56990534
de68c8b21.jpg,2,0,0.012196884
de68c8b21.jpg,3,0,0.310468
de68c8b21.jpg,4,0,0.051047344
de6c7d918.jpg,1,0,0.0520692
de6c7d918.jpg,2,0,0.02779521
de6c7d918.jpg,3,1,0.88368815
de6c7d918.jpg,4,0,0.0032013587
de7556be9.jpg,1,1,0.75784945
de7556be9.jpg,2,0,0.011122473
de7556be9.jpg,3,0,0.22961046
de7556be9.jpg,4,0,0.025722647
de772e98c.jpg,1,0,0.3012386
de772e98c.jpg,2,0,0.01971229
de772e98c.jpg,3,0,0.5535105
de772e98c.jpg,4,0,0.07176137
de84d6b0e.jpg,1,1,0.73305225
de84d6b0e.jpg,2,0,0.05375598
de84d6b0e.jpg,3,0,0.2389751
de84d6b0e.jpg,4,0,0.0056536812
de94107b9.jpg,1,0,0.1364484
de94107b9.jpg,2,0,0.023385646
de94107b9.jpg,3,1,0.84207004
de94107b9.jpg,4,0,0.0054667084
de9d9be8d.jpg,1,0,0.2793652
de9d9be8d.jpg,2,0,0.037155505
de9d9be8d.jpg,3,1,0.6000162
de9d9be8d.jpg,4,0,0.020473326
de9e8b125.jpg,1,0,0.03865483
de9e8b125.jpg,2,0,0.018275997
de9e8b125.jpg,3,1,0.8754156
de9e8b125.jpg,4,0,0.009159029
deb413061.jpg,1,0,0.14373249
deb413061.jpg,2,0,0.064943336
deb413061.jpg,3,0,0.51467186
deb413061.jpg,4,0,0.0034072457
dec5aa06a.jpg,1,0,0.05646171
dec5aa06a.jpg,2,0,0.039076973
dec5aa06a.jpg,3,1,0.8822517
dec5aa06a.jpg,4,0,0.002250676
dedf68f1e.jpg,1,0,0.02623435
dedf68f1e.jpg,2,0,0.0050652516
dedf68f1e.jpg,3,1,0.6414495
dedf68f1e.jpg,4,1,0.66408634
dee193676.jpg,1,0,0.2915186
dee193676.jpg,2,0,0.080833465
dee193676.jpg,3,0,0.5060237
dee193676.jpg,4,0,0.13883798
dee199566.jpg,1,0,0.1401538
dee199566.jpg,2,0,0.21195106
dee199566.jpg,3,1,0.75883013
dee199566.jpg,4,0,0.003995206
deecb0ebc.jpg,1,0,0.32659987
deecb0ebc.jpg,2,0,0.17181659
deecb0ebc.jpg,3,1,0.6174219
deecb0ebc.jpg,4,0,0.0035180065
deee92c53.jpg,1,0,0.052576244
deee92c53.jpg,2,0,0.019487442
deee92c53.jpg,3,1,0.8938864
deee92c53.jpg,4,0,0.0035735567
def7d77bd.jpg,1,0,0.5080923
def7d77bd.jpg,2,0,0.048268944
def7d77bd.jpg,3,0,0.4069893
def7d77bd.jpg,4,0,0.035917033
def82377d.jpg,1,1,0.71251386
def82377d.jpg,2,0,0.006454821
def82377d.jpg,3,0,0.20170708
def82377d.jpg,4,0,0.13571393
defe590d5.jpg,1,0,0.07607425
defe590d5.jpg,2,0,0.03958707
defe590d5.jpg,3,1,0.84358793
defe590d5.jpg,4,0,0.0023991244
df0facbbd.jpg,1,0,0.036496516
df0facbbd.jpg,2,0,0.004624958
df0facbbd.jpg,3,0,0.39885375
df0facbbd.jpg,4,1,0.7625084
df1563e0a.jpg,1,0,0.12704343
df1563e0a.jpg,2,0,0.03519262
df1563e0a.jpg,3,1,0.71582824
df1563e0a.jpg,4,0,0.083755404
df26bf446.jpg,1,0,0.015470984
df26bf446.jpg,2,0,0.004826689
df26bf446.jpg,3,1,0.9064212
df26bf446.jpg,4,0,0.030465761
df35fdc3b.jpg,1,0,0.27460614
df35fdc3b.jpg,2,0,0.0075410963
df35fdc3b.jpg,3,1,0.78527445
df35fdc3b.jpg,4,0,0.019195665
df3bbe08a.jpg,1,0,0.28250897
df3bbe08a.jpg,2,0,0.056521986
df3bbe08a.jpg,3,1,0.6868358
df3bbe08a.jpg,4,0,0.012401853
df40eeee1.jpg,1,0,0.23591326
df40eeee1.jpg,2,0,0.006002418
df40eeee1.jpg,3,1,0.8446197
df40eeee1.jpg,4,0,0.0021648593
df44f4681.jpg,1,0,0.07625341
df44f4681.jpg,2,0,0.0076580886
df44f4681.jpg,3,1,0.84846026
df44f4681.jpg,4,0,0.073288046
df49b22a1.jpg,1,0,0.03422917
df49b22a1.jpg,2,0,0.01821726
df49b22a1.jpg,3,1,0.87708616
df49b22a1.jpg,4,0,0.002674808
df62d5dac.jpg,1,0,0.034759004
df62d5dac.jpg,2,0,0.0049150595
df62d5dac.jpg,3,1,0.8669314
df62d5dac.jpg,4,0,0.091276
df6315644.jpg,1,0,0.037655625
df6315644.jpg,2,0,0.005771075
df6315644.jpg,3,1,0.81087166
df6315644.jpg,4,0,0.025418585
df6767e85.jpg,1,1,0.6787369
df6767e85.jpg,2,0,0.17086999
df6767e85.jpg,3,0,0.17023356
df6767e85.jpg,4,0,0.00511994
df6d7abe9.jpg,1,0,0.025151312
df6d7abe9.jpg,2,0,0.0030593127
df6d7abe9.jpg,3,1,0.923841
df6d7abe9.jpg,4,0,0.021816751
df71a40b4.jpg,1,1,0.74438286
df71a40b4.jpg,2,0,0.007892832
df71a40b4.jpg,3,0,0.16470347
df71a40b4.jpg,4,0,0.023402037
df78c5378.jpg,1,0,0.13230662
df78c5378.jpg,2,0,0.016837448
df78c5378.jpg,3,1,0.7776654
df78c5378.jpg,4,0,0.062427413
df88012c9.jpg,1,0,0.030061796
df88012c9.jpg,2,0,0.0043968186
df88012c9.jpg,3,1,0.8210899
df88012c9.jpg,4,0,0.16762769
df8bb3d7a.jpg,1,0,0.028765878
df8bb3d7a.jpg,2,0,0.0047955005
df8bb3d7a.jpg,3,1,0.72192717
df8bb3d7a.jpg,4,0,0.5253187
df8bdbe64.jpg,1,0,0.20891987
df8bdbe64.jpg,2,0,0.02442074
df8bdbe64.jpg,3,1,0.7381771
df8bdbe64.jpg,4,0,0.008361353
df8db6488.jpg,1,0,0.020146541
df8db6488.jpg,2,0,0.003355505
df8db6488.jpg,3,1,0.84286547
df8db6488.jpg,4,0,0.15238723
df921f305.jpg,1,0,0.15735842
df921f305.jpg,2,0,0.089561045
df921f305.jpg,3,1,0.637538
df921f305.jpg,4,0,0.099482276
dfa6bb9f2.jpg,1,0,0.03050294
dfa6bb9f2.jpg,2,0,0.011564539
dfa6bb9f2.jpg,3,1,0.90346813
dfa6bb9f2.jpg,4,0,0.006886611
dfa738334.jpg,1,0,0.05127995
dfa738334.jpg,2,0,0.027499095
dfa738334.jpg,3,1,0.90189666
dfa738334.jpg,4,0,0.0017307755
dfaa910f1.jpg,1,0,0.039771523
dfaa910f1.jpg,2,0,0.01858297
dfaa910f1.jpg,3,1,0.8962469
dfaa910f1.jpg,4,0,0.0026475284
dfacf6847.jpg,1,0,0.06897571
dfacf6847.jpg,2,0,0.0073751365
dfacf6847.jpg,3,1,0.8502405
dfacf6847.jpg,4,0,0.01901523
dfb1ab260.jpg,1,0,0.036601964
dfb1ab260.jpg,2,0,0.005160183
dfb1ab260.jpg,3,1,0.8342959
dfb1ab260.jpg,4,0,0.07451241
dfc265237.jpg,1,0,0.011149666
dfc265237.jpg,2,0,0.0014955783
dfc265237.jpg,3,1,0.94471043
dfc265237.jpg,4,0,0.0042211753
dfce7af35.jpg,1,0,0.045834783
dfce7af35.jpg,2,0,0.031663116
dfce7af35.jpg,3,1,0.89694685
dfce7af35.jpg,4,0,0.00287968
dfe22fbdf.jpg,1,0,0.26838312
dfe22fbdf.jpg,2,0,0.023129156
dfe22fbdf.jpg,3,0,0.5940816
dfe22fbdf.jpg,4,0,0.17736275
dfe7621cd.jpg,1,0,0.06253966
dfe7621cd.jpg,2,0,0.0065174564
dfe7621cd.jpg,3,0,0.5879479
dfe7621cd.jpg,4,0,0.21189706
dfef2b00d.jpg,1,0,0.019637076
dfef2b00d.jpg,2,0,0.0047167665
dfef2b00d.jpg,3,1,0.92467254
dfef2b00d.jpg,4,0,0.017611844
dfff97cdb.jpg,1,0,0.018785335
dfff97cdb.jpg,2,0,0.005353205
dfff97cdb.jpg,3,0,0.27576062
dfff97cdb.jpg,4,1,0.849055
e01423b52.jpg,1,0,0.059904728
e01423b52.jpg,2,0,0.035585504
e01423b52.jpg,3,1,0.87631416
e01423b52.jpg,4,0,0.0020724598
e01b0d22c.jpg,1,0,0.03396648
e01b0d22c.jpg,2,0,0.0020441245
e01b0d22c.jpg,3,1,0.94314575
e01b0d22c.jpg,4,0,0.0076706964
e01e85c24.jpg,1,0,0.22108243
e01e85c24.jpg,2,0,0.13611616
e01e85c24.jpg,3,0,0.42981455
e01e85c24.jpg,4,0,0.2003944
e028447a2.jpg,1,0,0.034250755
e028447a2.jpg,2,0,0.0053374767
e028447a2.jpg,3,1,0.879569
e028447a2.jpg,4,0,0.06041385
e06ab811a.jpg,1,0,0.048801806
e06ab811a.jpg,2,0,0.019789651
e06ab811a.jpg,3,1,0.7123425
e06ab811a.jpg,4,0,0.25302175
e06b3cf7c.jpg,1,0,0.056287985
e06b3cf7c.jpg,2,0,0.034217823
e06b3cf7c.jpg,3,1,0.8825535
e06b3cf7c.jpg,4,0,0.0020330818
e0736d5cd.jpg,1,0,0.2229753
e0736d5cd.jpg,2,0,0.14962398
e0736d5cd.jpg,3,1,0.6390101
e0736d5cd.jpg,4,0,0.042357847
e07986242.jpg,1,0,0.053185392
e07986242.jpg,2,0,0.035994012
e07986242.jpg,3,1,0.8574715
e07986242.jpg,4,0,0.002243016
e07f423a3.jpg,1,0,0.36750805
e07f423a3.jpg,2,0,0.0031684432
e07f423a3.jpg,3,1,0.7494058
e07f423a3.jpg,4,0,0.014780432
e08f99e1f.jpg,1,0,0.33630887
e08f99e1f.jpg,2,0,0.011639378
e08f99e1f.jpg,3,1,0.6996891
e08f99e1f.jpg,4,0,0.0050863866
e092e3bd8.jpg,1,0,0.30515227
e092e3bd8.jpg,2,0,0.013709431
e092e3bd8.jpg,3,1,0.80163044
e092e3bd8.jpg,4,0,0.054488037
e092e5eec.jpg,1,0,0.31829023
e092e5eec.jpg,2,0,0.021032177
e092e5eec.jpg,3,0,0.58373594
e092e5eec.jpg,4,0,0.050815552
e09cb1793.jpg,1,1,0.74248743
e09cb1793.jpg,2,0,0.049991
e09cb1793.jpg,3,0,0.1727023
e09cb1793.jpg,4,0,0.023678662
e0a14ff15.jpg,1,0,0.19742139
e0a14ff15.jpg,2,0,0.004270096
e0a14ff15.jpg,3,1,0.6468716
e0a14ff15.jpg,4,0,0.032432526
e0a53c79d.jpg,1,1,0.72573954
e0a53c79d.jpg,2,0,0.005593337
e0a53c79d.jpg,3,0,0.298891
e0a53c79d.jpg,4,0,0.015588854
e0a5a7636.jpg,1,0,0.4967328
e0a5a7636.jpg,2,0,0.5609507
e0a5a7636.jpg,3,0,0.291486
e0a5a7636.jpg,4,0,0.003686554
e0b422958.jpg,1,0,0.12189683
e0b422958.jpg,2,0,0.0131237535
e0b422958.jpg,3,1,0.8182691
e0b422958.jpg,4,0,0.07406572
e0bcd50bb.jpg,1,0,0.19628249
e0bcd50bb.jpg,2,0,0.013585688
e0bcd50bb.jpg,3,1,0.7731262
e0bcd50bb.jpg,4,0,0.0056769983
e0d3ed478.jpg,1,0,0.22897302
e0d3ed478.jpg,2,0,0.044465575
e0d3ed478.jpg,3,1,0.6297369
e0d3ed478.jpg,4,0,0.03331485
e0d6b15d3.jpg,1,0,0.54153633
e0d6b15d3.jpg,2,0,0.016474431
e0d6b15d3.jpg,3,0,0.33742
e0d6b15d3.jpg,4,0,0.13930385
e0e7ab829.jpg,1,0,0.05795254
e0e7ab829.jpg,2,0,0.020468986
e0e7ab829.jpg,3,1,0.7798793
e0e7ab829.jpg,4,0,0.027917592
e0f059688.jpg,1,1,0.76237893
e0f059688.jpg,2,0,0.019927112
e0f059688.jpg,3,0,0.13389999
e0f059688.jpg,4,0,0.01177314
e10331658.jpg,1,0,0.05731609
e10331658.jpg,2,0,0.038313176
e10331658.jpg,3,1,0.86293715
e10331658.jpg,4,0,0.0030640096
e10857d88.jpg,1,0,0.12921007
e10857d88.jpg,2,0,0.03084243
e10857d88.jpg,3,1,0.85202616
e10857d88.jpg,4,0,0.0026215638
e1090545d.jpg,1,0,0.024240816
e1090545d.jpg,2,0,0.003532853
e1090545d.jpg,3,1,0.9025735
e1090545d.jpg,4,0,0.0075325184
e109c4a25.jpg,1,0,0.422237
e109c4a25.jpg,2,0,0.26943663
e109c4a25.jpg,3,0,0.49274015
e109c4a25.jpg,4,0,0.0035932697
e120be595.jpg,1,0,0.024601303
e120be595.jpg,2,0,0.003187009
e120be595.jpg,3,1,0.77511925
e120be595.jpg,4,0,0.017416855
e12ebcff3.jpg,1,0,0.027743733
e12ebcff3.jpg,2,0,0.003271607
e12ebcff3.jpg,3,1,0.8517204
e12ebcff3.jpg,4,0,0.035005674
e1309a0b6.jpg,1,0,0.29839113
e1309a0b6.jpg,2,0,0.03139935
e1309a0b6.jpg,3,1,0.7016151
e1309a0b6.jpg,4,0,0.018853433
e142da92e.jpg,1,0,0.19574054
e142da92e.jpg,2,0,0.057650197
e142da92e.jpg,3,1,0.7503622
e142da92e.jpg,4,0,0.0056766365
e14630e16.jpg,1,0,0.06611739
e14630e16.jpg,2,0,0.0065274537
e14630e16.jpg,3,1,0.81065154
e14630e16.jpg,4,0,0.08340087
e1472f393.jpg,1,0,0.5262008
e1472f393.jpg,2,0,0.027006246
e1472f393.jpg,3,0,0.27694634
e1472f393.jpg,4,0,0.05753882
e15b2b33e.jpg,1,0,0.08419576
e15b2b33e.jpg,2,0,0.03181286
e15b2b33e.jpg,3,1,0.8755081
e15b2b33e.jpg,4,0,0.002712058
e1605144e.jpg,1,0,0.06813205
e1605144e.jpg,2,0,0.03309616
e1605144e.jpg,3,1,0.8771999
e1605144e.jpg,4,0,0.002141456
e16b5476a.jpg,1,0,0.08469174
e16b5476a.jpg,2,0,0.009522985
e16b5476a.jpg,3,1,0.8801406
e16b5476a.jpg,4,0,0.038472667
e1746ca87.jpg,1,0,0.021568619
e1746ca87.jpg,2,0,0.004125862
e1746ca87.jpg,3,0,0.27981308
e1746ca87.jpg,4,1,0.85626394
e179b9f6c.jpg,1,0,0.027132453
e179b9f6c.jpg,2,0,0.0049907286
e179b9f6c.jpg,3,1,0.92128724
e179b9f6c.jpg,4,0,0.0050625126
e17b08b5d.jpg,1,0,0.0208512
e17b08b5d.jpg,2,0,0.007589149
e17b08b5d.jpg,3,0,0.18807007
e17b08b5d.jpg,4,1,0.93864894
e198288a3.jpg,1,0,0.017094793
e198288a3.jpg,2,0,0.0028193092
e198288a3.jpg,3,1,0.9308536
e198288a3.jpg,4,0,0.01405713
e19a5a78e.jpg,1,0,0.016999466
e19a5a78e.jpg,2,0,0.0043605245
e19a5a78e.jpg,3,1,0.92762095
e19a5a78e.jpg,4,0,0.02669087
e19d08577.jpg,1,0,0.23329657
e19d08577.jpg,2,0,0.44264045
e19d08577.jpg,3,0,0.48054674
e19d08577.jpg,4,0,0.0047193626
e1a2ddcab.jpg,1,1,0.7474937
e1a2ddcab.jpg,2,0,0.007308154
e1a2ddcab.jpg,3,0,0.18395872
e1a2ddcab.jpg,4,0,0.03042263
e1ab33d6a.jpg,1,0,0.031919897
e1ab33d6a.jpg,2,0,0.0043518036
e1ab33d6a.jpg,3,1,0.83559376
e1ab33d6a.jpg,4,0,0.024193093
e1bb2dcd7.jpg,1,0,0.06413639
e1bb2dcd7.jpg,2,0,0.14523189
e1bb2dcd7.jpg,3,0,0.58700854
e1bb2dcd7.jpg,4,0,0.004797211
e1cd1317a.jpg,1,1,0.76557356
e1cd1317a.jpg,2,0,0.13787387
e1cd1317a.jpg,3,0,0.25314084
e1cd1317a.jpg,4,0,0.005530903
e1d7f5dd8.jpg,1,0,0.134311
e1d7f5dd8.jpg,2,0,0.010922882
e1d7f5dd8.jpg,3,1,0.82083106
e1d7f5dd8.jpg,4,0,0.007535685
e1e2ed9ac.jpg,1,0,0.29790202
e1e2ed9ac.jpg,2,0,0.12355658
e1e2ed9ac.jpg,3,0,0.5048155
e1e2ed9ac.jpg,4,0,0.031555295
e1f8306ec.jpg,1,0,0.04293364
e1f8306ec.jpg,2,0,0.041628856
e1f8306ec.jpg,3,1,0.88897014
e1f8306ec.jpg,4,0,0.0024272439
e1fd7387d.jpg,1,0,0.0795661
e1fd7387d.jpg,2,0,0.38185832
e1fd7387d.jpg,3,0,0.490725
e1fd7387d.jpg,4,0,0.0037703833
e1ff91d28.jpg,1,0,0.067574866
e1ff91d28.jpg,2,0,0.008992652
e1ff91d28.jpg,3,1,0.9139788
e1ff91d28.jpg,4,0,0.011108582
e208178c4.jpg,1,0,0.3138678
e208178c4.jpg,2,0,0.35941347
e208178c4.jpg,3,0,0.5342057
e208178c4.jpg,4,0,0.0036023066
e209b2ea3.jpg,1,0,0.020699324
e209b2ea3.jpg,2,0,0.00915677
e209b2ea3.jpg,3,1,0.90390795
e209b2ea3.jpg,4,0,0.017171573
e20e2f62e.jpg,1,0,0.022653723
e20e2f62e.jpg,2,0,0.0060347603
e20e2f62e.jpg,3,1,0.8822103
e20e2f62e.jpg,4,0,0.052190308
e2110e975.jpg,1,0,0.13890766
e2110e975.jpg,2,0,0.0050403574
e2110e975.jpg,3,0,0.5554305
e2110e975.jpg,4,0,0.46013358
e2158d56c.jpg,1,0,0.1548866
e2158d56c.jpg,2,0,0.0066998755
e2158d56c.jpg,3,1,0.745009
e2158d56c.jpg,4,0,0.120194346
e2243dac0.jpg,1,0,0.054142397
e2243dac0.jpg,2,0,0.034419212
e2243dac0.jpg,3,1,0.88437396
e2243dac0.jpg,4,0,0.0029965404
e2376c96d.jpg,1,0,0.041777343
e2376c96d.jpg,2,0,0.0201191
e2376c96d.jpg,3,1,0.8745385
e2376c96d.jpg,4,0,0.00300599
e237a3954.jpg,1,1,0.7210102
e237a3954.jpg,2,0,0.053938065
e237a3954.jpg,3,0,0.2378984
e237a3954.jpg,4,0,0.004015681
e23cd3972.jpg,1,0,0.027876994
e23cd3972.jpg,2,0,0.22850494
e23cd3972.jpg,3,1,0.8500013
e23cd3972.jpg,4,0,0.0034353118
e2526a273.jpg,1,0,0.037950676
e2526a273.jpg,2,0,0.01781579
e2526a273.jpg,3,1,0.8803571
e2526a273.jpg,4,0,0.0032243815
e284ee58b.jpg,1,0,0.034898397
e284ee58b.jpg,2,0,0.012749395
e284ee58b.jpg,3,1,0.883148
e284ee58b.jpg,4,0,0.026880115
e29bc20c9.jpg,1,0,0.0399897
e29bc20c9.jpg,2,0,0.008236569
e29bc20c9.jpg,3,1,0.8069195
e29bc20c9.jpg,4,0,0.11095231
e2b260925.jpg,1,0,0.032654956
e2b260925.jpg,2,0,0.004287137
e2b260925.jpg,3,0,0.45585963
e2b260925.jpg,4,0,0.25128064
e2ccc3cff.jpg,1,0,0.047267705
e2ccc3cff.jpg,2,0,0.0058758967
e2ccc3cff.jpg,3,1,0.7970286
e2ccc3cff.jpg,4,0,0.025354596
e2d85b801.jpg,1,0,0.06934253
e2d85b801.jpg,2,0,0.029031986
e2d85b801.jpg,3,1,0.87615347
e2d85b801.jpg,4,0,0.0019201174
e2dc3360f.jpg,1,0,0.36774275
e2dc3360f.jpg,2,0,0.019368956
e2dc3360f.jpg,3,0,0.53198224
e2dc3360f.jpg,4,0,0.040446814
e2f472281.jpg,1,0,0.2044083
e2f472281.jpg,2,0,0.13418941
e2f472281.jpg,3,1,0.7032886
e2f472281.jpg,4,0,0.006766601
e30317c29.jpg,1,0,0.018155403
e30317c29.jpg,2,0,0.0058430154
e30317c29.jpg,3,1,0.89984417
e30317c29.jpg,4,0,0.017770201
e30b2a7dc.jpg,1,0,0.06575418
e30b2a7dc.jpg,2,0,0.28030008
e30b2a7dc.jpg,3,1,0.60216004
e30b2a7dc.jpg,4,0,0.055819195
e30e861c8.jpg,1,0,0.27650577
e30e861c8.jpg,2,0,0.00736358
e30e861c8.jpg,3,1,0.606788
e30e861c8.jpg,4,0,0.030705728
e31cb8391.jpg,1,0,0.014825675
e31cb8391.jpg,2,0,0.0046897787
e31cb8391.jpg,3,0,0.48507515
e31cb8391.jpg,4,1,0.81069607
e327ab8f4.jpg,1,0,0.21210517
e327ab8f4.jpg,2,0,0.02967449
e327ab8f4.jpg,3,1,0.7631006
e327ab8f4.jpg,4,0,0.015691979
e330aef2b.jpg,1,0,0.036756497
e330aef2b.jpg,2,0,0.01715769
e330aef2b.jpg,3,1,0.8909785
e330aef2b.jpg,4,0,0.0036521424
e3696e688.jpg,1,1,0.69985104
e3696e688.jpg,2,0,0.034834057
e3696e688.jpg,3,0,0.28246856
e3696e688.jpg,4,0,0.008196433
e370ebcf6.jpg,1,0,0.3862426
e370ebcf6.jpg,2,0,0.06944
e370ebcf6.jpg,3,0,0.5657142
e370ebcf6.jpg,4,0,0.013228175
e380b37ba.jpg,1,0,0.059559222
e380b37ba.jpg,2,0,0.037133545
e380b37ba.jpg,3,1,0.88584065
e380b37ba.jpg,4,0,0.0024467164
e3818998f.jpg,1,0,0.029612511
e3818998f.jpg,2,0,0.0047298293
e3818998f.jpg,3,1,0.7112805
e3818998f.jpg,4,0,0.019047648
e39005c58.jpg,1,0,0.10501439
e39005c58.jpg,2,0,0.082734674
e39005c58.jpg,3,1,0.7875795
e39005c58.jpg,4,0,0.0038395736
e391fbf7c.jpg,1,0,0.053828824
e391fbf7c.jpg,2,0,0.03244136
e391fbf7c.jpg,3,1,0.8810632
e391fbf7c.jpg,4,0,0.0017221073
e3950842c.jpg,1,0,0.14999533
e3950842c.jpg,2,0,0.45908853
e3950842c.jpg,3,0,0.42153373
e3950842c.jpg,4,0,0.0069031003
e397fcb9c.jpg,1,0,0.31874892
e397fcb9c.jpg,2,1,0.66409963
e397fcb9c.jpg,3,0,0.14264666
e397fcb9c.jpg,4,0,0.009387281
e39d1aed1.jpg,1,0,0.022744587
e39d1aed1.jpg,2,0,0.0033078531
e39d1aed1.jpg,3,1,0.8612464
e39d1aed1.jpg,4,0,0.15070795
e39e27fec.jpg,1,0,0.043170188
e39e27fec.jpg,2,0,0.03185147
e39e27fec.jpg,3,1,0.8709569
e39e27fec.jpg,4,0,0.012326735
e39ea7c89.jpg,1,0,0.25416473
e39ea7c89.jpg,2,0,0.11799818
e39ea7c89.jpg,3,0,0.39563164
e39ea7c89.jpg,4,0,0.0112286545
e39fd5f95.jpg,1,0,0.13873127
e39fd5f95.jpg,2,0,0.14900751
e39fd5f95.jpg,3,1,0.7598471
e39fd5f95.jpg,4,0,0.0028681045
e3a2682fa.jpg,1,0,0.5181386
e3a2682fa.jpg,2,0,0.42447567
e3a2682fa.jpg,3,0,0.31725582
e3a2682fa.jpg,4,0,0.00550779
e3b483883.jpg,1,0,0.10441897
e3b483883.jpg,2,0,0.06680148
e3b483883.jpg,3,1,0.8088787
e3b483883.jpg,4,0,0.0022524782
e3b59d064.jpg,1,0,0.21835129
e3b59d064.jpg,2,0,0.24010682
e3b59d064.jpg,3,0,0.5965957
e3b59d064.jpg,4,0,0.004138175
e3bb016c6.jpg,1,0,0.13128693
e3bb016c6.jpg,2,0,0.017644899
e3bb016c6.jpg,3,1,0.8006201
e3bb016c6.jpg,4,0,0.03937361
e3bddc043.jpg,1,0,0.106509455
e3bddc043.jpg,2,0,0.031543177
e3bddc043.jpg,3,1,0.7618945
e3bddc043.jpg,4,0,0.0074637146
e4060c2c4.jpg,1,0,0.18266934
e4060c2c4.jpg,2,0,0.09240816
e4060c2c4.jpg,3,0,0.4377656
e4060c2c4.jpg,4,0,0.11783433
e4061ebfe.jpg,1,1,0.6082548
e4061ebfe.jpg,2,0,0.010523338
e4061ebfe.jpg,3,0,0.19405623
e4061ebfe.jpg,4,0,0.034342904
e408cfbfa.jpg,1,0,0.02409839
e408cfbfa.jpg,2,0,0.018253408
e408cfbfa.jpg,3,1,0.72893906
e408cfbfa.jpg,4,0,0.42725047
e40997e7a.jpg,1,0,0.03249346
e40997e7a.jpg,2,0,0.004296737
e40997e7a.jpg,3,1,0.9264529
e40997e7a.jpg,4,0,0.015593517
e40e4bcb1.jpg,1,0,0.14555538
e40e4bcb1.jpg,2,0,0.0117745
e40e4bcb1.jpg,3,1,0.85717845
e40e4bcb1.jpg,4,0,0.02485279
e4168f460.jpg,1,1,0.642149
e4168f460.jpg,2,0,0.24316104
e4168f460.jpg,3,0,0.15335478
e4168f460.jpg,4,0,0.005060959
e43f63abf.jpg,1,0,0.502078
e43f63abf.jpg,2,0,0.13820706
e43f63abf.jpg,3,0,0.41430295
e43f63abf.jpg,4,0,0.0046130954
e44caf990.jpg,1,0,0.06039228
e44caf990.jpg,2,0,0.037777025
e44caf990.jpg,3,1,0.8709457
e44caf990.jpg,4,0,0.002992591
e451c61ec.jpg,1,0,0.011424333
e451c61ec.jpg,2,0,0.0021661823
e451c61ec.jpg,3,1,0.94002837
e451c61ec.jpg,4,0,0.054888338
e456de29c.jpg,1,0,0.04666784
e456de29c.jpg,2,0,0.03609456
e456de29c.jpg,3,1,0.8790447
e456de29c.jpg,4,0,0.0019292808
e45717eb4.jpg,1,0,0.033097874
e45717eb4.jpg,2,0,0.014070466
e45717eb4.jpg,3,1,0.8961404
e45717eb4.jpg,4,0,0.0028250597
e460fa399.jpg,1,0,0.1343254
e460fa399.jpg,2,0,0.0134860575
e460fa399.jpg,3,1,0.8346326
e460fa399.jpg,4,0,0.0062432922
e4612d7c4.jpg,1,0,0.05231394
e4612d7c4.jpg,2,0,0.028321868
e4612d7c4.jpg,3,1,0.88621444
e4612d7c4.jpg,4,0,0.0018516422
e46d406b2.jpg,1,0,0.021322735
e46d406b2.jpg,2,0,0.007097515
e46d406b2.jpg,3,0,0.24493127
e46d406b2.jpg,4,1,0.881169
e4785ca2b.jpg,1,0,0.050807893
e4785ca2b.jpg,2,0,0.024166068
e4785ca2b.jpg,3,1,0.8156485
e4785ca2b.jpg,4,0,0.037341304
e49713969.jpg,1,0,0.068981305
e49713969.jpg,2,0,0.023607016
e49713969.jpg,3,1,0.80698127
e49713969.jpg,4,0,0.016325476
e49ca4ccc.jpg,1,0,0.5737187
e49ca4ccc.jpg,2,0,0.07204923
e49ca4ccc.jpg,3,0,0.28499398
e49ca4ccc.jpg,4,0,0.016993264
e49f34ac1.jpg,1,0,0.26757643
e49f34ac1.jpg,2,0,0.03761693
e49f34ac1.jpg,3,0,0.4643537
e49f34ac1.jpg,4,0,0.15308996
e4b728071.jpg,1,0,0.26593566
e4b728071.jpg,2,0,0.01336828
e4b728071.jpg,3,1,0.6778031
e4b728071.jpg,4,0,0.0076277293
e4b8463a5.jpg,1,0,0.12910028
e4b8463a5.jpg,2,0,0.009430795
e4b8463a5.jpg,3,1,0.8581999
e4b8463a5.jpg,4,0,0.008857836
e4c74b12b.jpg,1,1,0.6608859
e4c74b12b.jpg,2,0,0.01571686
e4c74b12b.jpg,3,0,0.5419878
e4c74b12b.jpg,4,0,0.0076139173
e4ca239cc.jpg,1,0,0.44953337
e4ca239cc.jpg,2,0,0.11498443
e4ca239cc.jpg,3,0,0.5267993
e4ca239cc.jpg,4,0,0.010909759
e4cec2544.jpg,1,0,0.02279034
e4cec2544.jpg,2,0,0.004766632
e4cec2544.jpg,3,1,0.90671015
e4cec2544.jpg,4,0,0.0066030864
e4d2a3b4f.jpg,1,0,0.045800745
e4d2a3b4f.jpg,2,0,0.0045318753
e4d2a3b4f.jpg,3,0,0.5313633
e4d2a3b4f.jpg,4,0,0.028345292
e4e912aff.jpg,1,0,0.04928693
e4e912aff.jpg,2,0,0.026146486
e4e912aff.jpg,3,1,0.8898406
e4e912aff.jpg,4,0,0.0020121308
e4ece4156.jpg,1,0,0.06917793
e4ece4156.jpg,2,0,0.045619655
e4ece4156.jpg,3,1,0.87064236
e4ece4156.jpg,4,0,0.0025042184
e4f7dd7de.jpg,1,1,0.70597076
e4f7dd7de.jpg,2,0,0.013909574
e4f7dd7de.jpg,3,0,0.3254679
e4f7dd7de.jpg,4,0,0.027561
e4ffe47b4.jpg,1,0,0.43259332
e4ffe47b4.jpg,2,0,0.41477463
e4ffe47b4.jpg,3,0,0.3909457
e4ffe47b4.jpg,4,0,0.0037223238
e510142ce.jpg,1,0,0.27993268
e510142ce.jpg,2,0,0.15358452
e510142ce.jpg,3,0,0.3718011
e510142ce.jpg,4,0,0.012881525
e51d69bc6.jpg,1,0,0.014318655
e51d69bc6.jpg,2,0,0.0027599866
e51d69bc6.jpg,3,1,0.8968294
e51d69bc6.jpg,4,0,0.117987484
e523acb58.jpg,1,0,0.37008968
e523acb58.jpg,2,0,0.16812585
e523acb58.jpg,3,0,0.4162809
e523acb58.jpg,4,0,0.026637852
e5504dce7.jpg,1,0,0.19961084
e5504dce7.jpg,2,0,0.09913918
e5504dce7.jpg,3,0,0.47917238
e5504dce7.jpg,4,0,0.1644798
e55cdcaaf.jpg,1,0,0.10327471
e55cdcaaf.jpg,2,0,0.009001386
e55cdcaaf.jpg,3,0,0.56772417
e55cdcaaf.jpg,4,0,0.3758998
e5654ea9e.jpg,1,0,0.015433627
e5654ea9e.jpg,2,0,0.005514384
e5654ea9e.jpg,3,1,0.8812731
e5654ea9e.jpg,4,0,0.046690118
e57a18b8f.jpg,1,0,0.055508327
e57a18b8f.jpg,2,0,0.029800229
e57a18b8f.jpg,3,1,0.8722079
e57a18b8f.jpg,4,0,0.0028298397
e57df8fca.jpg,1,0,0.008001283
e57df8fca.jpg,2,0,0.0020166833
e57df8fca.jpg,3,0,0.35766053
e57df8fca.jpg,4,1,0.85394883
e5803c399.jpg,1,0,0.050619274
e5803c399.jpg,2,0,0.025404336
e5803c399.jpg,3,1,0.88540006
e5803c399.jpg,4,0,0.0025971683
e58a3a29b.jpg,1,1,0.7887831
e58a3a29b.jpg,2,0,0.0063600796
e58a3a29b.jpg,3,0,0.17834
e58a3a29b.jpg,4,0,0.014834389
e5a11bc00.jpg,1,0,0.05736522
e5a11bc00.jpg,2,0,0.030210154
e5a11bc00.jpg,3,1,0.88246757
e5a11bc00.jpg,4,0,0.0037299849
e5c133bf8.jpg,1,0,0.061909094
e5c133bf8.jpg,2,0,0.035631284
e5c133bf8.jpg,3,1,0.884396
e5c133bf8.jpg,4,0,0.002239532
e5c5688de.jpg,1,0,0.48768386
e5c5688de.jpg,2,0,0.5539591
e5c5688de.jpg,3,0,0.29541776
e5c5688de.jpg,4,0,0.005143961
e5c597eca.jpg,1,0,0.35616192
e5c597eca.jpg,2,0,0.07581487
e5c597eca.jpg,3,1,0.7243559
e5c597eca.jpg,4,0,0.010542098
e5f2fac5d.jpg,1,0,0.44409952
e5f2fac5d.jpg,2,0,0.13028575
e5f2fac5d.jpg,3,0,0.5449956
e5f2fac5d.jpg,4,0,0.0073688705
e608d4ea2.jpg,1,0,0.022340268
e608d4ea2.jpg,2,0,0.066520445
e608d4ea2.jpg,3,1,0.88030225
e608d4ea2.jpg,4,0,0.009593208
e6099ecff.jpg,1,0,0.07360771
e6099ecff.jpg,2,0,0.015390231
e6099ecff.jpg,3,1,0.7789305
e6099ecff.jpg,4,0,0.04392752
e61b83be0.jpg,1,0,0.39923832
e61b83be0.jpg,2,0,0.2284211
e61b83be0.jpg,3,0,0.4183092
e61b83be0.jpg,4,0,0.010055833
e61cdc5bc.jpg,1,0,0.2390861
e61cdc5bc.jpg,2,0,0.016223406
e61cdc5bc.jpg,3,1,0.76542735
e61cdc5bc.jpg,4,0,0.0043337857
e62ab86cd.jpg,1,0,0.2134756
e62ab86cd.jpg,2,0,0.0068151094
e62ab86cd.jpg,3,1,0.83543944
e62ab86cd.jpg,4,0,0.008762205
e62fe1121.jpg,1,0,0.1681162
e62fe1121.jpg,2,0,0.00661712
e62fe1121.jpg,3,1,0.83598065
e62fe1121.jpg,4,0,0.009493229
e63531923.jpg,1,0,0.15275304
e63531923.jpg,2,0,0.040772077
e63531923.jpg,3,1,0.7770732
e63531923.jpg,4,0,0.0014345011
e6479cc8e.jpg,1,0,0.5187037
e6479cc8e.jpg,2,0,0.35632482
e6479cc8e.jpg,3,0,0.16018985
e6479cc8e.jpg,4,0,0.027191823
e67e2a30d.jpg,1,0,0.42127645
e67e2a30d.jpg,2,0,0.003445177
e67e2a30d.jpg,3,1,0.72270125
e67e2a30d.jpg,4,0,0.034966145
e69e3b1bb.jpg,1,0,0.03071191
e69e3b1bb.jpg,2,0,0.006252505
e69e3b1bb.jpg,3,1,0.7633136
e69e3b1bb.jpg,4,0,0.017303146
e6add8c88.jpg,1,0,0.23195605
e6add8c88.jpg,2,0,0.28555486
e6add8c88.jpg,3,0,0.43042076
e6add8c88.jpg,4,0,0.053258255
e6ade47b0.jpg,1,0,0.37738928
e6ade47b0.jpg,2,0,0.079147056
e6ade47b0.jpg,3,0,0.54909855
e6ade47b0.jpg,4,0,0.0115906345
e6b03d49c.jpg,1,0,0.018758655
e6b03d49c.jpg,2,0,0.01044599
e6b03d49c.jpg,3,1,0.92930025
e6b03d49c.jpg,4,0,0.04896904
e6f0e0ed7.jpg,1,0,0.36266935
e6f0e0ed7.jpg,2,0,0.24710946
e6f0e0ed7.jpg,3,0,0.5344024
e6f0e0ed7.jpg,4,0,0.0061045703
e6f10f88f.jpg,1,0,0.035087
e6f10f88f.jpg,2,0,0.014019046
e6f10f88f.jpg,3,1,0.89163715
e6f10f88f.jpg,4,0,0.0028813907
e70636005.jpg,1,0,0.46629098
e70636005.jpg,2,0,0.016366398
e70636005.jpg,3,0,0.31936082
e70636005.jpg,4,0,0.1512739
e71ddd5d0.jpg,1,0,0.042353142
e71ddd5d0.jpg,2,0,0.00394287
e71ddd5d0.jpg,3,1,0.65073943
e71ddd5d0.jpg,4,0,0.018131752
e7266ea4b.jpg,1,1,0.6883679
e7266ea4b.jpg,2,0,0.0182859
e7266ea4b.jpg,3,0,0.22240274
e7266ea4b.jpg,4,0,0.0060853385
e727250cc.jpg,1,0,0.47986147
e727250cc.jpg,2,0,0.23166884
e727250cc.jpg,3,0,0.38889107
e727250cc.jpg,4,0,0.009178437
e72f3f78b.jpg,1,0,0.2821763
e72f3f78b.jpg,2,0,0.024293927
e72f3f78b.jpg,3,0,0.42205122
e72f3f78b.jpg,4,0,0.2541614
e73f9429c.jpg,1,0,0.55666393
e73f9429c.jpg,2,0,0.493981
e73f9429c.jpg,3,0,0.24800308
e73f9429c.jpg,4,0,0.005004696
e7402293b.jpg,1,0,0.047933634
e7402293b.jpg,2,0,0.03232792
e7402293b.jpg,3,1,0.889086
e7402293b.jpg,4,0,0.0020747148
e74cca219.jpg,1,0,0.09987984
e74cca219.jpg,2,0,0.1174379
e74cca219.jpg,3,1,0.71995157
e74cca219.jpg,4,0,0.041636262
e75b61a6b.jpg,1,0,0.018234141
e75b61a6b.jpg,2,0,0.004857055
e75b61a6b.jpg,3,0,0.31948188
e75b61a6b.jpg,4,1,0.8229675
e75ea647b.jpg,1,0,0.012402534
e75ea647b.jpg,2,0,0.009813155
e75ea647b.jpg,3,1,0.91343594
e75ea647b.jpg,4,0,0.01548038
e760e3408.jpg,1,0,0.38751653
e760e3408.jpg,2,0,0.040864795
e760e3408.jpg,3,0,0.45135388
e760e3408.jpg,4,0,0.009242252
e78a450fc.jpg,1,0,0.05652537
e78a450fc.jpg,2,0,0.018566905
e78a450fc.jpg,3,1,0.83046085
e78a450fc.jpg,4,0,0.055115145
e7bec7032.jpg,1,0,0.06862026
e7bec7032.jpg,2,0,0.036414165
e7bec7032.jpg,3,1,0.8806658
e7bec7032.jpg,4,0,0.0034898825
e7c0e2635.jpg,1,0,0.04678164
e7c0e2635.jpg,2,0,0.029795982
e7c0e2635.jpg,3,1,0.8817609
e7c0e2635.jpg,4,0,0.0016147271
e7c416952.jpg,1,0,0.014534493
e7c416952.jpg,2,0,0.0023656546
e7c416952.jpg,3,1,0.9173434
e7c416952.jpg,4,0,0.025198022
e7c7998f7.jpg,1,0,0.100224234
e7c7998f7.jpg,2,0,0.11176247
e7c7998f7.jpg,3,1,0.73017883
e7c7998f7.jpg,4,0,0.0031652923
e7d90a9e5.jpg,1,0,0.2632828
e7d90a9e5.jpg,2,0,0.19295968
e7d90a9e5.jpg,3,1,0.60568255
e7d90a9e5.jpg,4,0,0.0057806005
e7e953217.jpg,1,0,0.09640614
e7e953217.jpg,2,0,0.21183716
e7e953217.jpg,3,1,0.6792102
e7e953217.jpg,4,0,0.0045439894
e7f8760be.jpg,1,0,0.031586763
e7f8760be.jpg,2,0,0.0062650735
e7f8760be.jpg,3,0,0.5633697
e7f8760be.jpg,4,0,0.011717281
e7fc0e990.jpg,1,1,0.6548103
e7fc0e990.jpg,2,0,0.030781558
e7fc0e990.jpg,3,0,0.46493518
e7fc0e990.jpg,4,0,0.013958118
e80bc63e0.jpg,1,0,0.12258324
e80bc63e0.jpg,2,0,0.026669553
e80bc63e0.jpg,3,1,0.86704427
e80bc63e0.jpg,4,0,0.0016058075
e80c9a5a5.jpg,1,0,0.03769308
e80c9a5a5.jpg,2,0,0.018002024
e80c9a5a5.jpg,3,1,0.67987394
e80c9a5a5.jpg,4,0,0.25514156
e821225a5.jpg,1,0,0.17436688
e821225a5.jpg,2,0,0.23414004
e821225a5.jpg,3,0,0.4711329
e821225a5.jpg,4,0,0.008231623
e82495446.jpg,1,0,0.028398218
e82495446.jpg,2,0,0.084265314
e82495446.jpg,3,1,0.8641906
e82495446.jpg,4,0,0.004354713
e83b28579.jpg,1,0,0.3988489
e83b28579.jpg,2,0,0.54198265
e83b28579.jpg,3,0,0.38385513
e83b28579.jpg,4,0,0.0027770998
e84c71d2a.jpg,1,0,0.36303353
e84c71d2a.jpg,2,0,0.49668753
e84c71d2a.jpg,3,0,0.3226351
e84c71d2a.jpg,4,0,0.005757485
e85ea3324.jpg,1,1,0.62559247
e85ea3324.jpg,2,0,0.24177031
e85ea3324.jpg,3,0,0.29378936
e85ea3324.jpg,4,0,0.0054622046
e86131975.jpg,1,0,0.35519326
e86131975.jpg,2,0,0.44106898
e86131975.jpg,3,0,0.39919797
e86131975.jpg,4,0,0.0032007538
e8652e0ec.jpg,1,0,0.06974808
e8652e0ec.jpg,2,0,0.0064162854
e8652e0ec.jpg,3,1,0.86682206
e8652e0ec.jpg,4,0,0.0099108815
e8769c360.jpg,1,0,0.08909314
e8769c360.jpg,2,0,0.0040403293
e8769c360.jpg,3,1,0.7940302
e8769c360.jpg,4,0,0.027992211
e89125653.jpg,1,0,0.01840958
e89125653.jpg,2,0,0.006524434
e89125653.jpg,3,1,0.91326094
e89125653.jpg,4,0,0.019994898
e89a4ca99.jpg,1,0,0.075241804
e89a4ca99.jpg,2,0,0.20007597
e89a4ca99.jpg,3,1,0.7804325
e89a4ca99.jpg,4,0,0.0028215032
e89e80583.jpg,1,0,0.022966513
e89e80583.jpg,2,0,0.006923033
e89e80583.jpg,3,0,0.40969297
e89e80583.jpg,4,1,0.77166754
e8a1e41ef.jpg,1,0,0.04213032
e8a1e41ef.jpg,2,0,0.033097114
e8a1e41ef.jpg,3,1,0.8944409
e8a1e41ef.jpg,4,0,0.0022101598
e8a6c6449.jpg,1,0,0.022858351
e8a6c6449.jpg,2,0,0.0028428028
e8a6c6449.jpg,3,1,0.9243169
e8a6c6449.jpg,4,0,0.011256662
e8abd6cba.jpg,1,0,0.04942517
e8abd6cba.jpg,2,0,0.012679835
e8abd6cba.jpg,3,1,0.8393083
e8abd6cba.jpg,4,0,0.0473482
e8c76e7c0.jpg,1,0,0.046894107
e8c76e7c0.jpg,2,0,0.025599532
e8c76e7c0.jpg,3,1,0.892736
e8c76e7c0.jpg,4,0,0.00295348
e8cd3a629.jpg,1,0,0.43691397
e8cd3a629.jpg,2,0,0.03661488
e8cd3a629.jpg,3,0,0.37136653
e8cd3a629.jpg,4,0,0.004458893
e8cd74541.jpg,1,0,0.11033979
e8cd74541.jpg,2,0,0.021468868
e8cd74541.jpg,3,1,0.8258013
e8cd74541.jpg,4,0,0.035121758
e8e2cebb0.jpg,1,0,0.35620567
e8e2cebb0.jpg,2,0,0.0066401754
e8e2cebb0.jpg,3,0,0.58954424
e8e2cebb0.jpg,4,0,0.085471176
e8eefb79a.jpg,1,0,0.028491816
e8eefb79a.jpg,2,0,0.0055208914
e8eefb79a.jpg,3,1,0.88003904
e8eefb79a.jpg,4,0,0.023429027
e8eff1be4.jpg,1,0,0.07813842
e8eff1be4.jpg,2,0,0.002380897
e8eff1be4.jpg,3,1,0.90036625
e8eff1be4.jpg,4,0,0.018696694
e904c0dc2.jpg,1,0,0.010484211
e904c0dc2.jpg,2,0,0.0014429226
e904c0dc2.jpg,3,0,0.5496312
e904c0dc2.jpg,4,1,0.7340954
e9358bd1e.jpg,1,0,0.35307947
e9358bd1e.jpg,2,0,0.009521862
e9358bd1e.jpg,3,0,0.51556
e9358bd1e.jpg,4,0,0.023281654
e93d35a42.jpg,1,0,0.10577772
e93d35a42.jpg,2,0,0.04911636
e93d35a42.jpg,3,1,0.6221298
e93d35a42.jpg,4,0,0.18561064
e955745cc.jpg,1,0,0.060681585
e955745cc.jpg,2,0,0.031691667
e955745cc.jpg,3,1,0.8886656
e955745cc.jpg,4,0,0.0012635076
e962afd43.jpg,1,0,0.37985066
e962afd43.jpg,2,0,0.010958109
e962afd43.jpg,3,1,0.65067536
e962afd43.jpg,4,0,0.0322176
e968f8497.jpg,1,0,0.06673759
e968f8497.jpg,2,0,0.028274572
e968f8497.jpg,3,1,0.8979083
e968f8497.jpg,4,0,0.0014893762
e97867d51.jpg,1,1,0.6052261
e97867d51.jpg,2,0,0.011862702
e97867d51.jpg,3,0,0.44544128
e97867d51.jpg,4,0,0.032755688
e97ea2716.jpg,1,0,0.05528686
e97ea2716.jpg,2,0,0.04504496
e97ea2716.jpg,3,1,0.8848073
e97ea2716.jpg,4,0,0.0023499774
e9843e450.jpg,1,0,0.4837359
e9843e450.jpg,2,0,0.21756041
e9843e450.jpg,3,0,0.45595375
e9843e450.jpg,4,0,0.0050417073
e9853efb5.jpg,1,0,0.5285036
e9853efb5.jpg,2,0,0.4026334
e9853efb5.jpg,3,0,0.15569544
e9853efb5.jpg,4,0,0.017894646
e9ac9b04a.jpg,1,0,0.034884527
e9ac9b04a.jpg,2,0,0.020294948
e9ac9b04a.jpg,3,1,0.90190166
e9ac9b04a.jpg,4,0,0.0024022684
e9b8b1097.jpg,1,0,0.51543325
e9b8b1097.jpg,2,0,0.19676916
e9b8b1097.jpg,3,0,0.27284005
e9b8b1097.jpg,4,0,0.046852726
e9b9b962a.jpg,1,1,0.7313871
e9b9b962a.jpg,2,0,0.009703937
e9b9b962a.jpg,3,0,0.24814622
e9b9b962a.jpg,4,0,0.062962845
e9bc91f3e.jpg,1,0,0.34309733
e9bc91f3e.jpg,2,0,0.5250638
e9bc91f3e.jpg,3,0,0.3473543
e9bc91f3e.jpg,4,0,0.003773896
e9d339446.jpg,1,0,0.052104756
e9d339446.jpg,2,0,0.031849626
e9d339446.jpg,3,1,0.8753031
e9d339446.jpg,4,0,0.0024238322
e9d891a4c.jpg,1,0,0.08309487
e9d891a4c.jpg,2,0,0.017510433
e9d891a4c.jpg,3,1,0.76562405
e9d891a4c.jpg,4,0,0.07942271
e9e1ec555.jpg,1,0,0.43013942
e9e1ec555.jpg,2,0,0.023640705
e9e1ec555.jpg,3,0,0.4323995
e9e1ec555.jpg,4,0,0.019520639
e9efa73f3.jpg,1,0,0.020618254
e9efa73f3.jpg,2,0,0.0056797345
e9efa73f3.jpg,3,0,0.21885175
e9efa73f3.jpg,4,1,0.888897
e9f417c51.jpg,1,0,0.024539463
e9f417c51.jpg,2,0,0.006058313
e9f417c51.jpg,3,1,0.6554564
e9f417c51.jpg,4,0,0.48823705
e9f8d0e52.jpg,1,0,0.37705162
e9f8d0e52.jpg,2,0,0.45565975
e9f8d0e52.jpg,3,0,0.43548226
e9f8d0e52.jpg,4,0,0.0032519028
ea007d1ce.jpg,1,0,0.062734924
ea007d1ce.jpg,2,0,0.05758745
ea007d1ce.jpg,3,0,0.5728394
ea007d1ce.jpg,4,0,0.16638984
ea0d223a2.jpg,1,0,0.087935634
ea0d223a2.jpg,2,0,0.006061724
ea0d223a2.jpg,3,1,0.8127404
ea0d223a2.jpg,4,0,0.0030641782
ea1631a3c.jpg,1,0,0.017294524
ea1631a3c.jpg,2,0,0.003391735
ea1631a3c.jpg,3,1,0.8312784
ea1631a3c.jpg,4,0,0.17360316
ea2579ef3.jpg,1,0,0.035713714
ea2579ef3.jpg,2,0,0.021115137
ea2579ef3.jpg,3,1,0.89844936
ea2579ef3.jpg,4,0,0.0039482065
ea2ae621a.jpg,1,0,0.33633468
ea2ae621a.jpg,2,0,0.031610243
ea2ae621a.jpg,3,1,0.68121725
ea2ae621a.jpg,4,0,0.018726936
ea5cbb433.jpg,1,0,0.04203121
ea5cbb433.jpg,2,0,0.0041662375
ea5cbb433.jpg,3,1,0.93178684
ea5cbb433.jpg,4,0,0.0042466177
ea69ca734.jpg,1,0,0.02077447
ea69ca734.jpg,2,0,0.011586699
ea69ca734.jpg,3,0,0.47600064
ea69ca734.jpg,4,1,0.601873
ea6d99d58.jpg,1,0,0.32284978
ea6d99d58.jpg,2,0,0.009245587
ea6d99d58.jpg,3,1,0.71277255
ea6d99d58.jpg,4,0,0.0740638
ea6e03eea.jpg,1,0,0.34921053
ea6e03eea.jpg,2,0,0.20321237
ea6e03eea.jpg,3,0,0.44992784
ea6e03eea.jpg,4,0,0.011764985
ea6ed545a.jpg,1,0,0.08130244
ea6ed545a.jpg,2,0,0.029593905
ea6ed545a.jpg,3,1,0.8693369
ea6ed545a.jpg,4,0,0.00955207
ea6eee431.jpg,1,0,0.0116278455
ea6eee431.jpg,2,0,0.001979375
ea6eee431.jpg,3,1,0.9002761
ea6eee431.jpg,4,0,0.08903415
ea8c1f361.jpg,1,0,0.02330258
ea8c1f361.jpg,2,0,0.0017765987
ea8c1f361.jpg,3,1,0.950684
ea8c1f361.jpg,4,0,0.008064265
eaa71741a.jpg,1,0,0.24603711
eaa71741a.jpg,2,0,0.26430106
eaa71741a.jpg,3,1,0.60453707
eaa71741a.jpg,4,0,0.005189587
eab87e269.jpg,1,0,0.053835157
eab87e269.jpg,2,0,0.03414183
eab87e269.jpg,3,1,0.8875227
eab87e269.jpg,4,0,0.0016094077
eacf21af0.jpg,1,0,0.07713497
eacf21af0.jpg,2,0,0.0028909408
eacf21af0.jpg,3,1,0.94160765
eacf21af0.jpg,4,0,0.0031478405
eaea28bbe.jpg,1,0,0.039736804
eaea28bbe.jpg,2,0,0.17065549
eaea28bbe.jpg,3,1,0.79713553
eaea28bbe.jpg,4,0,0.022095993
eb00fc925.jpg,1,0,0.046678264
eb00fc925.jpg,2,0,0.042218074
eb00fc925.jpg,3,1,0.76146126
eb00fc925.jpg,4,0,0.06836389
eb385d713.jpg,1,0,0.06349688
eb385d713.jpg,2,0,0.03980668
eb385d713.jpg,3,1,0.86654854
eb385d713.jpg,4,0,0.0024335494
eb5041959.jpg,1,0,0.18649952
eb5041959.jpg,2,0,0.006082174
eb5041959.jpg,3,1,0.75325227
eb5041959.jpg,4,0,0.056738522
eb6fcd82c.jpg,1,0,0.43698278
eb6fcd82c.jpg,2,0,0.012183347
eb6fcd82c.jpg,3,0,0.34418282
eb6fcd82c.jpg,4,0,0.30586615
eb7e35e12.jpg,1,0,0.39740202
eb7e35e12.jpg,2,0,0.02236746
eb7e35e12.jpg,3,0,0.4986498
eb7e35e12.jpg,4,0,0.02604755
eb84daf7f.jpg,1,0,0.44664016
eb84daf7f.jpg,2,0,0.0048273
eb84daf7f.jpg,3,1,0.6801502
eb84daf7f.jpg,4,0,0.009076263
eb96fbef4.jpg,1,0,0.042467088
eb96fbef4.jpg,2,0,0.010143327
eb96fbef4.jpg,3,0,0.3036704
eb96fbef4.jpg,4,1,0.62450826
eb9a4a809.jpg,1,0,0.3716565
eb9a4a809.jpg,2,0,0.59405065
eb9a4a809.jpg,3,0,0.17403269
eb9a4a809.jpg,4,0,0.029248731
eb9b3a15b.jpg,1,0,0.40753517
eb9b3a15b.jpg,2,0,0.0029241163
eb9b3a15b.jpg,3,1,0.7416763
eb9b3a15b.jpg,4,0,0.04668023
ebb4e0af2.jpg,1,0,0.046397176
ebb4e0af2.jpg,2,0,0.02686294
ebb4e0af2.jpg,3,1,0.88783556
ebb4e0af2.jpg,4,0,0.0025762708
ebb559c00.jpg,1,0,0.05688588
ebb559c00.jpg,2,0,0.037380904
ebb559c00.jpg,3,1,0.870765
ebb559c00.jpg,4,0,0.003045937
ebd84e914.jpg,1,1,0.75141484
ebd84e914.jpg,2,0,0.00731214
ebd84e914.jpg,3,0,0.18409975
ebd84e914.jpg,4,0,0.07528917
ebe229fd6.jpg,1,0,0.070183806
ebe229fd6.jpg,2,0,0.039204426
ebe229fd6.jpg,3,1,0.834642
ebe229fd6.jpg,4,0,0.019487152
ebe3e8549.jpg,1,0,0.018754205
ebe3e8549.jpg,2,0,0.0019318544
ebe3e8549.jpg,3,1,0.92489666
ebe3e8549.jpg,4,0,0.009410319
ec0e63edf.jpg,1,0,0.011533767
ec0e63edf.jpg,2,0,0.011170101
ec0e63edf.jpg,3,1,0.92612356
ec0e63edf.jpg,4,0,0.007743144
ec1114bb6.jpg,1,0,0.3368622
ec1114bb6.jpg,2,0,0.26200747
ec1114bb6.jpg,3,1,0.6083349
ec1114bb6.jpg,4,0,0.0030032517
ec14c8d9b.jpg,1,0,0.36084393
ec14c8d9b.jpg,2,0,0.5265383
ec14c8d9b.jpg,3,0,0.32822862
ec14c8d9b.jpg,4,0,0.0039121076
ec1e848f0.jpg,1,0,0.02370139
ec1e848f0.jpg,2,0,0.008191551
ec1e848f0.jpg,3,1,0.9017679
ec1e848f0.jpg,4,0,0.0018145283
ec303e3d1.jpg,1,0,0.14472806
ec303e3d1.jpg,2,0,0.0035624336
ec303e3d1.jpg,3,1,0.606538
ec303e3d1.jpg,4,0,0.025285529
ec37f0f8e.jpg,1,0,0.03920654
ec37f0f8e.jpg,2,0,0.0029130746
ec37f0f8e.jpg,3,1,0.8450586
ec37f0f8e.jpg,4,0,0.11653366
ec44edc94.jpg,1,0,0.08147256
ec44edc94.jpg,2,0,0.030388266
ec44edc94.jpg,3,1,0.8299182
ec44edc94.jpg,4,0,0.01636896
ec4eef061.jpg,1,0,0.022486316
ec4eef061.jpg,2,0,0.02688501
ec4eef061.jpg,3,1,0.8961324
ec4eef061.jpg,4,0,0.003440264
ec59db5c3.jpg,1,0,0.13200837
ec59db5c3.jpg,2,0,0.08471015
ec59db5c3.jpg,3,0,0.56525266
ec59db5c3.jpg,4,0,0.18359213
ec6132d16.jpg,1,0,0.04093911
ec6132d16.jpg,2,0,0.0038323475
ec6132d16.jpg,3,1,0.9135432
ec6132d16.jpg,4,0,0.016741835
ec631510f.jpg,1,0,0.038024604
ec631510f.jpg,2,0,0.019176215
ec631510f.jpg,3,1,0.8796838
ec631510f.jpg,4,0,0.0032878958
ec6434bac.jpg,1,0,0.019818017
ec6434bac.jpg,2,0,0.0042536072
ec6434bac.jpg,3,1,0.90276194
ec6434bac.jpg,4,0,0.008173279
ec6d7e44e.jpg,1,1,0.61461765
ec6d7e44e.jpg,2,0,0.0042905216
ec6d7e44e.jpg,3,0,0.36400327
ec6d7e44e.jpg,4,0,0.009347234
ec7ab4de4.jpg,1,0,0.046298683
ec7ab4de4.jpg,2,0,0.027925417
ec7ab4de4.jpg,3,1,0.88869023
ec7ab4de4.jpg,4,0,0.0026101882
ec7b3bfea.jpg,1,0,0.12756512
ec7b3bfea.jpg,2,0,0.06772469
ec7b3bfea.jpg,3,1,0.7097179
ec7b3bfea.jpg,4,0,0.0019543332
ec8250d8c.jpg,1,0,0.21367015
ec8250d8c.jpg,2,0,0.15515439
ec8250d8c.jpg,3,1,0.7323014
ec8250d8c.jpg,4,0,0.0047572283
ec82d6165.jpg,1,1,0.70818394
ec82d6165.jpg,2,0,0.006250743
ec82d6165.jpg,3,0,0.1922669
ec82d6165.jpg,4,0,0.031520505
ec8d94541.jpg,1,0,0.08690783
ec8d94541.jpg,2,0,0.13308907
ec8d94541.jpg,3,1,0.65187657
ec8d94541.jpg,4,0,0.0484535
ec96e3f18.jpg,1,0,0.0483253
ec96e3f18.jpg,2,0,0.024705803
ec96e3f18.jpg,3,1,0.8911821
ec96e3f18.jpg,4,0,0.0046470813
eca8e4eb9.jpg,1,0,0.38348737
eca8e4eb9.jpg,2,0,0.29339817
eca8e4eb9.jpg,3,0,0.51335186
eca8e4eb9.jpg,4,0,0.0047621285
ecaff9648.jpg,1,1,0.74248314
ecaff9648.jpg,2,0,0.015522898
ecaff9648.jpg,3,0,0.42309567
ecaff9648.jpg,4,0,0.010214808
ecbf65809.jpg,1,0,0.0159953
ecbf65809.jpg,2,0,0.0060929335
ecbf65809.jpg,3,1,0.74187
ecbf65809.jpg,4,1,0.756571
ecd8d4b9c.jpg,1,1,0.69791454
ecd8d4b9c.jpg,2,0,0.014183926
ecd8d4b9c.jpg,3,0,0.38266003
ecd8d4b9c.jpg,4,0,0.005499031
ecdcdfc6d.jpg,1,1,0.80542994
ecdcdfc6d.jpg,2,0,0.03201707
ecdcdfc6d.jpg,3,0,0.12642401
ecdcdfc6d.jpg,4,0,0.004412565
ece52b68a.jpg,1,0,0.32414216
ece52b68a.jpg,2,0,0.42795777
ece52b68a.jpg,3,0,0.4468147
ece52b68a.jpg,4,0,0.00451313
ecf026c4e.jpg,1,0,0.15194531
ecf026c4e.jpg,2,0,0.2591246
ecf026c4e.jpg,3,1,0.6165754
ecf026c4e.jpg,4,0,0.004465112
ecf560271.jpg,1,1,0.6885643
ecf560271.jpg,2,0,0.020483276
ecf560271.jpg,3,0,0.21288462
ecf560271.jpg,4,0,0.08788847
ecfa48939.jpg,1,0,0.121195704
ecfa48939.jpg,2,0,0.013352871
ecfa48939.jpg,3,1,0.778055
ecfa48939.jpg,4,0,0.084112585
ed1f2fbc8.jpg,1,0,0.017971536
ed1f2fbc8.jpg,2,0,0.0028856776
ed1f2fbc8.jpg,3,0,0.2867652
ed1f2fbc8.jpg,4,1,0.86405426
ed2c259b6.jpg,1,0,0.4495357
ed2c259b6.jpg,2,0,0.037815068
ed2c259b6.jpg,3,0,0.58558494
ed2c259b6.jpg,4,0,0.021726819
ed2f93534.jpg,1,0,0.028431036
ed2f93534.jpg,2,0,0.0047394936
ed2f93534.jpg,3,1,0.89072514
ed2f93534.jpg,4,0,0.013167187
ed3ef836d.jpg,1,0,0.14110681
ed3ef836d.jpg,2,0,0.379272
ed3ef836d.jpg,3,0,0.40789643
ed3ef836d.jpg,4,0,0.011574674
ed432bfe1.jpg,1,0,0.040314626
ed432bfe1.jpg,2,0,0.004404692
ed432bfe1.jpg,3,1,0.79853654
ed432bfe1.jpg,4,0,0.027145768
ed4a0f38f.jpg,1,0,0.19470961
ed4a0f38f.jpg,2,0,0.1145312
ed4a0f38f.jpg,3,1,0.75543517
ed4a0f38f.jpg,4,0,0.004830823
ed635ad8a.jpg,1,0,0.5616218
ed635ad8a.jpg,2,0,0.18238008
ed635ad8a.jpg,3,0,0.25559145
ed635ad8a.jpg,4,0,0.046885367
ed643e04e.jpg,1,0,0.053777736
ed643e04e.jpg,2,0,0.027729115
ed643e04e.jpg,3,1,0.89356965
ed643e04e.jpg,4,0,0.0021260194
ed6998730.jpg,1,0,0.17056918
ed6998730.jpg,2,0,0.017230896
ed6998730.jpg,3,1,0.74120945
ed6998730.jpg,4,0,0.0077321124
ed6c88a3d.jpg,1,0,0.050532077
ed6c88a3d.jpg,2,0,0.028333977
ed6c88a3d.jpg,3,1,0.81099313
ed6c88a3d.jpg,4,0,0.07766728
ed776fdef.jpg,1,0,0.031211311
ed776fdef.jpg,2,0,0.017819945
ed776fdef.jpg,3,1,0.9152062
ed776fdef.jpg,4,0,0.0031428507
eda0eac06.jpg,1,0,0.31817785
eda0eac06.jpg,2,0,0.036170904
eda0eac06.jpg,3,1,0.7046003
eda0eac06.jpg,4,0,0.006973561
edb3cb77c.jpg,1,0,0.021446751
edb3cb77c.jpg,2,0,0.004798359
edb3cb77c.jpg,3,1,0.9188791
edb3cb77c.jpg,4,0,0.0136823105
edb58b88c.jpg,1,0,0.06286609
edb58b88c.jpg,2,0,0.03995807
edb58b88c.jpg,3,1,0.86614156
edb58b88c.jpg,4,0,0.003565096
ede445af5.jpg,1,0,0.065400645
ede445af5.jpg,2,0,0.19270867
ede445af5.jpg,3,1,0.79400223
ede445af5.jpg,4,0,0.0019377023
ede66fecf.jpg,1,0,0.37050188
ede66fecf.jpg,2,0,0.2151363
ede66fecf.jpg,3,0,0.56911784
ede66fecf.jpg,4,0,0.00559528
edfba47f3.jpg,1,0,0.3576951
edfba47f3.jpg,2,0,0.083871745
edfba47f3.jpg,3,0,0.5264947
edfba47f3.jpg,4,0,0.01732306
ee047d59d.jpg,1,0,0.40873346
ee047d59d.jpg,2,0,0.0022539215
ee047d59d.jpg,3,1,0.6094242
ee047d59d.jpg,4,0,0.020939881
ee0e5d355.jpg,1,0,0.030815624
ee0e5d355.jpg,2,0,0.0061318805
ee0e5d355.jpg,3,1,0.8541622
ee0e5d355.jpg,4,0,0.051250596
ee1f0615d.jpg,1,0,0.047655836
ee1f0615d.jpg,2,0,0.02747333
ee1f0615d.jpg,3,1,0.6811262
ee1f0615d.jpg,4,0,0.09608086
ee2dbf35b.jpg,1,0,0.040271096
ee2dbf35b.jpg,2,0,0.020012395
ee2dbf35b.jpg,3,1,0.89068717
ee2dbf35b.jpg,4,0,0.0031863588
ee31a802e.jpg,1,0,0.01695205
ee31a802e.jpg,2,0,0.005944229
ee31a802e.jpg,3,1,0.92725396
ee31a802e.jpg,4,0,0.015141539
ee44f76b6.jpg,1,0,0.03449654
ee44f76b6.jpg,2,0,0.005234675
ee44f76b6.jpg,3,1,0.87087303
ee44f76b6.jpg,4,0,0.014700246
ee48bd8f8.jpg,1,0,0.12463499
ee48bd8f8.jpg,2,0,0.13907026
ee48bd8f8.jpg,3,1,0.81560034
ee48bd8f8.jpg,4,0,0.0032342356
ee5abdc3f.jpg,1,0,0.04550602
ee5abdc3f.jpg,2,0,0.06276215
ee5abdc3f.jpg,3,1,0.8333199
ee5abdc3f.jpg,4,0,0.016716
ee5b48ca5.jpg,1,0,0.5416841
ee5b48ca5.jpg,2,0,0.012648564
ee5b48ca5.jpg,3,0,0.4322611
ee5b48ca5.jpg,4,0,0.09912419
ee5d0ed3e.jpg,1,0,0.025964597
ee5d0ed3e.jpg,2,0,0.0069694207
ee5d0ed3e.jpg,3,1,0.6997349
ee5d0ed3e.jpg,4,0,0.010867335
ee5e1226d.jpg,1,0,0.17516147
ee5e1226d.jpg,2,0,0.012024201
ee5e1226d.jpg,3,1,0.8270381
ee5e1226d.jpg,4,0,0.0045118895
ee65bb47b.jpg,1,0,0.03258222
ee65bb47b.jpg,2,0,0.0027915693
ee65bb47b.jpg,3,1,0.91645855
ee65bb47b.jpg,4,0,0.007163817
ee6666c5c.jpg,1,0,0.4040792
ee6666c5c.jpg,2,0,0.003654383
ee6666c5c.jpg,3,1,0.6013132
ee6666c5c.jpg,4,0,0.038843863
ee6eccd0b.jpg,1,0,0.10318524
ee6eccd0b.jpg,2,0,0.017718792
ee6eccd0b.jpg,3,0,0.46672848
ee6eccd0b.jpg,4,0,0.32604292
ee737e276.jpg,1,0,0.1172128
ee737e276.jpg,2,0,0.011709522
ee737e276.jpg,3,0,0.5818862
ee737e276.jpg,4,0,0.11988461
ee7f831ad.jpg,1,0,0.09839865
ee7f831ad.jpg,2,0,0.4032489
ee7f831ad.jpg,3,0,0.5428236
ee7f831ad.jpg,4,0,0.0044399514
ee9bef54a.jpg,1,0,0.57384634
ee9bef54a.jpg,2,0,0.018656207
ee9bef54a.jpg,3,0,0.4036206
ee9bef54a.jpg,4,0,0.054121446
eec647f66.jpg,1,0,0.27508762
eec647f66.jpg,2,0,0.03829209
eec647f66.jpg,3,1,0.61104536
eec647f66.jpg,4,0,0.11016655
eed125608.jpg,1,0,0.02412535
eed125608.jpg,2,0,0.00374482
eed125608.jpg,3,1,0.916676
eed125608.jpg,4,0,0.00509806
eedb8f8fc.jpg,1,0,0.024543174
eedb8f8fc.jpg,2,0,0.0035437457
eedb8f8fc.jpg,3,1,0.80698436
eedb8f8fc.jpg,4,0,0.22216232
ef01c7622.jpg,1,0,0.057155866
ef01c7622.jpg,2,0,0.003975391
ef01c7622.jpg,3,1,0.7572611
ef01c7622.jpg,4,0,0.03923313
ef0ed5a6f.jpg,1,0,0.016210906
ef0ed5a6f.jpg,2,0,0.0053876373
ef0ed5a6f.jpg,3,0,0.44124612
ef0ed5a6f.jpg,4,1,0.6878211
ef160ca06.jpg,1,0,0.03452866
ef160ca06.jpg,2,0,0.0546263
ef160ca06.jpg,3,1,0.8626806
ef160ca06.jpg,4,0,0.011586972
ef4b7c6be.jpg,1,0,0.03281979
ef4b7c6be.jpg,2,0,0.02227704
ef4b7c6be.jpg,3,1,0.8877891
ef4b7c6be.jpg,4,0,0.004411816
ef5611c84.jpg,1,0,0.36387292
ef5611c84.jpg,2,0,0.5973163
ef5611c84.jpg,3,0,0.30802345
ef5611c84.jpg,4,0,0.0036062815
ef56505fe.jpg,1,0,0.18407841
ef56505fe.jpg,2,0,0.0071755685
ef56505fe.jpg,3,1,0.8302109
ef56505fe.jpg,4,0,0.006915506
ef5bd0f19.jpg,1,0,0.015516923
ef5bd0f19.jpg,2,0,0.0066745537
ef5bd0f19.jpg,3,0,0.3263212
ef5bd0f19.jpg,4,1,0.8939417
ef5f8eb7b.jpg,1,1,0.71855307
ef5f8eb7b.jpg,2,0,0.0056036846
ef5f8eb7b.jpg,3,0,0.42071894
ef5f8eb7b.jpg,4,0,0.010744466
ef6c049a1.jpg,1,0,0.23598497
ef6c049a1.jpg,2,0,0.50442016
ef6c049a1.jpg,3,0,0.29758605
ef6c049a1.jpg,4,0,0.010506206
ef84d8825.jpg,1,0,0.24791802
ef84d8825.jpg,2,0,0.38160226
ef84d8825.jpg,3,0,0.48793563
ef84d8825.jpg,4,0,0.008523164
ef8b0ad46.jpg,1,0,0.016721005
ef8b0ad46.jpg,2,0,0.0029686869
ef8b0ad46.jpg,3,0,0.39948884
ef8b0ad46.jpg,4,1,0.8253338
ef8e8852a.jpg,1,0,0.047313556
ef8e8852a.jpg,2,0,0.024849415
ef8e8852a.jpg,3,1,0.87938875
ef8e8852a.jpg,4,0,0.0029062175
ef963aadc.jpg,1,0,0.047237698
ef963aadc.jpg,2,0,0.041681767
ef963aadc.jpg,3,1,0.8839803
ef963aadc.jpg,4,0,0.0025175915
efb9face0.jpg,1,0,0.50458163
efb9face0.jpg,2,0,0.019239498
efb9face0.jpg,3,0,0.527216
efb9face0.jpg,4,0,0.009271693
efc0006fa.jpg,1,1,0.7326179
efc0006fa.jpg,2,0,0.16725649
efc0006fa.jpg,3,0,0.30349115
efc0006fa.jpg,4,0,0.009319127
efdc4bf9a.jpg,1,0,0.30728948
efdc4bf9a.jpg,2,0,0.52996
efdc4bf9a.jpg,3,0,0.2608056
efdc4bf9a.jpg,4,0,0.00490039
efdf91da2.jpg,1,0,0.23818237
efdf91da2.jpg,2,0,0.11418722
efdf91da2.jpg,3,1,0.61406606
efdf91da2.jpg,4,0,0.0047000274
efe5fcd41.jpg,1,0,0.03425316
efe5fcd41.jpg,2,0,0.014952037
efe5fcd41.jpg,3,1,0.88699293
efe5fcd41.jpg,4,0,0.003252959
efe815679.jpg,1,0,0.043062944
efe815679.jpg,2,0,0.0045374134
efe815679.jpg,3,1,0.60848886
efe815679.jpg,4,0,0.010655413
eff814426.jpg,1,0,0.15211266
eff814426.jpg,2,0,0.33722472
eff814426.jpg,3,0,0.48679242
eff814426.jpg,4,0,0.00470373
f008ba20b.jpg,1,0,0.058613885
f008ba20b.jpg,2,0,0.005165476
f008ba20b.jpg,3,1,0.8151961
f008ba20b.jpg,4,0,0.022777848
f03c15258.jpg,1,0,0.46489516
f03c15258.jpg,2,0,0.44325688
f03c15258.jpg,3,0,0.3409251
f03c15258.jpg,4,0,0.0043659923
f03f096a7.jpg,1,0,0.03247593
f03f096a7.jpg,2,0,0.0074810833
f03f096a7.jpg,3,1,0.6411927
f03f096a7.jpg,4,0,0.17684329
f040741e7.jpg,1,1,0.6007505
f040741e7.jpg,2,0,0.024440413
f040741e7.jpg,3,0,0.47656545
f040741e7.jpg,4,0,0.02321078
f04940e2b.jpg,1,0,0.10147985
f04940e2b.jpg,2,0,0.5762176
f04940e2b.jpg,3,0,0.44504297
f04940e2b.jpg,4,0,0.0014767064
f04c7c5ac.jpg,1,0,0.051933702
f04c7c5ac.jpg,2,0,0.03426683
f04c7c5ac.jpg,3,1,0.8809337
f04c7c5ac.jpg,4,0,0.001990146
f054cadb4.jpg,1,0,0.025320739
f054cadb4.jpg,2,0,0.0035878576
f054cadb4.jpg,3,1,0.6562647
f054cadb4.jpg,4,1,0.74130845
f05581eef.jpg,1,1,0.67856747
f05581eef.jpg,2,0,0.012854033
f05581eef.jpg,3,0,0.22556001
f05581eef.jpg,4,0,0.04137346
f075f621d.jpg,1,0,0.11416617
f075f621d.jpg,2,0,0.0068062996
f075f621d.jpg,3,0,0.48091665
f075f621d.jpg,4,0,0.009620622
f07f68953.jpg,1,0,0.0871656
f07f68953.jpg,2,0,0.0030278414
f07f68953.jpg,3,1,0.67523074
f07f68953.jpg,4,0,0.026352754
f0842d221.jpg,1,0,0.43621525
f0842d221.jpg,2,0,0.23148954
f0842d221.jpg,3,0,0.27950037
f0842d221.jpg,4,0,0.007856401
f087dce35.jpg,1,0,0.5772833
f087dce35.jpg,2,0,0.3302498
f087dce35.jpg,3,0,0.33925757
f087dce35.jpg,4,0,0.0062537007
f08f92b60.jpg,1,0,0.11027595
f08f92b60.jpg,2,0,0.01851164
f08f92b60.jpg,3,1,0.87404233
f08f92b60.jpg,4,0,0.007513344
f0a7d6024.jpg,1,1,0.68384504
f0a7d6024.jpg,2,0,0.16322903
f0a7d6024.jpg,3,0,0.15639018
f0a7d6024.jpg,4,0,0.011503491
f0bc77fe3.jpg,1,0,0.047825515
f0bc77fe3.jpg,2,0,0.018654931
f0bc77fe3.jpg,3,1,0.87245744
f0bc77fe3.jpg,4,0,0.014096172
f0bd6beec.jpg,1,0,0.013459054
f0bd6beec.jpg,2,0,0.0019649793
f0bd6beec.jpg,3,1,0.9224818
f0bd6beec.jpg,4,0,0.011320026
f0d0849e6.jpg,1,0,0.021195387
f0d0849e6.jpg,2,0,0.004424603
f0d0849e6.jpg,3,0,0.3884226
f0d0849e6.jpg,4,1,0.844518
f0e63db40.jpg,1,0,0.28525218
f0e63db40.jpg,2,0,0.2571213
f0e63db40.jpg,3,0,0.5986206
f0e63db40.jpg,4,0,0.0046046097
f0fa65d89.jpg,1,0,0.021546157
f0fa65d89.jpg,2,0,0.0045283153
f0fa65d89.jpg,3,1,0.6898522
f0fa65d89.jpg,4,1,0.7047463
f1087ba0c.jpg,1,0,0.013669568
f1087ba0c.jpg,2,0,0.0021419725
f1087ba0c.jpg,3,1,0.926908
f1087ba0c.jpg,4,0,0.014097103
f10af8f74.jpg,1,0,0.3222082
f10af8f74.jpg,2,0,0.15205684
f10af8f74.jpg,3,0,0.32988033
f10af8f74.jpg,4,0,0.022078186
f11d8c839.jpg,1,1,0.63741356
f11d8c839.jpg,2,0,0.25176665
f11d8c839.jpg,3,0,0.22947828
f11d8c839.jpg,4,0,0.029748557
f131a6bfb.jpg,1,0,0.49691606
f131a6bfb.jpg,2,0,0.021514604
f131a6bfb.jpg,3,0,0.46283343
f131a6bfb.jpg,4,0,0.11428539
f1338af36.jpg,1,0,0.040970836
f1338af36.jpg,2,0,0.003994689
f1338af36.jpg,3,1,0.8323154
f1338af36.jpg,4,0,0.056717884
f1460236d.jpg,1,0,0.10234601
f1460236d.jpg,2,0,0.028070977
f1460236d.jpg,3,1,0.86415887
f1460236d.jpg,4,0,0.004670647
f14716640.jpg,1,0,0.04583651
f14716640.jpg,2,0,0.009488453
f14716640.jpg,3,1,0.9042899
f14716640.jpg,4,0,0.009038979
f14a2776e.jpg,1,0,0.17495109
f14a2776e.jpg,2,0,0.018974448
f14a2776e.jpg,3,1,0.7825534
f14a2776e.jpg,4,0,0.09954351
f14af366f.jpg,1,0,0.16746931
f14af366f.jpg,2,0,0.06206186
f14af366f.jpg,3,1,0.7867424
f14af366f.jpg,4,0,0.0067563183
f14b9d59f.jpg,1,0,0.0276295
f14b9d59f.jpg,2,0,0.009577771
f14b9d59f.jpg,3,1,0.9114693
f14b9d59f.jpg,4,0,0.006237073
f14eb3bba.jpg,1,0,0.3681557
f14eb3bba.jpg,2,0,0.56333387
f14eb3bba.jpg,3,0,0.23267615
f14eb3bba.jpg,4,0,0.009657596
f1554840c.jpg,1,0,0.27893707
f1554840c.jpg,2,0,0.13255958
f1554840c.jpg,3,0,0.40046442
f1554840c.jpg,4,0,0.18107022
f15e2cf8a.jpg,1,1,0.8128369
f15e2cf8a.jpg,2,0,0.027620269
f15e2cf8a.jpg,3,0,0.14714791
f15e2cf8a.jpg,4,0,0.016408661
f1796c0f1.jpg,1,0,0.36456475
f1796c0f1.jpg,2,0,0.009795539
f1796c0f1.jpg,3,1,0.6293435
f1796c0f1.jpg,4,0,0.0064373687
f17b1fd56.jpg,1,0,0.019777076
f17b1fd56.jpg,2,0,0.0035001896
f17b1fd56.jpg,3,0,0.28903067
f17b1fd56.jpg,4,1,0.77953506
f18d30fb6.jpg,1,0,0.13933256
f18d30fb6.jpg,2,0,0.06502837
f18d30fb6.jpg,3,1,0.7387157
f18d30fb6.jpg,4,0,0.02347745
f19b38db4.jpg,1,1,0.75116324
f19b38db4.jpg,2,0,0.015798273
f19b38db4.jpg,3,0,0.2817607
f19b38db4.jpg,4,0,0.018648855
f1a06d4bc.jpg,1,0,0.04132015
f1a06d4bc.jpg,2,0,0.0056160376
f1a06d4bc.jpg,3,1,0.6807979
f1a06d4bc.jpg,4,0,0.16759242
f1a43aa49.jpg,1,0,0.3750727
f1a43aa49.jpg,2,0,0.58455676
f1a43aa49.jpg,3,0,0.26553008
f1a43aa49.jpg,4,0,0.0033364054
f1aa776be.jpg,1,0,0.20722167
f1aa776be.jpg,2,1,0.6187842
f1aa776be.jpg,3,0,0.20823817
f1aa776be.jpg,4,0,0.038652766
f1c28d5d4.jpg,1,0,0.02634786
f1c28d5d4.jpg,2,0,0.02297538
f1c28d5d4.jpg,3,1,0.6943209
f1c28d5d4.jpg,4,0,0.0076287067
f1d16bebb.jpg,1,0,0.34926918
f1d16bebb.jpg,2,0,0.009606908
f1d16bebb.jpg,3,1,0.6839277
f1d16bebb.jpg,4,0,0.031200873
f1d2a3de3.jpg,1,0,0.059908032
f1d2a3de3.jpg,2,0,0.010954107
f1d2a3de3.jpg,3,1,0.8788533
f1d2a3de3.jpg,4,0,0.020002684
f1d34218a.jpg,1,0,0.18080252
f1d34218a.jpg,2,0,0.46056595
f1d34218a.jpg,3,0,0.280583
f1d34218a.jpg,4,0,0.079729445
f1d90c01a.jpg,1,0,0.014388278
f1d90c01a.jpg,2,0,0.006563717
f1d90c01a.jpg,3,0,0.5845248
f1d90c01a.jpg,4,0,0.57154197
f1d98dffe.jpg,1,0,0.019148799
f1d98dffe.jpg,2,0,0.0043133474
f1d98dffe.jpg,3,0,0.5862101
f1d98dffe.jpg,4,1,0.7651849
f1ef7c8af.jpg,1,0,0.55774206
f1ef7c8af.jpg,2,0,0.49327436
f1ef7c8af.jpg,3,0,0.26677066
f1ef7c8af.jpg,4,0,0.004217289
f1ff7d363.jpg,1,0,0.018128783
f1ff7d363.jpg,2,0,0.003453499
f1ff7d363.jpg,3,1,0.79802537
f1ff7d363.jpg,4,0,0.5281747
f21c3fb83.jpg,1,0,0.21485321
f21c3fb83.jpg,2,0,0.28331795
f21c3fb83.jpg,3,0,0.50368184
f21c3fb83.jpg,4,0,0.025014149
f2313afbd.jpg,1,0,0.1986571
f2313afbd.jpg,2,0,0.023415463
f2313afbd.jpg,3,1,0.7275488
f2313afbd.jpg,4,0,0.0017286014
f235a7eec.jpg,1,0,0.3867415
f235a7eec.jpg,2,0,0.13907333
f235a7eec.jpg,3,0,0.3828313
f235a7eec.jpg,4,0,0.025671847
f246790fc.jpg,1,0,0.053658593
f246790fc.jpg,2,0,0.032741915
f246790fc.jpg,3,1,0.8767614
f246790fc.jpg,4,0,0.003448614
f250fc64b.jpg,1,0,0.122440636
f250fc64b.jpg,2,0,0.012182407
f250fc64b.jpg,3,1,0.85163575
f250fc64b.jpg,4,0,0.006685652
f25152812.jpg,1,0,0.05644239
f25152812.jpg,2,0,0.026550643
f25152812.jpg,3,1,0.88309306
f25152812.jpg,4,0,0.0034478894
f27c44348.jpg,1,0,0.3714913
f27c44348.jpg,2,0,0.011875257
f27c44348.jpg,3,0,0.5371919
f27c44348.jpg,4,0,0.09415266
f289fa572.jpg,1,0,0.07505702
f289fa572.jpg,2,0,0.026976055
f289fa572.jpg,3,1,0.8527894
f289fa572.jpg,4,0,0.0027625833
f28b12b37.jpg,1,0,0.23250215
f28b12b37.jpg,2,1,0.7530217
f28b12b37.jpg,3,0,0.20913653
f28b12b37.jpg,4,0,0.0032915913
f29367e35.jpg,1,0,0.25539997
f29367e35.jpg,2,0,0.34334683
f29367e35.jpg,3,1,0.6060545
f29367e35.jpg,4,0,0.003857109
f29eea44e.jpg,1,0,0.055221885
f29eea44e.jpg,2,0,0.051008254
f29eea44e.jpg,3,0,0.30175617
f29eea44e.jpg,4,0,0.08953547
f2aebd6c2.jpg,1,0,0.2116503
f2aebd6c2.jpg,2,0,0.008125735
f2aebd6c2.jpg,3,1,0.795736
f2aebd6c2.jpg,4,0,0.019613374
f2cca0c48.jpg,1,0,0.15598969
f2cca0c48.jpg,2,0,0.08421747
f2cca0c48.jpg,3,1,0.790395
f2cca0c48.jpg,4,0,0.005072931
f2e101daa.jpg,1,0,0.434795
f2e101daa.jpg,2,0,0.049820334
f2e101daa.jpg,3,0,0.5714119
f2e101daa.jpg,4,0,0.00699082
f2e5124ff.jpg,1,0,0.20884843
f2e5124ff.jpg,2,0,0.005174946
f2e5124ff.jpg,3,1,0.64192325
f2e5124ff.jpg,4,0,0.03310615
f2f72af0b.jpg,1,0,0.065810695
f2f72af0b.jpg,2,0,0.43249738
f2f72af0b.jpg,3,0,0.59367174
f2f72af0b.jpg,4,0,0.016725877
f30dadc8a.jpg,1,0,0.15231158
f30dadc8a.jpg,2,0,0.09618703
f30dadc8a.jpg,3,0,0.44417107
f30dadc8a.jpg,4,0,0.19495332
f32d1ef36.jpg,1,0,0.12209941
f32d1ef36.jpg,2,0,0.055928096
f32d1ef36.jpg,3,1,0.6936178
f32d1ef36.jpg,4,0,0.04122388
f3359c2a2.jpg,1,0,0.018888997
f3359c2a2.jpg,2,0,0.0034972776
f3359c2a2.jpg,3,0,0.597369
f3359c2a2.jpg,4,1,0.776916
f33e07648.jpg,1,0,0.014018863
f33e07648.jpg,2,0,0.0012543908
f33e07648.jpg,3,1,0.9321454
f33e07648.jpg,4,0,0.011631761
f36ca6bba.jpg,1,0,0.13993067
f36ca6bba.jpg,2,0,0.011434637
f36ca6bba.jpg,3,1,0.75830036
f36ca6bba.jpg,4,0,0.06363628
f3760f8af.jpg,1,0,0.04218504
f3760f8af.jpg,2,0,0.016868664
f3760f8af.jpg,3,1,0.88342595
f3760f8af.jpg,4,0,0.004061299
f39068d43.jpg,1,0,0.105838805
f39068d43.jpg,2,0,0.01187105
f39068d43.jpg,3,0,0.5238679
f39068d43.jpg,4,0,0.41912916
f3a48ec4f.jpg,1,0,0.055333544
f3a48ec4f.jpg,2,0,0.028963843
f3a48ec4f.jpg,3,1,0.8826899
f3a48ec4f.jpg,4,0,0.0015177879
f3e31ebb4.jpg,1,0,0.107135125
f3e31ebb4.jpg,2,0,0.054808315
f3e31ebb4.jpg,3,1,0.8011064
f3e31ebb4.jpg,4,0,0.007932534
f3e43b28e.jpg,1,0,0.51382667
f3e43b28e.jpg,2,0,0.048603933
f3e43b28e.jpg,3,0,0.26161835
f3e43b28e.jpg,4,0,0.017874174
f3f84fd8a.jpg,1,0,0.080397904
f3f84fd8a.jpg,2,0,0.021377312
f3f84fd8a.jpg,3,0,0.5762514
f3f84fd8a.jpg,4,0,0.1928051
f402a48fa.jpg,1,0,0.01540186
f402a48fa.jpg,2,0,0.0026086615
f402a48fa.jpg,3,1,0.9063116
f402a48fa.jpg,4,0,0.02495041
f41dde33c.jpg,1,0,0.047562778
f41dde33c.jpg,2,0,0.0074302056
f41dde33c.jpg,3,1,0.8140119
f41dde33c.jpg,4,0,0.3317668
f421a4077.jpg,1,1,0.63504326
f421a4077.jpg,2,0,0.0064881654
f421a4077.jpg,3,0,0.39363942
f421a4077.jpg,4,0,0.048927054
f425a321c.jpg,1,0,0.088430576
f425a321c.jpg,2,0,0.05069983
f425a321c.jpg,3,1,0.80881244
f425a321c.jpg,4,0,0.007926597
f43b58b4b.jpg,1,0,0.025127396
f43b58b4b.jpg,2,0,0.0038996672
f43b58b4b.jpg,3,1,0.87679744
f43b58b4b.jpg,4,0,0.016311884
f44ab2bbf.jpg,1,0,0.156929
f44ab2bbf.jpg,2,0,0.0038138267
f44ab2bbf.jpg,3,0,0.5362374
f44ab2bbf.jpg,4,0,0.005569706
f44b60b51.jpg,1,1,0.7760215
f44b60b51.jpg,2,0,0.022420274
f44b60b51.jpg,3,0,0.14911716
f44b60b51.jpg,4,0,0.005686084
f4556e0db.jpg,1,0,0.07074718
f4556e0db.jpg,2,0,0.020428983
f4556e0db.jpg,3,1,0.8279597
f4556e0db.jpg,4,0,0.017905047
f462d760b.jpg,1,0,0.056902904
f462d760b.jpg,2,0,0.02546569
f462d760b.jpg,3,0,0.4600086
f462d760b.jpg,4,1,0.6229275
f46e7dce1.jpg,1,0,0.011073283
f46e7dce1.jpg,2,0,0.004618935
f46e7dce1.jpg,3,0,0.4357268
f46e7dce1.jpg,4,1,0.8318956
f472e6982.jpg,1,0,0.13903654
f472e6982.jpg,2,0,0.009771252
f472e6982.jpg,3,1,0.657298
f472e6982.jpg,4,0,0.27940276
f4764309b.jpg,1,0,0.0565203
f4764309b.jpg,2,0,0.005239591
f4764309b.jpg,3,1,0.911362
f4764309b.jpg,4,0,0.010141003
f493efb68.jpg,1,0,0.049190313
f493efb68.jpg,2,0,0.023306755
f493efb68.jpg,3,1,0.87827754
f493efb68.jpg,4,0,0.0030349505
f49971678.jpg,1,0,0.031578574
f49971678.jpg,2,0,0.013875556
f49971678.jpg,3,1,0.88355756
f49971678.jpg,4,0,0.00384915
f49af581c.jpg,1,0,0.042341795
f49af581c.jpg,2,0,0.007571327
f49af581c.jpg,3,0,0.5061247
f49af581c.jpg,4,1,0.7614019
f4ab50226.jpg,1,0,0.04762989
f4ab50226.jpg,2,0,0.028612705
f4ab50226.jpg,3,1,0.89540595
f4ab50226.jpg,4,0,0.0020366793
f4ac9794b.jpg,1,0,0.04254253
f4ac9794b.jpg,2,0,0.0276751
f4ac9794b.jpg,3,1,0.87412435
f4ac9794b.jpg,4,0,0.0035745606
f4bc14256.jpg,1,1,0.75492984
f4bc14256.jpg,2,0,0.015416662
f4bc14256.jpg,3,0,0.1885473
f4bc14256.jpg,4,0,0.012233178
f4c03d027.jpg,1,0,0.04594363
f4c03d027.jpg,2,0,0.012528625
f4c03d027.jpg,3,0,0.42775968
f4c03d027.jpg,4,1,0.7587693
f4d56263d.jpg,1,0,0.03338061
f4d56263d.jpg,2,0,0.008158341
f4d56263d.jpg,3,1,0.7017285
f4d56263d.jpg,4,0,0.48705897
f4db0f3d0.jpg,1,0,0.04855818
f4db0f3d0.jpg,2,0,0.029340403
f4db0f3d0.jpg,3,1,0.90177506
f4db0f3d0.jpg,4,0,0.0017758593
f4e300a1f.jpg,1,0,0.04516958
f4e300a1f.jpg,2,0,0.010449196
f4e300a1f.jpg,3,1,0.80287975
f4e300a1f.jpg,4,0,0.107208945
f4ed0d6e8.jpg,1,0,0.12670377
f4ed0d6e8.jpg,2,0,0.20658414
f4ed0d6e8.jpg,3,1,0.6847072
f4ed0d6e8.jpg,4,0,0.003927995
f4f390785.jpg,1,0,0.15812963
f4f390785.jpg,2,0,0.008620228
f4f390785.jpg,3,1,0.78620464
f4f390785.jpg,4,0,0.003006937
f502cec66.jpg,1,0,0.08504284
f502cec66.jpg,2,0,0.070587106
f502cec66.jpg,3,1,0.842513
f502cec66.jpg,4,0,0.002777621
f50a536c6.jpg,1,0,0.42819548
f50a536c6.jpg,2,1,0.656199
f50a536c6.jpg,3,0,0.18214078
f50a536c6.jpg,4,0,0.00272918
f52d21aa7.jpg,1,0,0.4520944
f52d21aa7.jpg,2,0,0.02424705
f52d21aa7.jpg,3,1,0.6668454
f52d21aa7.jpg,4,0,0.00331707
f531f953f.jpg,1,0,0.028185451
f531f953f.jpg,2,0,0.0021958025
f531f953f.jpg,3,1,0.9031258
f531f953f.jpg,4,0,0.02149847
f537fd23b.jpg,1,0,0.038469125
f537fd23b.jpg,2,0,0.0025533892
f537fd23b.jpg,3,1,0.8532059
f537fd23b.jpg,4,0,0.0829901
f53908684.jpg,1,0,0.04639229
f53908684.jpg,2,0,0.0030466737
f53908684.jpg,3,1,0.8078862
f53908684.jpg,4,0,0.023908196
f540849ec.jpg,1,0,0.015461399
f540849ec.jpg,2,0,0.0027662877
f540849ec.jpg,3,1,0.7466841
f540849ec.jpg,4,1,0.61877936
f54d72a66.jpg,1,0,0.017993031
f54d72a66.jpg,2,0,0.0070621767
f54d72a66.jpg,3,0,0.29975346
f54d72a66.jpg,4,1,0.8203638
f550b3e1b.jpg,1,0,0.066908695
f550b3e1b.jpg,2,0,0.07641908
f550b3e1b.jpg,3,1,0.867853
f550b3e1b.jpg,4,0,0.0009825181
f569a6071.jpg,1,0,0.17537634
f569a6071.jpg,2,0,0.31011382
f569a6071.jpg,3,0,0.48975864
f569a6071.jpg,4,0,0.023442388
f56fb3e7c.jpg,1,0,0.36385742
f56fb3e7c.jpg,2,0,0.26702145
f56fb3e7c.jpg,3,0,0.5334183
f56fb3e7c.jpg,4,0,0.004356083
f5714f80e.jpg,1,0,0.061170306
f5714f80e.jpg,2,0,0.024888763
f5714f80e.jpg,3,1,0.87120867
f5714f80e.jpg,4,0,0.0034956655
f57cb088d.jpg,1,0,0.034422986
f57cb088d.jpg,2,0,0.017992377
f57cb088d.jpg,3,1,0.872158
f57cb088d.jpg,4,0,0.005576415
f57d9840d.jpg,1,1,0.8136311
f57d9840d.jpg,2,0,0.026401984
f57d9840d.jpg,3,0,0.14481461
f57d9840d.jpg,4,0,0.009279039
f58b53624.jpg,1,0,0.19542724
f58b53624.jpg,2,0,0.01762447
f58b53624.jpg,3,0,0.13510482
f58b53624.jpg,4,0,0.020637006
f5965305f.jpg,1,0,0.024029506
f5965305f.jpg,2,0,0.013676277
f5965305f.jpg,3,1,0.8965056
f5965305f.jpg,4,0,0.0069223247
f5a10a598.jpg,1,0,0.30880907
f5a10a598.jpg,2,0,0.028731307
f5a10a598.jpg,3,1,0.659399
f5a10a598.jpg,4,0,0.0130639365
f5cd73e33.jpg,1,0,0.047196805
f5cd73e33.jpg,2,0,0.017651236
f5cd73e33.jpg,3,1,0.8952735
f5cd73e33.jpg,4,0,0.04264027
f5e3970bd.jpg,1,0,0.05459765
f5e3970bd.jpg,2,0,0.053485665
f5e3970bd.jpg,3,1,0.81068224
f5e3970bd.jpg,4,0,0.0027046793
f5f75faf8.jpg,1,0,0.08825304
f5f75faf8.jpg,2,0,0.018142836
f5f75faf8.jpg,3,1,0.8210055
f5f75faf8.jpg,4,0,0.06705287
f5fdd3ec8.jpg,1,0,0.019427272
f5fdd3ec8.jpg,2,0,0.004716794
f5fdd3ec8.jpg,3,1,0.91790265
f5fdd3ec8.jpg,4,0,0.018181924
f605a77df.jpg,1,0,0.04968321
f605a77df.jpg,2,0,0.022400891
f605a77df.jpg,3,1,0.8789033
f605a77df.jpg,4,0,0.0042402055
f62140262.jpg,1,0,0.022935852
f62140262.jpg,2,0,0.00467434
f62140262.jpg,3,1,0.65738577
f62140262.jpg,4,0,0.43427554
f625f93a1.jpg,1,0,0.29868895
f625f93a1.jpg,2,0,0.0059072394
f625f93a1.jpg,3,0,0.32667348
f625f93a1.jpg,4,0,0.49252233
f641aecda.jpg,1,0,0.014279111
f641aecda.jpg,2,0,0.00477633
f641aecda.jpg,3,0,0.26659828
f641aecda.jpg,4,1,0.82392406
f64c46fbe.jpg,1,0,0.03723404
f64c46fbe.jpg,2,0,0.017953107
f64c46fbe.jpg,3,1,0.8852195
f64c46fbe.jpg,4,0,0.0037732814
f654ec8c3.jpg,1,0,0.2471195
f654ec8c3.jpg,2,0,0.15111493
f654ec8c3.jpg,3,0,0.4067963
f654ec8c3.jpg,4,0,0.21865122
f661634a5.jpg,1,1,0.78400344
f661634a5.jpg,2,0,0.04066284
f661634a5.jpg,3,0,0.18918292
f661634a5.jpg,4,0,0.009497495
f6639a38c.jpg,1,0,0.45987892
f6639a38c.jpg,2,0,0.39997175
f6639a38c.jpg,3,0,0.38817504
f6639a38c.jpg,4,0,0.0045215352
f67141b5e.jpg,1,0,0.17467701
f67141b5e.jpg,2,0,0.108577915
f67141b5e.jpg,3,0,0.57457477
f67141b5e.jpg,4,0,0.025526641
f688f990f.jpg,1,0,0.2236198
f688f990f.jpg,2,0,0.015245423
f688f990f.jpg,3,0,0.4039375
f688f990f.jpg,4,0,0.036224883
f6a98642d.jpg,1,1,0.6821582
f6a98642d.jpg,2,0,0.16478187
f6a98642d.jpg,3,0,0.3111966
f6a98642d.jpg,4,0,0.0048051667
f6b474c54.jpg,1,1,0.63153845
f6b474c54.jpg,2,0,0.027825361
f6b474c54.jpg,3,0,0.29501346
f6b474c54.jpg,4,0,0.019033128
f6b8ad410.jpg,1,0,0.17871766
f6b8ad410.jpg,2,0,0.008214982
f6b8ad410.jpg,3,1,0.7812364
f6b8ad410.jpg,4,0,0.008842303
f6bfa6ae3.jpg,1,0,0.037976053
f6bfa6ae3.jpg,2,0,0.015659466
f6bfa6ae3.jpg,3,1,0.88811874
f6bfa6ae3.jpg,4,0,0.003129551
f6ddabbe1.jpg,1,0,0.5910542
f6ddabbe1.jpg,2,0,0.017878307
f6ddabbe1.jpg,3,0,0.3859222
f6ddabbe1.jpg,4,0,0.05691715
f6e31e2d3.jpg,1,0,0.17683177
f6e31e2d3.jpg,2,0,0.051282357
f6e31e2d3.jpg,3,1,0.709666
f6e31e2d3.jpg,4,0,0.043733988
f6f5651c7.jpg,1,0,0.38478222
f6f5651c7.jpg,2,0,0.07746614
f6f5651c7.jpg,3,0,0.3796823
f6f5651c7.jpg,4,0,0.009731787
f6fdc3ff4.jpg,1,0,0.29304093
f6fdc3ff4.jpg,2,0,0.07859557
f6fdc3ff4.jpg,3,0,0.40406787
f6fdc3ff4.jpg,4,0,0.1594124
f70bbd473.jpg,1,0,0.3011318
f70bbd473.jpg,2,0,0.17294382
f70bbd473.jpg,3,0,0.509358
f70bbd473.jpg,4,0,0.12621029
f711bb1fd.jpg,1,0,0.0361363
f711bb1fd.jpg,2,0,0.025332453
f711bb1fd.jpg,3,0,0.19197881
f711bb1fd.jpg,4,0,0.3326757
f7210f509.jpg,1,1,0.6064327
f7210f509.jpg,2,0,0.06428795
f7210f509.jpg,3,0,0.41897786
f7210f509.jpg,4,0,0.010393423
f72752968.jpg,1,0,0.215596
f72752968.jpg,2,0,0.10331014
f72752968.jpg,3,0,0.53317904
f72752968.jpg,4,0,0.12096194
f72b791e6.jpg,1,1,0.6303625
f72b791e6.jpg,2,0,0.03345193
f72b791e6.jpg,3,0,0.28163356
f72b791e6.jpg,4,0,0.019223364
f73337e48.jpg,1,0,0.027574128
f73337e48.jpg,2,0,0.0136442445
f73337e48.jpg,3,1,0.85740596
f73337e48.jpg,4,0,0.04420946
f74f95bb2.jpg,1,0,0.047962964
f74f95bb2.jpg,2,0,0.026777612
f74f95bb2.jpg,3,1,0.8469226
f74f95bb2.jpg,4,0,0.04910682
f75feeb44.jpg,1,0,0.0369887
f75feeb44.jpg,2,0,0.018194282
f75feeb44.jpg,3,1,0.8905974
f75feeb44.jpg,4,0,0.0041769627
f76bc82c1.jpg,1,0,0.06769872
f76bc82c1.jpg,2,0,0.32223
f76bc82c1.jpg,3,1,0.6418534
f76bc82c1.jpg,4,0,0.0047817393
f76c78aa2.jpg,1,1,0.75972456
f76c78aa2.jpg,2,0,0.023007208
f76c78aa2.jpg,3,0,0.13584356
f76c78aa2.jpg,4,0,0.0060395435
f7727f663.jpg,1,0,0.022758754
f7727f663.jpg,2,0,0.004316808
f7727f663.jpg,3,1,0.9288736
f7727f663.jpg,4,0,0.00732347
f779cc81a.jpg,1,0,0.107078485
f779cc81a.jpg,2,0,0.12288952
f779cc81a.jpg,3,1,0.8017512
f779cc81a.jpg,4,0,0.003285568
f77fc282a.jpg,1,0,0.26596102
f77fc282a.jpg,2,0,0.45673418
f77fc282a.jpg,3,0,0.48724547
f77fc282a.jpg,4,0,0.0032976398
f781f8e14.jpg,1,0,0.034494434
f781f8e14.jpg,2,0,0.07759583
f781f8e14.jpg,3,1,0.8369364
f781f8e14.jpg,4,0,0.046528783
f78746f43.jpg,1,0,0.51718765
f78746f43.jpg,2,0,0.023047045
f78746f43.jpg,3,0,0.29192013
f78746f43.jpg,4,0,0.14195949
f787fb85d.jpg,1,0,0.07681351
f787fb85d.jpg,2,0,0.26718348
f787fb85d.jpg,3,1,0.6586148
f787fb85d.jpg,4,0,0.0036953266
f78883c77.jpg,1,0,0.55347186
f78883c77.jpg,2,0,0.012471153
f78883c77.jpg,3,0,0.27851108
f78883c77.jpg,4,0,0.021797279
f78e7b40f.jpg,1,0,0.13660684
f78e7b40f.jpg,2,0,0.013856821
f78e7b40f.jpg,3,1,0.85368705
f78e7b40f.jpg,4,0,0.0079722
f79323e31.jpg,1,0,0.53110576
f79323e31.jpg,2,0,0.0871836
f79323e31.jpg,3,0,0.22052746
f79323e31.jpg,4,0,0.0051862164
f7a7afae4.jpg,1,0,0.37573943
f7a7afae4.jpg,2,0,0.1164425
f7a7afae4.jpg,3,0,0.24919675
f7a7afae4.jpg,4,0,0.010284669
f7bb5c1ba.jpg,1,0,0.012323168
f7bb5c1ba.jpg,2,0,0.0020678218
f7bb5c1ba.jpg,3,1,0.92413116
f7bb5c1ba.jpg,4,0,0.058385316
f7bfb4c30.jpg,1,0,0.27303538
f7bfb4c30.jpg,2,0,0.0051553934
f7bfb4c30.jpg,3,1,0.67519635
f7bfb4c30.jpg,4,0,0.015389229
f7c2eeb22.jpg,1,0,0.4288626
f7c2eeb22.jpg,2,0,0.013146815
f7c2eeb22.jpg,3,0,0.5073797
f7c2eeb22.jpg,4,0,0.012090382
f7c7e853c.jpg,1,0,0.102576114
f7c7e853c.jpg,2,0,0.028924897
f7c7e853c.jpg,3,1,0.86109406
f7c7e853c.jpg,4,0,0.0025409039
f7ccd962b.jpg,1,0,0.07328191
f7ccd962b.jpg,2,0,0.009211681
f7ccd962b.jpg,3,1,0.8220374
f7ccd962b.jpg,4,0,0.05901763
f7e741823.jpg,1,1,0.7092216
f7e741823.jpg,2,0,0.022362316
f7e741823.jpg,3,0,0.4296931
f7e741823.jpg,4,0,0.013910982
f7ea44b3e.jpg,1,0,0.17442954
f7ea44b3e.jpg,2,0,0.16267912
f7ea44b3e.jpg,3,0,0.5499765
f7ea44b3e.jpg,4,0,0.013251971
f7f2c2817.jpg,1,0,0.047654185
f7f2c2817.jpg,2,0,0.01840585
f7f2c2817.jpg,3,1,0.8701911
f7f2c2817.jpg,4,0,0.002041165
f7feafcae.jpg,1,0,0.018253235
f7feafcae.jpg,2,0,0.0039683315
f7feafcae.jpg,3,1,0.8244991
f7feafcae.jpg,4,0,0.016381934
f801f8701.jpg,1,0,0.14744796
f801f8701.jpg,2,0,0.0041047246
f801f8701.jpg,3,1,0.65069664
f801f8701.jpg,4,0,0.027819322
f8047f6e2.jpg,1,0,0.025462667
f8047f6e2.jpg,2,0,0.01190408
f8047f6e2.jpg,3,1,0.8862419
f8047f6e2.jpg,4,0,0.011076644
f8090e8cf.jpg,1,0,0.32783884
f8090e8cf.jpg,2,0,0.21251447
f8090e8cf.jpg,3,0,0.40761968
f8090e8cf.jpg,4,0,0.13120233
f80b6c2e0.jpg,1,0,0.07176555
f80b6c2e0.jpg,2,0,0.0068846643
f80b6c2e0.jpg,3,1,0.9000721
f80b6c2e0.jpg,4,0,0.016365498
f80ed5101.jpg,1,0,0.038069263
f80ed5101.jpg,2,0,0.004702889
f80ed5101.jpg,3,1,0.90938693
f80ed5101.jpg,4,0,0.013483115
f82b3af71.jpg,1,0,0.023665478
f82b3af71.jpg,2,0,0.01675167
f82b3af71.jpg,3,0,0.5719037
f82b3af71.jpg,4,1,0.69807345
f82d83496.jpg,1,0,0.06590104
f82d83496.jpg,2,0,0.040225573
f82d83496.jpg,3,1,0.8697832
f82d83496.jpg,4,0,0.0018478656
f8343d6d6.jpg,1,0,0.11105627
f8343d6d6.jpg,2,0,0.0070837797
f8343d6d6.jpg,3,1,0.672504
f8343d6d6.jpg,4,0,0.021944905
f83a6224d.jpg,1,0,0.044350084
f83a6224d.jpg,2,0,0.004553935
f83a6224d.jpg,3,1,0.8917353
f83a6224d.jpg,4,0,0.014212556
f83e863db.jpg,1,0,0.06250678
f83e863db.jpg,2,0,0.0301668
f83e863db.jpg,3,1,0.88100785
f83e863db.jpg,4,0,0.0023238144
f84dd1efe.jpg,1,0,0.052059103
f84dd1efe.jpg,2,0,0.039493863
f84dd1efe.jpg,3,1,0.79059464
f84dd1efe.jpg,4,0,0.029531777
f84f55075.jpg,1,0,0.028252902
f84f55075.jpg,2,0,0.004504599
f84f55075.jpg,3,1,0.6072349
f84f55075.jpg,4,0,0.020688323
f87e292a3.jpg,1,0,0.047592685
f87e292a3.jpg,2,0,0.034547046
f87e292a3.jpg,3,1,0.7888198
f87e292a3.jpg,4,0,0.11707214
f89ea01f9.jpg,1,0,0.0792303
f89ea01f9.jpg,2,0,0.01669916
f89ea01f9.jpg,3,1,0.62888515
f89ea01f9.jpg,4,0,0.2421909
f8a08a6da.jpg,1,0,0.032912616
f8a08a6da.jpg,2,0,0.006290277
f8a08a6da.jpg,3,1,0.674398
f8a08a6da.jpg,4,0,0.008857965
f8cc12cb9.jpg,1,0,0.084634036
f8cc12cb9.jpg,2,0,0.40310216
f8cc12cb9.jpg,3,0,0.5279383
f8cc12cb9.jpg,4,0,0.006133877
f8db5511b.jpg,1,1,0.6195057
f8db5511b.jpg,2,0,0.012226318
f8db5511b.jpg,3,0,0.23494339
f8db5511b.jpg,4,0,0.035646617
f8e1d1d25.jpg,1,1,0.7883148
f8e1d1d25.jpg,2,0,0.018439503
f8e1d1d25.jpg,3,0,0.13412482
f8e1d1d25.jpg,4,0,0.0032156452
f8fc470ff.jpg,1,1,0.7835242
f8fc470ff.jpg,2,0,0.024583966
f8fc470ff.jpg,3,0,0.17438632
f8fc470ff.jpg,4,0,0.025518907
f90678eeb.jpg,1,0,0.071415044
f90678eeb.jpg,2,0,0.15445866
f90678eeb.jpg,3,1,0.6543576
f90678eeb.jpg,4,0,0.033032056
f90694299.jpg,1,0,0.059927333
f90694299.jpg,2,0,0.049616903
f90694299.jpg,3,1,0.8883584
f90694299.jpg,4,0,0.0041070455
f90f559c0.jpg,1,0,0.18278544
f90f559c0.jpg,2,0,0.0053133755
f90f559c0.jpg,3,1,0.8742227
f90f559c0.jpg,4,0,0.008948525
f915d1e02.jpg,1,0,0.5014526
f915d1e02.jpg,2,0,0.013533617
f915d1e02.jpg,3,0,0.49255523
f915d1e02.jpg,4,0,0.0049018566
f917fd5d7.jpg,1,0,0.2007172
f917fd5d7.jpg,2,0,0.06228383
f917fd5d7.jpg,3,0,0.5619098
f917fd5d7.jpg,4,0,0.17251505
f922e252e.jpg,1,0,0.029320007
f922e252e.jpg,2,0,0.012900137
f922e252e.jpg,3,0,0.2062444
f922e252e.jpg,4,0,0.46624503
f9399b2df.jpg,1,0,0.47138658
f9399b2df.jpg,2,0,0.13030852
f9399b2df.jpg,3,0,0.40141842
f9399b2df.jpg,4,0,0.02076617
f942a2ac3.jpg,1,0,0.025782848
f942a2ac3.jpg,2,0,0.004051713
f942a2ac3.jpg,3,1,0.9149914
f942a2ac3.jpg,4,0,0.030231953
f9462ebef.jpg,1,0,0.029782914
f9462ebef.jpg,2,0,0.0049521164
f9462ebef.jpg,3,0,0.30521846
f9462ebef.jpg,4,1,0.87189025
f947a5bf6.jpg,1,0,0.11266921
f947a5bf6.jpg,2,0,0.015735915
f947a5bf6.jpg,3,1,0.87976503
f947a5bf6.jpg,4,0,0.011517212
f948cddb2.jpg,1,1,0.62915653
f948cddb2.jpg,2,0,0.46477357
f948cddb2.jpg,3,0,0.1516891
f948cddb2.jpg,4,0,0.004550492
f96278069.jpg,1,0,0.035175603
f96278069.jpg,2,0,0.0071129296
f96278069.jpg,3,0,0.3875157
f96278069.jpg,4,1,0.80890876
f9668a19d.jpg,1,0,0.24342562
f9668a19d.jpg,2,0,0.5885908
f9668a19d.jpg,3,0,0.32248124
f9668a19d.jpg,4,0,0.0041941605
f9669c529.jpg,1,0,0.1044037
f9669c529.jpg,2,0,0.03239545
f9669c529.jpg,3,1,0.8088985
f9669c529.jpg,4,0,0.009234649
f97e2276d.jpg,1,0,0.33633122
f97e2276d.jpg,2,0,0.36998606
f97e2276d.jpg,3,0,0.23151241
f97e2276d.jpg,4,0,0.053420573
f98450a9d.jpg,1,0,0.06360221
f98450a9d.jpg,2,0,0.0052300864
f98450a9d.jpg,3,1,0.85289973
f98450a9d.jpg,4,0,0.019609319
f99381ed5.jpg,1,0,0.17282319
f99381ed5.jpg,2,0,0.03679161
f99381ed5.jpg,3,1,0.8387279
f99381ed5.jpg,4,0,0.0037400264
f9958ff87.jpg,1,0,0.20880735
f9958ff87.jpg,2,0,0.0149487825
f9958ff87.jpg,3,0,0.53025097
f9958ff87.jpg,4,0,0.37134388
f99e57a0c.jpg,1,0,0.06221074
f99e57a0c.jpg,2,0,0.048267636
f99e57a0c.jpg,3,1,0.86913365
f99e57a0c.jpg,4,0,0.0035350642
f9a13482c.jpg,1,0,0.05044092
f9a13482c.jpg,2,0,0.03864435
f9a13482c.jpg,3,1,0.8043639
f9a13482c.jpg,4,0,0.08928439
f9a5b9bea.jpg,1,0,0.05223309
f9a5b9bea.jpg,2,0,0.031228147
f9a5b9bea.jpg,3,1,0.88436204
f9a5b9bea.jpg,4,0,0.0022106867
f9b210b0e.jpg,1,0,0.01025728
f9b210b0e.jpg,2,0,0.0016484564
f9b210b0e.jpg,3,1,0.8971165
f9b210b0e.jpg,4,0,0.09625741
f9b3e8178.jpg,1,1,0.72856736
f9b3e8178.jpg,2,0,0.051938344
f9b3e8178.jpg,3,0,0.21098053
f9b3e8178.jpg,4,0,0.0148913665
f9c2ebdcf.jpg,1,0,0.030691558
f9c2ebdcf.jpg,2,0,0.009035243
f9c2ebdcf.jpg,3,0,0.5641622
f9c2ebdcf.jpg,4,1,0.6059928
f9ccc4b77.jpg,1,0,0.0849444
f9ccc4b77.jpg,2,0,0.23459332
f9ccc4b77.jpg,3,1,0.71391505
f9ccc4b77.jpg,4,0,0.0026107428
f9d438665.jpg,1,0,0.023566939
f9d438665.jpg,2,0,0.0136397155
f9d438665.jpg,3,1,0.87960654
f9d438665.jpg,4,0,0.0067589493
f9d491d56.jpg,1,0,0.0108207045
f9d491d56.jpg,2,0,0.0024701771
f9d491d56.jpg,3,1,0.92235726
f9d491d56.jpg,4,0,0.03281654
f9f334f2a.jpg,1,0,0.13341193
f9f334f2a.jpg,2,1,0.7244485
f9f334f2a.jpg,3,0,0.15702455
f9f334f2a.jpg,4,0,0.008380546
f9fa707ee.jpg,1,0,0.05792444
f9fa707ee.jpg,2,1,0.748688
f9fa707ee.jpg,3,0,0.12665026
f9fa707ee.jpg,4,0,0.024140708
fa1c73cea.jpg,1,0,0.34038702
fa1c73cea.jpg,2,0,0.13925196
fa1c73cea.jpg,3,0,0.30501986
fa1c73cea.jpg,4,0,0.0044989944
fa2a43fe9.jpg,1,0,0.019658279
fa2a43fe9.jpg,2,0,0.0027812347
fa2a43fe9.jpg,3,1,0.87036324
fa2a43fe9.jpg,4,0,0.11828103
fa32469ab.jpg,1,0,0.40168157
fa32469ab.jpg,2,1,0.67928165
fa32469ab.jpg,3,0,0.1514524
fa32469ab.jpg,4,0,0.0060736947
fa3a2400f.jpg,1,0,0.14263092
fa3a2400f.jpg,2,0,0.31365964
fa3a2400f.jpg,3,1,0.75130886
fa3a2400f.jpg,4,0,0.0022554009
fa4e38c1a.jpg,1,0,0.10408917
fa4e38c1a.jpg,2,0,0.017452797
fa4e38c1a.jpg,3,1,0.7533982
fa4e38c1a.jpg,4,0,0.10829079
fa50419fc.jpg,1,0,0.068276145
fa50419fc.jpg,2,0,0.025705175
fa50419fc.jpg,3,1,0.7850631
fa50419fc.jpg,4,0,0.012726045
fa52724c1.jpg,1,0,0.26513168
fa52724c1.jpg,2,0,0.0041651013
fa52724c1.jpg,3,1,0.7995574
fa52724c1.jpg,4,0,0.037610404
fa5900edc.jpg,1,0,0.16403572
fa5900edc.jpg,2,0,0.052439705
fa5900edc.jpg,3,1,0.80340594
fa5900edc.jpg,4,0,0.002325238
fa6601a2d.jpg,1,0,0.07356525
fa6601a2d.jpg,2,0,0.007944686
fa6601a2d.jpg,3,1,0.85280323
fa6601a2d.jpg,4,0,0.007537831
fa93fdb9d.jpg,1,0,0.44462445
fa93fdb9d.jpg,2,0,0.007003315
fa93fdb9d.jpg,3,0,0.5433523
fa93fdb9d.jpg,4,0,0.02113034
fab1d070b.jpg,1,0,0.3908666
fab1d070b.jpg,2,0,0.36337647
fab1d070b.jpg,3,0,0.22684073
fab1d070b.jpg,4,0,0.022000851
fab6634fa.jpg,1,0,0.085017376
fab6634fa.jpg,2,0,0.01450624
fab6634fa.jpg,3,1,0.86152714
fab6634fa.jpg,4,0,0.016695082
fada4ad4a.jpg,1,0,0.10088411
fada4ad4a.jpg,2,0,0.038053837
fada4ad4a.jpg,3,0,0.5928722
fada4ad4a.jpg,4,0,0.15482871
faeac05d8.jpg,1,0,0.43108246
faeac05d8.jpg,2,0,0.11104861
faeac05d8.jpg,3,0,0.58164066
faeac05d8.jpg,4,0,0.040025268
faf6d3463.jpg,1,1,0.6390557
faf6d3463.jpg,2,0,0.011750727
faf6d3463.jpg,3,0,0.37298036
faf6d3463.jpg,4,0,0.004096326
faffb26d4.jpg,1,0,0.030504724
faffb26d4.jpg,2,0,0.005226875
faffb26d4.jpg,3,1,0.77111953
faffb26d4.jpg,4,0,0.018664515
fb0053a13.jpg,1,0,0.09704435
fb0053a13.jpg,2,0,0.007229066
fb0053a13.jpg,3,1,0.8424573
fb0053a13.jpg,4,0,0.035562105
fb0d1b25a.jpg,1,0,0.10063741
fb0d1b25a.jpg,2,0,0.021312661
fb0d1b25a.jpg,3,1,0.7963946
fb0d1b25a.jpg,4,0,0.07374421
fb0fe6bdb.jpg,1,0,0.028122075
fb0fe6bdb.jpg,2,0,0.003677522
fb0fe6bdb.jpg,3,1,0.9151175
fb0fe6bdb.jpg,4,0,0.01016526
fb1ef73f6.jpg,1,0,0.4291142
fb1ef73f6.jpg,2,0,0.47693908
fb1ef73f6.jpg,3,0,0.40989137
fb1ef73f6.jpg,4,0,0.004886841
fb22d53a6.jpg,1,0,0.04075164
fb22d53a6.jpg,2,0,0.009216708
fb22d53a6.jpg,3,1,0.8604538
fb22d53a6.jpg,4,0,0.113506295
fb2e5c028.jpg,1,1,0.7323756
fb2e5c028.jpg,2,0,0.010276581
fb2e5c028.jpg,3,0,0.5422692
fb2e5c028.jpg,4,0,0.011704336
fb4720bcd.jpg,1,0,0.2575082
fb4720bcd.jpg,2,0,0.12738205
fb4720bcd.jpg,3,1,0.67302674
fb4720bcd.jpg,4,0,0.024354747
fb47d1546.jpg,1,0,0.031883925
fb47d1546.jpg,2,0,0.00419646
fb47d1546.jpg,3,1,0.6973788
fb47d1546.jpg,4,1,0.7343595
fb5128109.jpg,1,0,0.028076952
fb5128109.jpg,2,0,0.004552726
fb5128109.jpg,3,1,0.87433106
fb5128109.jpg,4,0,0.12799107
fb52bc9fc.jpg,1,0,0.017901305
fb52bc9fc.jpg,2,0,0.0025839931
fb52bc9fc.jpg,3,1,0.92288023
fb52bc9fc.jpg,4,0,0.056353774
fb55d673e.jpg,1,0,0.3006709
fb55d673e.jpg,2,0,0.026358036
fb55d673e.jpg,3,1,0.73568803
fb55d673e.jpg,4,0,0.012577937
fb6046fe2.jpg,1,0,0.094346166
fb6046fe2.jpg,2,0,0.006461073
fb6046fe2.jpg,3,0,0.45454487
fb6046fe2.jpg,4,0,0.027885878
fb63ca30b.jpg,1,1,0.65324146
fb63ca30b.jpg,2,0,0.0054194494
fb63ca30b.jpg,3,0,0.44362506
fb63ca30b.jpg,4,0,0.024778724
fb64511b7.jpg,1,0,0.14098567
fb64511b7.jpg,2,0,0.006134055
fb64511b7.jpg,3,0,0.48677185
fb64511b7.jpg,4,0,0.3004643
fb6e8874b.jpg,1,0,0.5383798
fb6e8874b.jpg,2,0,0.015470661
fb6e8874b.jpg,3,0,0.58388317
fb6e8874b.jpg,4,0,0.012627773
fb77759fe.jpg,1,0,0.07587664
fb77759fe.jpg,2,0,0.014515066
fb77759fe.jpg,3,1,0.787347
fb77759fe.jpg,4,0,0.021802684
fb878c641.jpg,1,1,0.62828785
fb878c641.jpg,2,0,0.07538185
fb878c641.jpg,3,0,0.46541667
fb878c641.jpg,4,0,0.007504961
fb8870b74.jpg,1,0,0.04897109
fb8870b74.jpg,2,0,0.025345335
fb8870b74.jpg,3,1,0.8833813
fb8870b74.jpg,4,0,0.0011759874
fba07e4b5.jpg,1,0,0.20202719
fba07e4b5.jpg,2,0,0.03252485
fba07e4b5.jpg,3,1,0.76964265
fba07e4b5.jpg,4,0,0.040069945
fba1f02b1.jpg,1,0,0.03400743
fba1f02b1.jpg,2,0,0.0145664625
fba1f02b1.jpg,3,1,0.7517621
fba1f02b1.jpg,4,0,0.2807128
fbbd7e99f.jpg,1,0,0.11855832
fbbd7e99f.jpg,2,0,0.010050801
fbbd7e99f.jpg,3,0,0.38165116
fbbd7e99f.jpg,4,0,0.040903363
fbca0c4fb.jpg,1,0,0.03539306
fbca0c4fb.jpg,2,0,0.0031574713
fbca0c4fb.jpg,3,1,0.9476661
fbca0c4fb.jpg,4,0,0.008463815
fbd9837b8.jpg,1,0,0.03299943
fbd9837b8.jpg,2,0,0.018200776
fbd9837b8.jpg,3,1,0.88195467
fbd9837b8.jpg,4,0,0.002357425
fbda66722.jpg,1,0,0.07207002
fbda66722.jpg,2,0,0.026279723
fbda66722.jpg,3,1,0.69490355
fbda66722.jpg,4,0,0.022011697
fbe31f65a.jpg,1,0,0.04998627
fbe31f65a.jpg,2,0,0.021942975
fbe31f65a.jpg,3,0,0.5644098
fbe31f65a.jpg,4,0,0.008649121
fbea02c0e.jpg,1,0,0.031897042
fbea02c0e.jpg,2,0,0.0056732087
fbea02c0e.jpg,3,1,0.8702908
fbea02c0e.jpg,4,0,0.051542494
fbf0c871e.jpg,1,0,0.14627403
fbf0c871e.jpg,2,0,0.029756665
fbf0c871e.jpg,3,1,0.8222742
fbf0c871e.jpg,4,0,0.013209305
fbf73dccc.jpg,1,0,0.062422067
fbf73dccc.jpg,2,0,0.009033983
fbf73dccc.jpg,3,1,0.64756745
fbf73dccc.jpg,4,0,0.2776058
fbf7e0bb0.jpg,1,0,0.22023217
fbf7e0bb0.jpg,2,0,0.0045304205
fbf7e0bb0.jpg,3,1,0.62838
fbf7e0bb0.jpg,4,0,0.14884669
fc05b2532.jpg,1,0,0.117130935
fc05b2532.jpg,2,0,0.011561482
fc05b2532.jpg,3,1,0.8370564
fc05b2532.jpg,4,0,0.0033475198
fc1477b03.jpg,1,0,0.0693271
fc1477b03.jpg,2,0,0.005283102
fc1477b03.jpg,3,1,0.88489276
fc1477b03.jpg,4,0,0.008441441
fc16a84f2.jpg,1,0,0.034866925
fc16a84f2.jpg,2,0,0.017101105
fc16a84f2.jpg,3,1,0.889843
fc16a84f2.jpg,4,0,0.0028285894
fc1a8fe78.jpg,1,0,0.049759373
fc1a8fe78.jpg,2,0,0.008088493
fc1a8fe78.jpg,3,0,0.3275555
fc1a8fe78.jpg,4,1,0.7332979
fc1af699e.jpg,1,0,0.5487833
fc1af699e.jpg,2,0,0.0077464636
fc1af699e.jpg,3,1,0.6364138
fc1af699e.jpg,4,0,0.05927485
fc1dae347.jpg,1,0,0.051082503
fc1dae347.jpg,2,0,0.028936476
fc1dae347.jpg,3,1,0.8910509
fc1dae347.jpg,4,0,0.0018039104
fc214bcbc.jpg,1,0,0.029602671
fc214bcbc.jpg,2,0,0.0037103847
fc214bcbc.jpg,3,1,0.74388033
fc214bcbc.jpg,4,0,0.5122398
fc2500486.jpg,1,0,0.17915677
fc2500486.jpg,2,0,0.06886008
fc2500486.jpg,3,1,0.73259526
fc2500486.jpg,4,0,0.0054283966
fc28f7fe0.jpg,1,0,0.057076346
fc28f7fe0.jpg,2,0,0.028818043
fc28f7fe0.jpg,3,1,0.8869875
fc28f7fe0.jpg,4,0,0.0019275686
fc3c8279e.jpg,1,0,0.020917488
fc3c8279e.jpg,2,0,0.0032920253
fc3c8279e.jpg,3,1,0.878053
fc3c8279e.jpg,4,0,0.19246192
fc3ec57fb.jpg,1,0,0.06384659
fc3ec57fb.jpg,2,0,0.048687328
fc3ec57fb.jpg,3,1,0.8616871
fc3ec57fb.jpg,4,0,0.0026654017
fc5159c67.jpg,1,1,0.68399245
fc5159c67.jpg,2,0,0.029351978
fc5159c67.jpg,3,0,0.23017748
fc5159c67.jpg,4,0,0.020331383
fc659d2b3.jpg,1,0,0.06284289
fc659d2b3.jpg,2,0,0.004471753
fc659d2b3.jpg,3,1,0.67906046
fc659d2b3.jpg,4,0,0.014389086
fc6ec9b13.jpg,1,0,0.014149871
fc6ec9b13.jpg,2,0,0.01706014
fc6ec9b13.jpg,3,1,0.8989369
fc6ec9b13.jpg,4,0,0.027640095
fc70eb5d3.jpg,1,0,0.2841291
fc70eb5d3.jpg,2,0,0.16295995
fc70eb5d3.jpg,3,0,0.34208453
fc70eb5d3.jpg,4,0,0.01607955
fc83db1ae.jpg,1,0,0.28698623
fc83db1ae.jpg,2,0,0.029584935
fc83db1ae.jpg,3,0,0.5885568
fc83db1ae.jpg,4,0,0.035050597
fc923ef78.jpg,1,0,0.010596395
fc923ef78.jpg,2,0,0.0017802529
fc923ef78.jpg,3,1,0.9299962
fc923ef78.jpg,4,0,0.009227318
fc9258351.jpg,1,0,0.062306937
fc9258351.jpg,2,0,0.031581506
fc9258351.jpg,3,1,0.87620574
fc9258351.jpg,4,0,0.002426918
fc9af41b0.jpg,1,0,0.2319132
fc9af41b0.jpg,2,0,0.17518318
fc9af41b0.jpg,3,0,0.49706277
fc9af41b0.jpg,4,0,0.1295845
fc9b9483f.jpg,1,0,0.03964652
fc9b9483f.jpg,2,0,0.010142974
fc9b9483f.jpg,3,1,0.8623038
fc9b9483f.jpg,4,0,0.06413081
fc9f68319.jpg,1,0,0.0655309
fc9f68319.jpg,2,0,0.02088426
fc9f68319.jpg,3,1,0.88497514
fc9f68319.jpg,4,0,0.0089516835
fca4752c3.jpg,1,0,0.17450295
fca4752c3.jpg,2,0,0.004901322
fca4752c3.jpg,3,1,0.8187456
fca4752c3.jpg,4,0,0.01751892
fca5873cd.jpg,1,0,0.045866836
fca5873cd.jpg,2,0,0.012224176
fca5873cd.jpg,3,1,0.9046095
fca5873cd.jpg,4,0,0.0041747545
fcbc8d432.jpg,1,0,0.015403267
fcbc8d432.jpg,2,0,0.17844282
fcbc8d432.jpg,3,1,0.8999036
fcbc8d432.jpg,4,0,0.0039075934
fcbff7cb3.jpg,1,0,0.1828473
fcbff7cb3.jpg,2,1,0.6489484
fcbff7cb3.jpg,3,0,0.40499163
fcbff7cb3.jpg,4,0,0.007827033
fcc146fcb.jpg,1,0,0.047309946
fcc146fcb.jpg,2,0,0.023664484
fcc146fcb.jpg,3,1,0.87699336
fcc146fcb.jpg,4,0,0.00421991
fcf678d47.jpg,1,0,0.50690013
fcf678d47.jpg,2,0,0.0651282
fcf678d47.jpg,3,0,0.3684931
fcf678d47.jpg,4,0,0.0056039677
fcfb3a556.jpg,1,0,0.014986291
fcfb3a556.jpg,2,0,0.0025622882
fcfb3a556.jpg,3,0,0.44184256
fcfb3a556.jpg,4,1,0.79865915
fd02c88dd.jpg,1,0,0.050434683
fd02c88dd.jpg,2,0,0.034994002
fd02c88dd.jpg,3,1,0.8800437
fd02c88dd.jpg,4,0,0.0017137254
fd05df88c.jpg,1,0,0.06041803
fd05df88c.jpg,2,0,0.0042602564
fd05df88c.jpg,3,1,0.816375
fd05df88c.jpg,4,0,0.017310543
fd0e64e40.jpg,1,0,0.39551464
fd0e64e40.jpg,2,0,0.056315888
fd0e64e40.jpg,3,1,0.6305865
fd0e64e40.jpg,4,0,0.0059747524
fd15866ff.jpg,1,0,0.40741214
fd15866ff.jpg,2,0,0.17470212
fd15866ff.jpg,3,0,0.2895762
fd15866ff.jpg,4,0,0.020706339
fd1b5852b.jpg,1,0,0.041737337
fd1b5852b.jpg,2,0,0.004437345
fd1b5852b.jpg,3,1,0.84039927
fd1b5852b.jpg,4,0,0.09877778
fd27a73e1.jpg,1,0,0.041778598
fd27a73e1.jpg,2,0,0.02496696
fd27a73e1.jpg,3,1,0.89633757
fd27a73e1.jpg,4,0,0.0023633337
fd3f52e3a.jpg,1,0,0.14517935
fd3f52e3a.jpg,2,0,0.13084845
fd3f52e3a.jpg,3,0,0.3159373
fd3f52e3a.jpg,4,0,0.16848058
fd46f64a4.jpg,1,0,0.051463585
fd46f64a4.jpg,2,0,0.010302887
fd46f64a4.jpg,3,1,0.84296083
fd46f64a4.jpg,4,0,0.043477952
fd59d0f4d.jpg,1,0,0.05933168
fd59d0f4d.jpg,2,0,0.017270317
fd59d0f4d.jpg,3,1,0.66075915
fd59d0f4d.jpg,4,0,0.32212317
fd61e999d.jpg,1,0,0.40885356
fd61e999d.jpg,2,0,0.0865422
fd61e999d.jpg,3,0,0.4311868
fd61e999d.jpg,4,0,0.00182568
fd63c350a.jpg,1,0,0.040736556
fd63c350a.jpg,2,0,0.0016970747
fd63c350a.jpg,3,1,0.9521317
fd63c350a.jpg,4,0,0.0053064586
fd64a37bb.jpg,1,1,0.6428252
fd64a37bb.jpg,2,0,0.17096366
fd64a37bb.jpg,3,0,0.1672352
fd64a37bb.jpg,4,0,0.05200519
fd92267ca.jpg,1,0,0.13069193
fd92267ca.jpg,2,0,0.09880782
fd92267ca.jpg,3,0,0.5474296
fd92267ca.jpg,4,0,0.0036963504
fd93d1c6f.jpg,1,0,0.33815455
fd93d1c6f.jpg,2,0,0.005825265
fd93d1c6f.jpg,3,1,0.61951977
fd93d1c6f.jpg,4,0,0.053464387
fd9a62230.jpg,1,0,0.045808434
fd9a62230.jpg,2,0,0.053404406
fd9a62230.jpg,3,1,0.8167413
fd9a62230.jpg,4,0,0.02294976
fda34d6c7.jpg,1,0,0.02020257
fda34d6c7.jpg,2,0,0.003134337
fda34d6c7.jpg,3,0,0.44891444
fda34d6c7.jpg,4,1,0.79014355
fda661736.jpg,1,0,0.008693031
fda661736.jpg,2,0,0.0007745603
fda661736.jpg,3,1,0.63262063
fda661736.jpg,4,1,0.7803564
fdacd4806.jpg,1,0,0.17763746
fdacd4806.jpg,2,0,0.0055151633
fdacd4806.jpg,3,1,0.80437255
fdacd4806.jpg,4,0,0.0481488
fddac5412.jpg,1,0,0.03935135
fddac5412.jpg,2,0,0.012696605
fddac5412.jpg,3,0,0.46092904
fddac5412.jpg,4,1,0.73969984
fde6e2d1e.jpg,1,0,0.12577344
fde6e2d1e.jpg,2,0,0.2686626
fde6e2d1e.jpg,3,1,0.72205096
fde6e2d1e.jpg,4,0,0.004108489
fdf93ac90.jpg,1,0,0.39071766
fdf93ac90.jpg,2,0,0.40300235
fdf93ac90.jpg,3,0,0.48602995
fdf93ac90.jpg,4,0,0.0048179184
fdfab423e.jpg,1,0,0.023706133
fdfab423e.jpg,2,0,0.0046241004
fdfab423e.jpg,3,1,0.9331071
fdfab423e.jpg,4,0,0.0045789313
fe03f768e.jpg,1,0,0.101131536
fe03f768e.jpg,2,0,0.031706158
fe03f768e.jpg,3,1,0.7939016
fe03f768e.jpg,4,0,0.004662313
fe08d9dc4.jpg,1,0,0.11055524
fe08d9dc4.jpg,2,0,0.268415
fe08d9dc4.jpg,3,0,0.5649736
fe08d9dc4.jpg,4,0,0.014025223
fe1808f5e.jpg,1,0,0.05709511
fe1808f5e.jpg,2,0,0.008914691
fe1808f5e.jpg,3,1,0.9081114
fe1808f5e.jpg,4,0,0.0038957149
fe2ed6b16.jpg,1,0,0.18369614
fe2ed6b16.jpg,2,1,0.67200565
fe2ed6b16.jpg,3,0,0.2008695
fe2ed6b16.jpg,4,0,0.006190838
fe3116441.jpg,1,0,0.06189442
fe3116441.jpg,2,0,0.029438863
fe3116441.jpg,3,1,0.8954911
fe3116441.jpg,4,0,0.0022962166
fe6c10612.jpg,1,0,0.18706717
fe6c10612.jpg,2,0,0.011035476
fe6c10612.jpg,3,1,0.8435609
fe6c10612.jpg,4,0,0.001910966
fe7315df8.jpg,1,0,0.5973796
fe7315df8.jpg,2,0,0.14729637
fe7315df8.jpg,3,0,0.21687259
fe7315df8.jpg,4,0,0.0059511173
fe7cfcea7.jpg,1,0,0.58825225
fe7cfcea7.jpg,2,0,0.20257562
fe7cfcea7.jpg,3,0,0.20185089
fe7cfcea7.jpg,4,0,0.012212592
fe9dd053f.jpg,1,0,0.04127832
fe9dd053f.jpg,2,0,0.0068823393
fe9dd053f.jpg,3,0,0.4265543
fe9dd053f.jpg,4,0,0.04561006
feb0e9a05.jpg,1,0,0.19968861
feb0e9a05.jpg,2,0,0.043096647
feb0e9a05.jpg,3,1,0.7141025
feb0e9a05.jpg,4,0,0.021164581
febee322c.jpg,1,0,0.02661849
febee322c.jpg,2,0,0.045783814
febee322c.jpg,3,1,0.8690653
febee322c.jpg,4,0,0.011674362
fec39dc8f.jpg,1,0,0.0582642
fec39dc8f.jpg,2,0,0.0661917
fec39dc8f.jpg,3,1,0.71207094
fec39dc8f.jpg,4,0,0.020112775
fed4c950f.jpg,1,0,0.038010318
fed4c950f.jpg,2,0,0.02211499
fed4c950f.jpg,3,0,0.5774016
fed4c950f.jpg,4,0,0.42618322
fed9a49cc.jpg,1,1,0.6390598
fed9a49cc.jpg,2,0,0.017290939
fed9a49cc.jpg,3,0,0.41255808
fed9a49cc.jpg,4,0,0.031800885
ff18d8aa8.jpg,1,0,0.03079004
ff18d8aa8.jpg,2,0,0.0181012
ff18d8aa8.jpg,3,1,0.88129514
ff18d8aa8.jpg,4,0,0.0050780866
ff195b996.jpg,1,0,0.019132711
ff195b996.jpg,2,0,0.0019084577
ff195b996.jpg,3,1,0.66286945
ff195b996.jpg,4,1,0.6969184
ff390556f.jpg,1,0,0.06670513
ff390556f.jpg,2,0,0.0050209775
ff390556f.jpg,3,1,0.8669095
ff390556f.jpg,4,0,0.034353215
ff425374d.jpg,1,0,0.031903606
ff425374d.jpg,2,0,0.01650911
ff425374d.jpg,3,1,0.90404457
ff425374d.jpg,4,0,0.003070727
ff4d29e0d.jpg,1,0,0.012941409
ff4d29e0d.jpg,2,0,0.0019926883
ff4d29e0d.jpg,3,1,0.9402707
ff4d29e0d.jpg,4,0,0.013236586
ff4db885a.jpg,1,0,0.052403018
ff4db885a.jpg,2,0,0.0039181686
ff4db885a.jpg,3,1,0.66759044
ff4db885a.jpg,4,0,0.03152112
ff55577a8.jpg,1,0,0.16730039
ff55577a8.jpg,2,0,0.024132699
ff55577a8.jpg,3,1,0.8270913
ff55577a8.jpg,4,0,0.0111250905
ff55d7c18.jpg,1,0,0.046003472
ff55d7c18.jpg,2,0,0.012052548
ff55d7c18.jpg,3,1,0.8670574
ff55d7c18.jpg,4,0,0.02731282
ff57de822.jpg,1,0,0.032828104
ff57de822.jpg,2,0,0.010144525
ff57de822.jpg,3,1,0.6234624
ff57de822.jpg,4,0,0.0968939
ff5983d36.jpg,1,1,0.7228517
ff5983d36.jpg,2,0,0.010110133
ff5983d36.jpg,3,0,0.23746733
ff5983d36.jpg,4,0,0.027006939
ff5f30cea.jpg,1,0,0.37863013
ff5f30cea.jpg,2,0,0.16543354
ff5f30cea.jpg,3,0,0.52605474
ff5f30cea.jpg,4,0,0.005993527
ff6aa9608.jpg,1,0,0.027187044
ff6aa9608.jpg,2,0,0.0037239315
ff6aa9608.jpg,3,1,0.6816309
ff6aa9608.jpg,4,0,0.025360053
ff6b5bf9d.jpg,1,0,0.09072065
ff6b5bf9d.jpg,2,0,0.004314981
ff6b5bf9d.jpg,3,0,0.40135613
ff6b5bf9d.jpg,4,0,0.017968427
ff740a9be.jpg,1,0,0.023901843
ff740a9be.jpg,2,0,0.022569478
ff740a9be.jpg,3,0,0.47718516
ff740a9be.jpg,4,1,0.7226942
ff77b45cc.jpg,1,0,0.09908085
ff77b45cc.jpg,2,0,0.0014715946
ff77b45cc.jpg,3,1,0.8777328
ff77b45cc.jpg,4,0,0.010582272
ff82f0901.jpg,1,0,0.015369673
ff82f0901.jpg,2,0,0.0021836224
ff82f0901.jpg,3,1,0.92646986
ff82f0901.jpg,4,0,0.012530353
ff8ada2b4.jpg,1,0,0.012778726
ff8ada2b4.jpg,2,0,0.0039132712
ff8ada2b4.jpg,3,0,0.5849353
ff8ada2b4.jpg,4,1,0.69231033
ffa10f6f3.jpg,1,0,0.07190082
ffa10f6f3.jpg,2,0,0.027864285
ffa10f6f3.jpg,3,1,0.8756375
ffa10f6f3.jpg,4,0,0.0026858307
ffabb7aa2.jpg,1,0,0.19616623
ffabb7aa2.jpg,2,0,0.006533601
ffabb7aa2.jpg,3,1,0.80155724
ffabb7aa2.jpg,4,0,0.0077194325
ffaf13d96.jpg,1,0,0.061423916
ffaf13d96.jpg,2,0,0.045409027
ffaf13d96.jpg,3,1,0.86975455
ffaf13d96.jpg,4,0,0.0028037278
ffb2e783d.jpg,1,0,0.3345145
ffb2e783d.jpg,2,0,0.0077143353
ffb2e783d.jpg,3,1,0.74467707
ffb2e783d.jpg,4,0,0.0065155276
ffbf79783.jpg,1,0,0.05136542
ffbf79783.jpg,2,0,0.045106053
ffbf79783.jpg,3,1,0.86377954
ffbf79783.jpg,4,0,0.004317542
ffc9a6187.jpg,1,0,0.20788722
ffc9a6187.jpg,2,0,0.08443964
ffc9a6187.jpg,3,0,0.57719684
ffc9a6187.jpg,4,0,0.31242135
ffdb60677.jpg,1,0,0.023649774
ffdb60677.jpg,2,0,0.0030983363
ffdb60677.jpg,3,1,0.6502145
ffdb60677.jpg,4,1,0.6451368
ffe6e2da6.jpg,1,0,0.10858766
ffe6e2da6.jpg,2,0,0.48993394
ffe6e2da6.jpg,3,0,0.376991
ffe6e2da6.jpg,4,0,0.015693577
fff4fd9bb.jpg,1,0,0.03350905
fff4fd9bb.jpg,2,0,0.002740994
fff4fd9bb.jpg,3,0,0.3323967
fff4fd9bb.jpg,4,1,0.7625424
fff598023.jpg,1,0,0.0124028465
fff598023.jpg,2,0,0.0013947887
fff598023.jpg,3,1,0.9250662
fff598023.jpg,4,0,0.01479986
